sample_fp	plate	round	well	tile
/home/jovyan/spatial-technology-platform/AB/6GP002/6GP002/plate_1/input_ph/round_1/plate-1_round-1_well-A1_tile-0.nd2	1	1	A1	0
/home/jovyan/spatial-technology-platform/AB/6GP002/6GP002/plate_1/input_ph/round_1/plate-1_round-1_well-A1_tile-1.nd2	1	1	A1	1
/home/jovyan/spatial-technology-platform/AB/6GP002/6GP002/plate_1/input_ph/round_1/plate-1_round-1_well-A1_tile-2.nd2	1	1	A1	2
/home/jovyan/spatial-technology-platform/AB/6GP002/6GP002/plate_1/input_ph/round_1/plate-1_round-1_well-A1_tile-3.nd2	1	1	A1	3
/home/jovyan/spatial-technology-platform/AB/6GP002/6GP002/plate_1/input_ph/round_1/plate-1_round-1_well-A1_tile-4.nd2	1	1	A1	4
/home/jovyan/spatial-technology-platform/AB/6GP002/6GP002/plate_1/input_ph/round_1/plate-1_round-1_well-A1_tile-5.nd2	1	1	A1	5
/home/jovyan/spatial-technology-platform/AB/6GP002/6GP002/plate_1/input_ph/round_1/plate-1_round-1_well-A1_tile-6.nd2	1	1	A1	6
/home/jovyan/spatial-technology-platform/AB/6GP002/6GP002/plate_1/input_ph/round_1/plate-1_round-1_well-A1_tile-7.nd2	1	1	A1	7
/home/jovyan/spatial-technology-platform/AB/6GP002/6GP002/plate_1/input_ph/round_1/plate-1_round-1_well-A1_tile-8.nd2	1	1	A1	8
/home/jovyan/spatial-technology-platform/AB/6GP002/6GP002/plate_1/input_ph/round_1/plate-1_round-1_well-A1_tile-9.nd2	1	1	A1	9
/home/jovyan/spatial-technology-platform/AB/6GP002/6GP002/plate_1/input_ph/round_1/plate-1_round-1_well-A1_tile-10.nd2	1	1	A1	10
/home/jovyan/spatial-technology-platform/AB/6GP002/6GP002/plate_1/input_ph/round_1/plate-1_round-1_well-A1_tile-11.nd2	1	1	A1	11
/home/jovyan/spatial-technology-platform/AB/6GP002/6GP002/plate_1/input_ph/round_1/plate-1_round-1_well-A1_tile-12.nd2	1	1	A1	12
/home/jovyan/spatial-technology-platform/AB/6GP002/6GP002/plate_1/input_ph/round_1/plate-1_round-1_well-A1_tile-13.nd2	1	1	A1	13
/home/jovyan/spatial-technology-platform/AB/6GP002/6GP002/plate_1/input_ph/round_1/plate-1_round-1_well-A1_tile-14.nd2	1	1	A1	14
/home/jovyan/spatial-technology-platform/AB/6GP002/6GP002/plate_1/input_ph/round_1/plate-1_round-1_well-A1_tile-15.nd2	1	1	A1	15
/home/jovyan/spatial-technology-platform/AB/6GP002/6GP002/plate_1/input_ph/round_1/plate-1_round-1_well-A1_tile-16.nd2	1	1	A1	16
/home/jovyan/spatial-technology-platform/AB/6GP002/6GP002/plate_1/input_ph/round_1/plate-1_round-1_well-A1_tile-17.nd2	1	1	A1	17
/home/jovyan/spatial-technology-platform/AB/6GP002/6GP002/plate_1/input_ph/round_1/plate-1_round-1_well-A1_tile-18.nd2	1	1	A1	18
/home/jovyan/spatial-technology-platform/AB/6GP002/6GP002/plate_1/input_ph/round_1/plate-1_round-1_well-A1_tile-19.nd2	1	1	A1	19
/home/jovyan/spatial-technology-platform/AB/6GP002/6GP002/plate_1/input_ph/round_1/plate-1_round-1_well-A1_tile-20.nd2	1	1	A1	20
/home/jovyan/spatial-technology-platform/AB/6GP002/6GP002/plate_1/input_ph/round_1/plate-1_round-1_well-A1_tile-21.nd2	1	1	A1	21
/home/jovyan/spatial-technology-platform/AB/6GP002/6GP002/plate_1/input_ph/round_1/plate-1_round-1_well-A1_tile-22.nd2	1	1	A1	22
/home/jovyan/spatial-technology-platform/AB/6GP002/6GP002/plate_1/input_ph/round_1/plate-1_round-1_well-A1_tile-23.nd2	1	1	A1	23
/home/jovyan/spatial-technology-platform/AB/6GP002/6GP002/plate_1/input_ph/round_1/plate-1_round-1_well-A1_tile-24.nd2	1	1	A1	24
/home/jovyan/spatial-technology-platform/AB/6GP002/6GP002/plate_1/input_ph/round_1/plate-1_round-1_well-A1_tile-25.nd2	1	1	A1	25
/home/jovyan/spatial-technology-platform/AB/6GP002/6GP002/plate_1/input_ph/round_1/plate-1_round-1_well-A1_tile-26.nd2	1	1	A1	26
/home/jovyan/spatial-technology-platform/AB/6GP002/6GP002/plate_1/input_ph/round_1/plate-1_round-1_well-A1_tile-27.nd2	1	1	A1	27
/home/jovyan/spatial-technology-platform/AB/6GP002/6GP002/plate_1/input_ph/round_1/plate-1_round-1_well-A1_tile-28.nd2	1	1	A1	28
/home/jovyan/spatial-technology-platform/AB/6GP002/6GP002/plate_1/input_ph/round_1/plate-1_round-1_well-A1_tile-29.nd2	1	1	A1	29
/home/jovyan/spatial-technology-platform/AB/6GP002/6GP002/plate_1/input_ph/round_1/plate-1_round-1_well-A1_tile-30.nd2	1	1	A1	30
/home/jovyan/spatial-technology-platform/AB/6GP002/6GP002/plate_1/input_ph/round_1/plate-1_round-1_well-A1_tile-31.nd2	1	1	A1	31
/home/jovyan/spatial-technology-platform/AB/6GP002/6GP002/plate_1/input_ph/round_1/plate-1_round-1_well-A1_tile-32.nd2	1	1	A1	32
/home/jovyan/spatial-technology-platform/AB/6GP002/6GP002/plate_1/input_ph/round_1/plate-1_round-1_well-A1_tile-33.nd2	1	1	A1	33
/home/jovyan/spatial-technology-platform/AB/6GP002/6GP002/plate_1/input_ph/round_1/plate-1_round-1_well-A1_tile-34.nd2	1	1	A1	34
/home/jovyan/spatial-technology-platform/AB/6GP002/6GP002/plate_1/input_ph/round_1/plate-1_round-1_well-A1_tile-35.nd2	1	1	A1	35
/home/jovyan/spatial-technology-platform/AB/6GP002/6GP002/plate_1/input_ph/round_1/plate-1_round-1_well-A1_tile-36.nd2	1	1	A1	36
/home/jovyan/spatial-technology-platform/AB/6GP002/6GP002/plate_1/input_ph/round_1/plate-1_round-1_well-A1_tile-37.nd2	1	1	A1	37
/home/jovyan/spatial-technology-platform/AB/6GP002/6GP002/plate_1/input_ph/round_1/plate-1_round-1_well-A1_tile-38.nd2	1	1	A1	38
/home/jovyan/spatial-technology-platform/AB/6GP002/6GP002/plate_1/input_ph/round_1/plate-1_round-1_well-A1_tile-39.nd2	1	1	A1	39
/home/jovyan/spatial-technology-platform/AB/6GP002/6GP002/plate_1/input_ph/round_1/plate-1_round-1_well-A1_tile-40.nd2	1	1	A1	40
/home/jovyan/spatial-technology-platform/AB/6GP002/6GP002/plate_1/input_ph/round_1/plate-1_round-1_well-A1_tile-41.nd2	1	1	A1	41
/home/jovyan/spatial-technology-platform/AB/6GP002/6GP002/plate_1/input_ph/round_1/plate-1_round-1_well-A1_tile-42.nd2	1	1	A1	42
/home/jovyan/spatial-technology-platform/AB/6GP002/6GP002/plate_1/input_ph/round_1/plate-1_round-1_well-A1_tile-43.nd2	1	1	A1	43
/home/jovyan/spatial-technology-platform/AB/6GP002/6GP002/plate_1/input_ph/round_1/plate-1_round-1_well-A1_tile-44.nd2	1	1	A1	44
/home/jovyan/spatial-technology-platform/AB/6GP002/6GP002/plate_1/input_ph/round_1/plate-1_round-1_well-A1_tile-45.nd2	1	1	A1	45
/home/jovyan/spatial-technology-platform/AB/6GP002/6GP002/plate_1/input_ph/round_1/plate-1_round-1_well-A1_tile-46.nd2	1	1	A1	46
/home/jovyan/spatial-technology-platform/AB/6GP002/6GP002/plate_1/input_ph/round_1/plate-1_round-1_well-A1_tile-47.nd2	1	1	A1	47
/home/jovyan/spatial-technology-platform/AB/6GP002/6GP002/plate_1/input_ph/round_1/plate-1_round-1_well-A1_tile-48.nd2	1	1	A1	48
/home/jovyan/spatial-technology-platform/AB/6GP002/6GP002/plate_1/input_ph/round_1/plate-1_round-1_well-A1_tile-49.nd2	1	1	A1	49
/home/jovyan/spatial-technology-platform/AB/6GP002/6GP002/plate_1/input_ph/round_1/plate-1_round-1_well-A1_tile-50.nd2	1	1	A1	50
/home/jovyan/spatial-technology-platform/AB/6GP002/6GP002/plate_1/input_ph/round_1/plate-1_round-1_well-A1_tile-51.nd2	1	1	A1	51
/home/jovyan/spatial-technology-platform/AB/6GP002/6GP002/plate_1/input_ph/round_1/plate-1_round-1_well-A1_tile-52.nd2	1	1	A1	52
/home/jovyan/spatial-technology-platform/AB/6GP002/6GP002/plate_1/input_ph/round_1/plate-1_round-1_well-A1_tile-53.nd2	1	1	A1	53
/home/jovyan/spatial-technology-platform/AB/6GP002/6GP002/plate_1/input_ph/round_1/plate-1_round-1_well-A1_tile-54.nd2	1	1	A1	54
/home/jovyan/spatial-technology-platform/AB/6GP002/6GP002/plate_1/input_ph/round_1/plate-1_round-1_well-A1_tile-55.nd2	1	1	A1	55
/home/jovyan/spatial-technology-platform/AB/6GP002/6GP002/plate_1/input_ph/round_1/plate-1_round-1_well-A1_tile-56.nd2	1	1	A1	56
/home/jovyan/spatial-technology-platform/AB/6GP002/6GP002/plate_1/input_ph/round_1/plate-1_round-1_well-A1_tile-57.nd2	1	1	A1	57
/home/jovyan/spatial-technology-platform/AB/6GP002/6GP002/plate_1/input_ph/round_1/plate-1_round-1_well-A1_tile-58.nd2	1	1	A1	58
/home/jovyan/spatial-technology-platform/AB/6GP002/6GP002/plate_1/input_ph/round_1/plate-1_round-1_well-A1_tile-59.nd2	1	1	A1	59
/home/jovyan/spatial-technology-platform/AB/6GP002/6GP002/plate_1/input_ph/round_1/plate-1_round-1_well-A1_tile-60.nd2	1	1	A1	60
/home/jovyan/spatial-technology-platform/AB/6GP002/6GP002/plate_1/input_ph/round_1/plate-1_round-1_well-A1_tile-61.nd2	1	1	A1	61
/home/jovyan/spatial-technology-platform/AB/6GP002/6GP002/plate_1/input_ph/round_1/plate-1_round-1_well-A1_tile-62.nd2	1	1	A1	62
/home/jovyan/spatial-technology-platform/AB/6GP002/6GP002/plate_1/input_ph/round_1/plate-1_round-1_well-A1_tile-63.nd2	1	1	A1	63
/home/jovyan/spatial-technology-platform/AB/6GP002/6GP002/plate_1/input_ph/round_1/plate-1_round-1_well-A1_tile-64.nd2	1	1	A1	64
/home/jovyan/spatial-technology-platform/AB/6GP002/6GP002/plate_1/input_ph/round_1/plate-1_round-1_well-A1_tile-65.nd2	1	1	A1	65
/home/jovyan/spatial-technology-platform/AB/6GP002/6GP002/plate_1/input_ph/round_1/plate-1_round-1_well-A1_tile-66.nd2	1	1	A1	66
/home/jovyan/spatial-technology-platform/AB/6GP002/6GP002/plate_1/input_ph/round_1/plate-1_round-1_well-A1_tile-67.nd2	1	1	A1	67
/home/jovyan/spatial-technology-platform/AB/6GP002/6GP002/plate_1/input_ph/round_1/plate-1_round-1_well-A1_tile-68.nd2	1	1	A1	68
/home/jovyan/spatial-technology-platform/AB/6GP002/6GP002/plate_1/input_ph/round_1/plate-1_round-1_well-A1_tile-69.nd2	1	1	A1	69
/home/jovyan/spatial-technology-platform/AB/6GP002/6GP002/plate_1/input_ph/round_1/plate-1_round-1_well-A1_tile-70.nd2	1	1	A1	70
/home/jovyan/spatial-technology-platform/AB/6GP002/6GP002/plate_1/input_ph/round_1/plate-1_round-1_well-A1_tile-71.nd2	1	1	A1	71
/home/jovyan/spatial-technology-platform/AB/6GP002/6GP002/plate_1/input_ph/round_1/plate-1_round-1_well-A1_tile-72.nd2	1	1	A1	72
/home/jovyan/spatial-technology-platform/AB/6GP002/6GP002/plate_1/input_ph/round_1/plate-1_round-1_well-A1_tile-73.nd2	1	1	A1	73
/home/jovyan/spatial-technology-platform/AB/6GP002/6GP002/plate_1/input_ph/round_1/plate-1_round-1_well-A1_tile-74.nd2	1	1	A1	74
/home/jovyan/spatial-technology-platform/AB/6GP002/6GP002/plate_1/input_ph/round_1/plate-1_round-1_well-A1_tile-75.nd2	1	1	A1	75
/home/jovyan/spatial-technology-platform/AB/6GP002/6GP002/plate_1/input_ph/round_1/plate-1_round-1_well-A1_tile-76.nd2	1	1	A1	76
/home/jovyan/spatial-technology-platform/AB/6GP002/6GP002/plate_1/input_ph/round_1/plate-1_round-1_well-A1_tile-77.nd2	1	1	A1	77
/home/jovyan/spatial-technology-platform/AB/6GP002/6GP002/plate_1/input_ph/round_1/plate-1_round-1_well-A1_tile-78.nd2	1	1	A1	78
/home/jovyan/spatial-technology-platform/AB/6GP002/6GP002/plate_1/input_ph/round_1/plate-1_round-1_well-A1_tile-79.nd2	1	1	A1	79
/home/jovyan/spatial-technology-platform/AB/6GP002/6GP002/plate_1/input_ph/round_1/plate-1_round-1_well-A1_tile-80.nd2	1	1	A1	80
/home/jovyan/spatial-technology-platform/AB/6GP002/6GP002/plate_1/input_ph/round_1/plate-1_round-1_well-A1_tile-81.nd2	1	1	A1	81
/home/jovyan/spatial-technology-platform/AB/6GP002/6GP002/plate_1/input_ph/round_1/plate-1_round-1_well-A1_tile-82.nd2	1	1	A1	82
/home/jovyan/spatial-technology-platform/AB/6GP002/6GP002/plate_1/input_ph/round_1/plate-1_round-1_well-A1_tile-83.nd2	1	1	A1	83
/home/jovyan/spatial-technology-platform/AB/6GP002/6GP002/plate_1/input_ph/round_1/plate-1_round-1_well-A1_tile-84.nd2	1	1	A1	84
/home/jovyan/spatial-technology-platform/AB/6GP002/6GP002/plate_1/input_ph/round_1/plate-1_round-1_well-A1_tile-85.nd2	1	1	A1	85
/home/jovyan/spatial-technology-platform/AB/6GP002/6GP002/plate_1/input_ph/round_1/plate-1_round-1_well-A1_tile-86.nd2	1	1	A1	86
/home/jovyan/spatial-technology-platform/AB/6GP002/6GP002/plate_1/input_ph/round_1/plate-1_round-1_well-A1_tile-87.nd2	1	1	A1	87
/home/jovyan/spatial-technology-platform/AB/6GP002/6GP002/plate_1/input_ph/round_1/plate-1_round-1_well-A1_tile-88.nd2	1	1	A1	88
/home/jovyan/spatial-technology-platform/AB/6GP002/6GP002/plate_1/input_ph/round_1/plate-1_round-1_well-A1_tile-89.nd2	1	1	A1	89
/home/jovyan/spatial-technology-platform/AB/6GP002/6GP002/plate_1/input_ph/round_1/plate-1_round-1_well-A1_tile-90.nd2	1	1	A1	90
/home/jovyan/spatial-technology-platform/AB/6GP002/6GP002/plate_1/input_ph/round_1/plate-1_round-1_well-A1_tile-91.nd2	1	1	A1	91
/home/jovyan/spatial-technology-platform/AB/6GP002/6GP002/plate_1/input_ph/round_1/plate-1_round-1_well-A1_tile-92.nd2	1	1	A1	92
/home/jovyan/spatial-technology-platform/AB/6GP002/6GP002/plate_1/input_ph/round_1/plate-1_round-1_well-A1_tile-93.nd2	1	1	A1	93
/home/jovyan/spatial-technology-platform/AB/6GP002/6GP002/plate_1/input_ph/round_1/plate-1_round-1_well-A1_tile-94.nd2	1	1	A1	94
/home/jovyan/spatial-technology-platform/AB/6GP002/6GP002/plate_1/input_ph/round_1/plate-1_round-1_well-A1_tile-95.nd2	1	1	A1	95
/home/jovyan/spatial-technology-platform/AB/6GP002/6GP002/plate_1/input_ph/round_1/plate-1_round-1_well-A1_tile-96.nd2	1	1	A1	96
/home/jovyan/spatial-technology-platform/AB/6GP002/6GP002/plate_1/input_ph/round_1/plate-1_round-1_well-A1_tile-97.nd2	1	1	A1	97
/home/jovyan/spatial-technology-platform/AB/6GP002/6GP002/plate_1/input_ph/round_1/plate-1_round-1_well-A1_tile-98.nd2	1	1	A1	98
/home/jovyan/spatial-technology-platform/AB/6GP002/6GP002/plate_1/input_ph/round_1/plate-1_round-1_well-A1_tile-99.nd2	1	1	A1	99
/home/jovyan/spatial-technology-platform/AB/6GP002/6GP002/plate_1/input_ph/round_1/plate-1_round-1_well-A1_tile-100.nd2	1	1	A1	100
/home/jovyan/spatial-technology-platform/AB/6GP002/6GP002/plate_1/input_ph/round_1/plate-1_round-1_well-A1_tile-101.nd2	1	1	A1	101
/home/jovyan/spatial-technology-platform/AB/6GP002/6GP002/plate_1/input_ph/round_1/plate-1_round-1_well-A1_tile-102.nd2	1	1	A1	102
/home/jovyan/spatial-technology-platform/AB/6GP002/6GP002/plate_1/input_ph/round_1/plate-1_round-1_well-A1_tile-103.nd2	1	1	A1	103
/home/jovyan/spatial-technology-platform/AB/6GP002/6GP002/plate_1/input_ph/round_1/plate-1_round-1_well-A1_tile-104.nd2	1	1	A1	104
/home/jovyan/spatial-technology-platform/AB/6GP002/6GP002/plate_1/input_ph/round_1/plate-1_round-1_well-A1_tile-105.nd2	1	1	A1	105
/home/jovyan/spatial-technology-platform/AB/6GP002/6GP002/plate_1/input_ph/round_1/plate-1_round-1_well-A1_tile-106.nd2	1	1	A1	106
/home/jovyan/spatial-technology-platform/AB/6GP002/6GP002/plate_1/input_ph/round_1/plate-1_round-1_well-A1_tile-107.nd2	1	1	A1	107
/home/jovyan/spatial-technology-platform/AB/6GP002/6GP002/plate_1/input_ph/round_1/plate-1_round-1_well-A1_tile-108.nd2	1	1	A1	108
/home/jovyan/spatial-technology-platform/AB/6GP002/6GP002/plate_1/input_ph/round_1/plate-1_round-1_well-A1_tile-109.nd2	1	1	A1	109
/home/jovyan/spatial-technology-platform/AB/6GP002/6GP002/plate_1/input_ph/round_1/plate-1_round-1_well-A1_tile-110.nd2	1	1	A1	110
/home/jovyan/spatial-technology-platform/AB/6GP002/6GP002/plate_1/input_ph/round_1/plate-1_round-1_well-A1_tile-111.nd2	1	1	A1	111
/home/jovyan/spatial-technology-platform/AB/6GP002/6GP002/plate_1/input_ph/round_1/plate-1_round-1_well-A1_tile-112.nd2	1	1	A1	112
/home/jovyan/spatial-technology-platform/AB/6GP002/6GP002/plate_1/input_ph/round_1/plate-1_round-1_well-A1_tile-113.nd2	1	1	A1	113
/home/jovyan/spatial-technology-platform/AB/6GP002/6GP002/plate_1/input_ph/round_1/plate-1_round-1_well-A1_tile-114.nd2	1	1	A1	114
/home/jovyan/spatial-technology-platform/AB/6GP002/6GP002/plate_1/input_ph/round_1/plate-1_round-1_well-A1_tile-115.nd2	1	1	A1	115
/home/jovyan/spatial-technology-platform/AB/6GP002/6GP002/plate_1/input_ph/round_1/plate-1_round-1_well-A1_tile-116.nd2	1	1	A1	116
/home/jovyan/spatial-technology-platform/AB/6GP002/6GP002/plate_1/input_ph/round_1/plate-1_round-1_well-A1_tile-117.nd2	1	1	A1	117
/home/jovyan/spatial-technology-platform/AB/6GP002/6GP002/plate_1/input_ph/round_1/plate-1_round-1_well-A1_tile-118.nd2	1	1	A1	118
/home/jovyan/spatial-technology-platform/AB/6GP002/6GP002/plate_1/input_ph/round_1/plate-1_round-1_well-A1_tile-119.nd2	1	1	A1	119
/home/jovyan/spatial-technology-platform/AB/6GP002/6GP002/plate_1/input_ph/round_1/plate-1_round-1_well-A1_tile-120.nd2	1	1	A1	120
/home/jovyan/spatial-technology-platform/AB/6GP002/6GP002/plate_1/input_ph/round_1/plate-1_round-1_well-A1_tile-121.nd2	1	1	A1	121
/home/jovyan/spatial-technology-platform/AB/6GP002/6GP002/plate_1/input_ph/round_1/plate-1_round-1_well-A1_tile-122.nd2	1	1	A1	122
/home/jovyan/spatial-technology-platform/AB/6GP002/6GP002/plate_1/input_ph/round_1/plate-1_round-1_well-A1_tile-123.nd2	1	1	A1	123
/home/jovyan/spatial-technology-platform/AB/6GP002/6GP002/plate_1/input_ph/round_1/plate-1_round-1_well-A1_tile-124.nd2	1	1	A1	124
/home/jovyan/spatial-technology-platform/AB/6GP002/6GP002/plate_1/input_ph/round_1/plate-1_round-1_well-A1_tile-125.nd2	1	1	A1	125
/home/jovyan/spatial-technology-platform/AB/6GP002/6GP002/plate_1/input_ph/round_1/plate-1_round-1_well-A1_tile-126.nd2	1	1	A1	126
/home/jovyan/spatial-technology-platform/AB/6GP002/6GP002/plate_1/input_ph/round_1/plate-1_round-1_well-A1_tile-127.nd2	1	1	A1	127
/home/jovyan/spatial-technology-platform/AB/6GP002/6GP002/plate_1/input_ph/round_1/plate-1_round-1_well-A1_tile-128.nd2	1	1	A1	128
/home/jovyan/spatial-technology-platform/AB/6GP002/6GP002/plate_1/input_ph/round_1/plate-1_round-1_well-A1_tile-129.nd2	1	1	A1	129
/home/jovyan/spatial-technology-platform/AB/6GP002/6GP002/plate_1/input_ph/round_1/plate-1_round-1_well-A1_tile-130.nd2	1	1	A1	130
/home/jovyan/spatial-technology-platform/AB/6GP002/6GP002/plate_1/input_ph/round_1/plate-1_round-1_well-A1_tile-131.nd2	1	1	A1	131
/home/jovyan/spatial-technology-platform/AB/6GP002/6GP002/plate_1/input_ph/round_1/plate-1_round-1_well-A1_tile-132.nd2	1	1	A1	132
/home/jovyan/spatial-technology-platform/AB/6GP002/6GP002/plate_1/input_ph/round_1/plate-1_round-1_well-A1_tile-133.nd2	1	1	A1	133
/home/jovyan/spatial-technology-platform/AB/6GP002/6GP002/plate_1/input_ph/round_1/plate-1_round-1_well-A1_tile-134.nd2	1	1	A1	134
/home/jovyan/spatial-technology-platform/AB/6GP002/6GP002/plate_1/input_ph/round_1/plate-1_round-1_well-A1_tile-135.nd2	1	1	A1	135
/home/jovyan/spatial-technology-platform/AB/6GP002/6GP002/plate_1/input_ph/round_1/plate-1_round-1_well-A1_tile-136.nd2	1	1	A1	136
/home/jovyan/spatial-technology-platform/AB/6GP002/6GP002/plate_1/input_ph/round_1/plate-1_round-1_well-A1_tile-137.nd2	1	1	A1	137
/home/jovyan/spatial-technology-platform/AB/6GP002/6GP002/plate_1/input_ph/round_1/plate-1_round-1_well-A1_tile-138.nd2	1	1	A1	138
/home/jovyan/spatial-technology-platform/AB/6GP002/6GP002/plate_1/input_ph/round_1/plate-1_round-1_well-A1_tile-139.nd2	1	1	A1	139
/home/jovyan/spatial-technology-platform/AB/6GP002/6GP002/plate_1/input_ph/round_1/plate-1_round-1_well-A1_tile-140.nd2	1	1	A1	140
/home/jovyan/spatial-technology-platform/AB/6GP002/6GP002/plate_1/input_ph/round_1/plate-1_round-1_well-A1_tile-141.nd2	1	1	A1	141
/home/jovyan/spatial-technology-platform/AB/6GP002/6GP002/plate_1/input_ph/round_1/plate-1_round-1_well-A1_tile-142.nd2	1	1	A1	142
/home/jovyan/spatial-technology-platform/AB/6GP002/6GP002/plate_1/input_ph/round_1/plate-1_round-1_well-A1_tile-143.nd2	1	1	A1	143
/home/jovyan/spatial-technology-platform/AB/6GP002/6GP002/plate_1/input_ph/round_1/plate-1_round-1_well-A1_tile-144.nd2	1	1	A1	144
/home/jovyan/spatial-technology-platform/AB/6GP002/6GP002/plate_1/input_ph/round_1/plate-1_round-1_well-A1_tile-145.nd2	1	1	A1	145
/home/jovyan/spatial-technology-platform/AB/6GP002/6GP002/plate_1/input_ph/round_1/plate-1_round-1_well-A1_tile-146.nd2	1	1	A1	146
/home/jovyan/spatial-technology-platform/AB/6GP002/6GP002/plate_1/input_ph/round_1/plate-1_round-1_well-A1_tile-147.nd2	1	1	A1	147
/home/jovyan/spatial-technology-platform/AB/6GP002/6GP002/plate_1/input_ph/round_1/plate-1_round-1_well-A1_tile-148.nd2	1	1	A1	148
/home/jovyan/spatial-technology-platform/AB/6GP002/6GP002/plate_1/input_ph/round_1/plate-1_round-1_well-A1_tile-149.nd2	1	1	A1	149
/home/jovyan/spatial-technology-platform/AB/6GP002/6GP002/plate_1/input_ph/round_1/plate-1_round-1_well-A1_tile-150.nd2	1	1	A1	150
/home/jovyan/spatial-technology-platform/AB/6GP002/6GP002/plate_1/input_ph/round_1/plate-1_round-1_well-A1_tile-151.nd2	1	1	A1	151
/home/jovyan/spatial-technology-platform/AB/6GP002/6GP002/plate_1/input_ph/round_1/plate-1_round-1_well-A1_tile-152.nd2	1	1	A1	152
/home/jovyan/spatial-technology-platform/AB/6GP002/6GP002/plate_1/input_ph/round_1/plate-1_round-1_well-A1_tile-153.nd2	1	1	A1	153
/home/jovyan/spatial-technology-platform/AB/6GP002/6GP002/plate_1/input_ph/round_1/plate-1_round-1_well-A1_tile-154.nd2	1	1	A1	154
/home/jovyan/spatial-technology-platform/AB/6GP002/6GP002/plate_1/input_ph/round_1/plate-1_round-1_well-A1_tile-155.nd2	1	1	A1	155
/home/jovyan/spatial-technology-platform/AB/6GP002/6GP002/plate_1/input_ph/round_1/plate-1_round-1_well-A1_tile-156.nd2	1	1	A1	156
/home/jovyan/spatial-technology-platform/AB/6GP002/6GP002/plate_1/input_ph/round_1/plate-1_round-1_well-A1_tile-157.nd2	1	1	A1	157
/home/jovyan/spatial-technology-platform/AB/6GP002/6GP002/plate_1/input_ph/round_1/plate-1_round-1_well-A1_tile-158.nd2	1	1	A1	158
/home/jovyan/spatial-technology-platform/AB/6GP002/6GP002/plate_1/input_ph/round_1/plate-1_round-1_well-A1_tile-159.nd2	1	1	A1	159
/home/jovyan/spatial-technology-platform/AB/6GP002/6GP002/plate_1/input_ph/round_1/plate-1_round-1_well-A1_tile-160.nd2	1	1	A1	160
/home/jovyan/spatial-technology-platform/AB/6GP002/6GP002/plate_1/input_ph/round_1/plate-1_round-1_well-A1_tile-161.nd2	1	1	A1	161
/home/jovyan/spatial-technology-platform/AB/6GP002/6GP002/plate_1/input_ph/round_1/plate-1_round-1_well-A1_tile-162.nd2	1	1	A1	162
/home/jovyan/spatial-technology-platform/AB/6GP002/6GP002/plate_1/input_ph/round_1/plate-1_round-1_well-A1_tile-163.nd2	1	1	A1	163
/home/jovyan/spatial-technology-platform/AB/6GP002/6GP002/plate_1/input_ph/round_1/plate-1_round-1_well-A1_tile-164.nd2	1	1	A1	164
/home/jovyan/spatial-technology-platform/AB/6GP002/6GP002/plate_1/input_ph/round_1/plate-1_round-1_well-A1_tile-165.nd2	1	1	A1	165
/home/jovyan/spatial-technology-platform/AB/6GP002/6GP002/plate_1/input_ph/round_1/plate-1_round-1_well-A1_tile-166.nd2	1	1	A1	166
/home/jovyan/spatial-technology-platform/AB/6GP002/6GP002/plate_1/input_ph/round_1/plate-1_round-1_well-A1_tile-167.nd2	1	1	A1	167
/home/jovyan/spatial-technology-platform/AB/6GP002/6GP002/plate_1/input_ph/round_1/plate-1_round-1_well-A1_tile-168.nd2	1	1	A1	168
/home/jovyan/spatial-technology-platform/AB/6GP002/6GP002/plate_1/input_ph/round_1/plate-1_round-1_well-A1_tile-169.nd2	1	1	A1	169
/home/jovyan/spatial-technology-platform/AB/6GP002/6GP002/plate_1/input_ph/round_1/plate-1_round-1_well-A1_tile-170.nd2	1	1	A1	170
/home/jovyan/spatial-technology-platform/AB/6GP002/6GP002/plate_1/input_ph/round_1/plate-1_round-1_well-A1_tile-171.nd2	1	1	A1	171
/home/jovyan/spatial-technology-platform/AB/6GP002/6GP002/plate_1/input_ph/round_1/plate-1_round-1_well-A1_tile-172.nd2	1	1	A1	172
/home/jovyan/spatial-technology-platform/AB/6GP002/6GP002/plate_1/input_ph/round_1/plate-1_round-1_well-A1_tile-173.nd2	1	1	A1	173
/home/jovyan/spatial-technology-platform/AB/6GP002/6GP002/plate_1/input_ph/round_1/plate-1_round-1_well-A1_tile-174.nd2	1	1	A1	174
/home/jovyan/spatial-technology-platform/AB/6GP002/6GP002/plate_1/input_ph/round_1/plate-1_round-1_well-A1_tile-175.nd2	1	1	A1	175
/home/jovyan/spatial-technology-platform/AB/6GP002/6GP002/plate_1/input_ph/round_1/plate-1_round-1_well-A1_tile-176.nd2	1	1	A1	176
/home/jovyan/spatial-technology-platform/AB/6GP002/6GP002/plate_1/input_ph/round_1/plate-1_round-1_well-A1_tile-177.nd2	1	1	A1	177
/home/jovyan/spatial-technology-platform/AB/6GP002/6GP002/plate_1/input_ph/round_1/plate-1_round-1_well-A1_tile-178.nd2	1	1	A1	178
/home/jovyan/spatial-technology-platform/AB/6GP002/6GP002/plate_1/input_ph/round_1/plate-1_round-1_well-A1_tile-179.nd2	1	1	A1	179
/home/jovyan/spatial-technology-platform/AB/6GP002/6GP002/plate_1/input_ph/round_1/plate-1_round-1_well-A1_tile-180.nd2	1	1	A1	180
/home/jovyan/spatial-technology-platform/AB/6GP002/6GP002/plate_1/input_ph/round_1/plate-1_round-1_well-A1_tile-181.nd2	1	1	A1	181
/home/jovyan/spatial-technology-platform/AB/6GP002/6GP002/plate_1/input_ph/round_1/plate-1_round-1_well-A1_tile-182.nd2	1	1	A1	182
/home/jovyan/spatial-technology-platform/AB/6GP002/6GP002/plate_1/input_ph/round_1/plate-1_round-1_well-A1_tile-183.nd2	1	1	A1	183
/home/jovyan/spatial-technology-platform/AB/6GP002/6GP002/plate_1/input_ph/round_1/plate-1_round-1_well-A1_tile-184.nd2	1	1	A1	184
/home/jovyan/spatial-technology-platform/AB/6GP002/6GP002/plate_1/input_ph/round_1/plate-1_round-1_well-A1_tile-185.nd2	1	1	A1	185
/home/jovyan/spatial-technology-platform/AB/6GP002/6GP002/plate_1/input_ph/round_1/plate-1_round-1_well-A1_tile-186.nd2	1	1	A1	186
/home/jovyan/spatial-technology-platform/AB/6GP002/6GP002/plate_1/input_ph/round_1/plate-1_round-1_well-A1_tile-187.nd2	1	1	A1	187
/home/jovyan/spatial-technology-platform/AB/6GP002/6GP002/plate_1/input_ph/round_1/plate-1_round-1_well-A1_tile-188.nd2	1	1	A1	188
/home/jovyan/spatial-technology-platform/AB/6GP002/6GP002/plate_1/input_ph/round_1/plate-1_round-1_well-A1_tile-189.nd2	1	1	A1	189
/home/jovyan/spatial-technology-platform/AB/6GP002/6GP002/plate_1/input_ph/round_1/plate-1_round-1_well-A1_tile-190.nd2	1	1	A1	190
/home/jovyan/spatial-technology-platform/AB/6GP002/6GP002/plate_1/input_ph/round_1/plate-1_round-1_well-A1_tile-191.nd2	1	1	A1	191
/home/jovyan/spatial-technology-platform/AB/6GP002/6GP002/plate_1/input_ph/round_1/plate-1_round-1_well-A1_tile-192.nd2	1	1	A1	192
/home/jovyan/spatial-technology-platform/AB/6GP002/6GP002/plate_1/input_ph/round_1/plate-1_round-1_well-A1_tile-193.nd2	1	1	A1	193
/home/jovyan/spatial-technology-platform/AB/6GP002/6GP002/plate_1/input_ph/round_1/plate-1_round-1_well-A1_tile-194.nd2	1	1	A1	194
/home/jovyan/spatial-technology-platform/AB/6GP002/6GP002/plate_1/input_ph/round_1/plate-1_round-1_well-A1_tile-195.nd2	1	1	A1	195
/home/jovyan/spatial-technology-platform/AB/6GP002/6GP002/plate_1/input_ph/round_1/plate-1_round-1_well-A1_tile-196.nd2	1	1	A1	196
/home/jovyan/spatial-technology-platform/AB/6GP002/6GP002/plate_1/input_ph/round_1/plate-1_round-1_well-A1_tile-197.nd2	1	1	A1	197
/home/jovyan/spatial-technology-platform/AB/6GP002/6GP002/plate_1/input_ph/round_1/plate-1_round-1_well-A1_tile-198.nd2	1	1	A1	198
/home/jovyan/spatial-technology-platform/AB/6GP002/6GP002/plate_1/input_ph/round_1/plate-1_round-1_well-A1_tile-199.nd2	1	1	A1	199
/home/jovyan/spatial-technology-platform/AB/6GP002/6GP002/plate_1/input_ph/round_1/plate-1_round-1_well-A1_tile-200.nd2	1	1	A1	200
/home/jovyan/spatial-technology-platform/AB/6GP002/6GP002/plate_1/input_ph/round_1/plate-1_round-1_well-A1_tile-201.nd2	1	1	A1	201
/home/jovyan/spatial-technology-platform/AB/6GP002/6GP002/plate_1/input_ph/round_1/plate-1_round-1_well-A1_tile-202.nd2	1	1	A1	202
/home/jovyan/spatial-technology-platform/AB/6GP002/6GP002/plate_1/input_ph/round_1/plate-1_round-1_well-A1_tile-203.nd2	1	1	A1	203
/home/jovyan/spatial-technology-platform/AB/6GP002/6GP002/plate_1/input_ph/round_1/plate-1_round-1_well-A1_tile-204.nd2	1	1	A1	204
/home/jovyan/spatial-technology-platform/AB/6GP002/6GP002/plate_1/input_ph/round_1/plate-1_round-1_well-A1_tile-205.nd2	1	1	A1	205
/home/jovyan/spatial-technology-platform/AB/6GP002/6GP002/plate_1/input_ph/round_1/plate-1_round-1_well-A1_tile-206.nd2	1	1	A1	206
/home/jovyan/spatial-technology-platform/AB/6GP002/6GP002/plate_1/input_ph/round_1/plate-1_round-1_well-A1_tile-207.nd2	1	1	A1	207
/home/jovyan/spatial-technology-platform/AB/6GP002/6GP002/plate_1/input_ph/round_1/plate-1_round-1_well-A1_tile-208.nd2	1	1	A1	208
/home/jovyan/spatial-technology-platform/AB/6GP002/6GP002/plate_1/input_ph/round_1/plate-1_round-1_well-A1_tile-209.nd2	1	1	A1	209
/home/jovyan/spatial-technology-platform/AB/6GP002/6GP002/plate_1/input_ph/round_1/plate-1_round-1_well-A1_tile-210.nd2	1	1	A1	210
/home/jovyan/spatial-technology-platform/AB/6GP002/6GP002/plate_1/input_ph/round_1/plate-1_round-1_well-A1_tile-211.nd2	1	1	A1	211
/home/jovyan/spatial-technology-platform/AB/6GP002/6GP002/plate_1/input_ph/round_1/plate-1_round-1_well-A1_tile-212.nd2	1	1	A1	212
/home/jovyan/spatial-technology-platform/AB/6GP002/6GP002/plate_1/input_ph/round_1/plate-1_round-1_well-A1_tile-213.nd2	1	1	A1	213
/home/jovyan/spatial-technology-platform/AB/6GP002/6GP002/plate_1/input_ph/round_1/plate-1_round-1_well-A1_tile-214.nd2	1	1	A1	214
/home/jovyan/spatial-technology-platform/AB/6GP002/6GP002/plate_1/input_ph/round_1/plate-1_round-1_well-A1_tile-215.nd2	1	1	A1	215
/home/jovyan/spatial-technology-platform/AB/6GP002/6GP002/plate_1/input_ph/round_1/plate-1_round-1_well-A1_tile-216.nd2	1	1	A1	216
/home/jovyan/spatial-technology-platform/AB/6GP002/6GP002/plate_1/input_ph/round_1/plate-1_round-1_well-A1_tile-217.nd2	1	1	A1	217
/home/jovyan/spatial-technology-platform/AB/6GP002/6GP002/plate_1/input_ph/round_1/plate-1_round-1_well-A1_tile-218.nd2	1	1	A1	218
/home/jovyan/spatial-technology-platform/AB/6GP002/6GP002/plate_1/input_ph/round_1/plate-1_round-1_well-A1_tile-219.nd2	1	1	A1	219
/home/jovyan/spatial-technology-platform/AB/6GP002/6GP002/plate_1/input_ph/round_1/plate-1_round-1_well-A1_tile-220.nd2	1	1	A1	220
/home/jovyan/spatial-technology-platform/AB/6GP002/6GP002/plate_1/input_ph/round_1/plate-1_round-1_well-A1_tile-221.nd2	1	1	A1	221
/home/jovyan/spatial-technology-platform/AB/6GP002/6GP002/plate_1/input_ph/round_1/plate-1_round-1_well-A1_tile-222.nd2	1	1	A1	222
/home/jovyan/spatial-technology-platform/AB/6GP002/6GP002/plate_1/input_ph/round_1/plate-1_round-1_well-A1_tile-223.nd2	1	1	A1	223
/home/jovyan/spatial-technology-platform/AB/6GP002/6GP002/plate_1/input_ph/round_1/plate-1_round-1_well-A1_tile-224.nd2	1	1	A1	224
/home/jovyan/spatial-technology-platform/AB/6GP002/6GP002/plate_1/input_ph/round_1/plate-1_round-1_well-A1_tile-225.nd2	1	1	A1	225
/home/jovyan/spatial-technology-platform/AB/6GP002/6GP002/plate_1/input_ph/round_1/plate-1_round-1_well-A1_tile-226.nd2	1	1	A1	226
/home/jovyan/spatial-technology-platform/AB/6GP002/6GP002/plate_1/input_ph/round_1/plate-1_round-1_well-A1_tile-227.nd2	1	1	A1	227
/home/jovyan/spatial-technology-platform/AB/6GP002/6GP002/plate_1/input_ph/round_1/plate-1_round-1_well-A1_tile-228.nd2	1	1	A1	228
/home/jovyan/spatial-technology-platform/AB/6GP002/6GP002/plate_1/input_ph/round_1/plate-1_round-1_well-A1_tile-229.nd2	1	1	A1	229
/home/jovyan/spatial-technology-platform/AB/6GP002/6GP002/plate_1/input_ph/round_1/plate-1_round-1_well-A1_tile-230.nd2	1	1	A1	230
/home/jovyan/spatial-technology-platform/AB/6GP002/6GP002/plate_1/input_ph/round_1/plate-1_round-1_well-A1_tile-231.nd2	1	1	A1	231
/home/jovyan/spatial-technology-platform/AB/6GP002/6GP002/plate_1/input_ph/round_1/plate-1_round-1_well-A1_tile-232.nd2	1	1	A1	232
/home/jovyan/spatial-technology-platform/AB/6GP002/6GP002/plate_1/input_ph/round_1/plate-1_round-1_well-A1_tile-233.nd2	1	1	A1	233
/home/jovyan/spatial-technology-platform/AB/6GP002/6GP002/plate_1/input_ph/round_1/plate-1_round-1_well-A1_tile-234.nd2	1	1	A1	234
/home/jovyan/spatial-technology-platform/AB/6GP002/6GP002/plate_1/input_ph/round_1/plate-1_round-1_well-A1_tile-235.nd2	1	1	A1	235
/home/jovyan/spatial-technology-platform/AB/6GP002/6GP002/plate_1/input_ph/round_1/plate-1_round-1_well-A1_tile-236.nd2	1	1	A1	236
/home/jovyan/spatial-technology-platform/AB/6GP002/6GP002/plate_1/input_ph/round_1/plate-1_round-1_well-A1_tile-237.nd2	1	1	A1	237
/home/jovyan/spatial-technology-platform/AB/6GP002/6GP002/plate_1/input_ph/round_1/plate-1_round-1_well-A1_tile-238.nd2	1	1	A1	238
/home/jovyan/spatial-technology-platform/AB/6GP002/6GP002/plate_1/input_ph/round_1/plate-1_round-1_well-A1_tile-239.nd2	1	1	A1	239
/home/jovyan/spatial-technology-platform/AB/6GP002/6GP002/plate_1/input_ph/round_1/plate-1_round-1_well-A1_tile-240.nd2	1	1	A1	240
/home/jovyan/spatial-technology-platform/AB/6GP002/6GP002/plate_1/input_ph/round_1/plate-1_round-1_well-A1_tile-241.nd2	1	1	A1	241
/home/jovyan/spatial-technology-platform/AB/6GP002/6GP002/plate_1/input_ph/round_1/plate-1_round-1_well-A1_tile-242.nd2	1	1	A1	242
/home/jovyan/spatial-technology-platform/AB/6GP002/6GP002/plate_1/input_ph/round_1/plate-1_round-1_well-A1_tile-243.nd2	1	1	A1	243
/home/jovyan/spatial-technology-platform/AB/6GP002/6GP002/plate_1/input_ph/round_1/plate-1_round-1_well-A1_tile-244.nd2	1	1	A1	244
/home/jovyan/spatial-technology-platform/AB/6GP002/6GP002/plate_1/input_ph/round_1/plate-1_round-1_well-A1_tile-245.nd2	1	1	A1	245
/home/jovyan/spatial-technology-platform/AB/6GP002/6GP002/plate_1/input_ph/round_1/plate-1_round-1_well-A1_tile-246.nd2	1	1	A1	246
/home/jovyan/spatial-technology-platform/AB/6GP002/6GP002/plate_1/input_ph/round_1/plate-1_round-1_well-A1_tile-247.nd2	1	1	A1	247
/home/jovyan/spatial-technology-platform/AB/6GP002/6GP002/plate_1/input_ph/round_1/plate-1_round-1_well-A1_tile-248.nd2	1	1	A1	248
/home/jovyan/spatial-technology-platform/AB/6GP002/6GP002/plate_1/input_ph/round_1/plate-1_round-1_well-A1_tile-249.nd2	1	1	A1	249
/home/jovyan/spatial-technology-platform/AB/6GP002/6GP002/plate_1/input_ph/round_1/plate-1_round-1_well-A1_tile-250.nd2	1	1	A1	250
/home/jovyan/spatial-technology-platform/AB/6GP002/6GP002/plate_1/input_ph/round_1/plate-1_round-1_well-A1_tile-251.nd2	1	1	A1	251
/home/jovyan/spatial-technology-platform/AB/6GP002/6GP002/plate_1/input_ph/round_1/plate-1_round-1_well-A1_tile-252.nd2	1	1	A1	252
/home/jovyan/spatial-technology-platform/AB/6GP002/6GP002/plate_1/input_ph/round_1/plate-1_round-1_well-A1_tile-253.nd2	1	1	A1	253
/home/jovyan/spatial-technology-platform/AB/6GP002/6GP002/plate_1/input_ph/round_1/plate-1_round-1_well-A1_tile-254.nd2	1	1	A1	254
/home/jovyan/spatial-technology-platform/AB/6GP002/6GP002/plate_1/input_ph/round_1/plate-1_round-1_well-A1_tile-255.nd2	1	1	A1	255
/home/jovyan/spatial-technology-platform/AB/6GP002/6GP002/plate_1/input_ph/round_1/plate-1_round-1_well-A1_tile-256.nd2	1	1	A1	256
/home/jovyan/spatial-technology-platform/AB/6GP002/6GP002/plate_1/input_ph/round_1/plate-1_round-1_well-A1_tile-257.nd2	1	1	A1	257
/home/jovyan/spatial-technology-platform/AB/6GP002/6GP002/plate_1/input_ph/round_1/plate-1_round-1_well-A1_tile-258.nd2	1	1	A1	258
/home/jovyan/spatial-technology-platform/AB/6GP002/6GP002/plate_1/input_ph/round_1/plate-1_round-1_well-A1_tile-259.nd2	1	1	A1	259
/home/jovyan/spatial-technology-platform/AB/6GP002/6GP002/plate_1/input_ph/round_1/plate-1_round-1_well-A1_tile-260.nd2	1	1	A1	260
/home/jovyan/spatial-technology-platform/AB/6GP002/6GP002/plate_1/input_ph/round_1/plate-1_round-1_well-A1_tile-261.nd2	1	1	A1	261
/home/jovyan/spatial-technology-platform/AB/6GP002/6GP002/plate_1/input_ph/round_1/plate-1_round-1_well-A1_tile-262.nd2	1	1	A1	262
/home/jovyan/spatial-technology-platform/AB/6GP002/6GP002/plate_1/input_ph/round_1/plate-1_round-1_well-A1_tile-263.nd2	1	1	A1	263
/home/jovyan/spatial-technology-platform/AB/6GP002/6GP002/plate_1/input_ph/round_1/plate-1_round-1_well-A1_tile-264.nd2	1	1	A1	264
/home/jovyan/spatial-technology-platform/AB/6GP002/6GP002/plate_1/input_ph/round_1/plate-1_round-1_well-A1_tile-265.nd2	1	1	A1	265
/home/jovyan/spatial-technology-platform/AB/6GP002/6GP002/plate_1/input_ph/round_1/plate-1_round-1_well-A1_tile-266.nd2	1	1	A1	266
/home/jovyan/spatial-technology-platform/AB/6GP002/6GP002/plate_1/input_ph/round_1/plate-1_round-1_well-A1_tile-267.nd2	1	1	A1	267
/home/jovyan/spatial-technology-platform/AB/6GP002/6GP002/plate_1/input_ph/round_1/plate-1_round-1_well-A1_tile-268.nd2	1	1	A1	268
/home/jovyan/spatial-technology-platform/AB/6GP002/6GP002/plate_1/input_ph/round_1/plate-1_round-1_well-A1_tile-269.nd2	1	1	A1	269
/home/jovyan/spatial-technology-platform/AB/6GP002/6GP002/plate_1/input_ph/round_1/plate-1_round-1_well-A1_tile-270.nd2	1	1	A1	270
/home/jovyan/spatial-technology-platform/AB/6GP002/6GP002/plate_1/input_ph/round_1/plate-1_round-1_well-A1_tile-271.nd2	1	1	A1	271
/home/jovyan/spatial-technology-platform/AB/6GP002/6GP002/plate_1/input_ph/round_1/plate-1_round-1_well-A1_tile-272.nd2	1	1	A1	272
/home/jovyan/spatial-technology-platform/AB/6GP002/6GP002/plate_1/input_ph/round_1/plate-1_round-1_well-A1_tile-273.nd2	1	1	A1	273
/home/jovyan/spatial-technology-platform/AB/6GP002/6GP002/plate_1/input_ph/round_1/plate-1_round-1_well-A1_tile-274.nd2	1	1	A1	274
/home/jovyan/spatial-technology-platform/AB/6GP002/6GP002/plate_1/input_ph/round_1/plate-1_round-1_well-A1_tile-275.nd2	1	1	A1	275
/home/jovyan/spatial-technology-platform/AB/6GP002/6GP002/plate_1/input_ph/round_1/plate-1_round-1_well-A1_tile-276.nd2	1	1	A1	276
/home/jovyan/spatial-technology-platform/AB/6GP002/6GP002/plate_1/input_ph/round_1/plate-1_round-1_well-A1_tile-277.nd2	1	1	A1	277
/home/jovyan/spatial-technology-platform/AB/6GP002/6GP002/plate_1/input_ph/round_1/plate-1_round-1_well-A1_tile-278.nd2	1	1	A1	278
/home/jovyan/spatial-technology-platform/AB/6GP002/6GP002/plate_1/input_ph/round_1/plate-1_round-1_well-A1_tile-279.nd2	1	1	A1	279
/home/jovyan/spatial-technology-platform/AB/6GP002/6GP002/plate_1/input_ph/round_1/plate-1_round-1_well-A1_tile-280.nd2	1	1	A1	280
/home/jovyan/spatial-technology-platform/AB/6GP002/6GP002/plate_1/input_ph/round_1/plate-1_round-1_well-A1_tile-281.nd2	1	1	A1	281
/home/jovyan/spatial-technology-platform/AB/6GP002/6GP002/plate_1/input_ph/round_1/plate-1_round-1_well-A1_tile-282.nd2	1	1	A1	282
/home/jovyan/spatial-technology-platform/AB/6GP002/6GP002/plate_1/input_ph/round_1/plate-1_round-1_well-A1_tile-283.nd2	1	1	A1	283
/home/jovyan/spatial-technology-platform/AB/6GP002/6GP002/plate_1/input_ph/round_1/plate-1_round-1_well-A1_tile-284.nd2	1	1	A1	284
/home/jovyan/spatial-technology-platform/AB/6GP002/6GP002/plate_1/input_ph/round_1/plate-1_round-1_well-A1_tile-285.nd2	1	1	A1	285
/home/jovyan/spatial-technology-platform/AB/6GP002/6GP002/plate_1/input_ph/round_1/plate-1_round-1_well-A1_tile-286.nd2	1	1	A1	286
/home/jovyan/spatial-technology-platform/AB/6GP002/6GP002/plate_1/input_ph/round_1/plate-1_round-1_well-A1_tile-287.nd2	1	1	A1	287
/home/jovyan/spatial-technology-platform/AB/6GP002/6GP002/plate_1/input_ph/round_1/plate-1_round-1_well-A1_tile-288.nd2	1	1	A1	288
/home/jovyan/spatial-technology-platform/AB/6GP002/6GP002/plate_1/input_ph/round_1/plate-1_round-1_well-A1_tile-289.nd2	1	1	A1	289
/home/jovyan/spatial-technology-platform/AB/6GP002/6GP002/plate_1/input_ph/round_1/plate-1_round-1_well-A1_tile-290.nd2	1	1	A1	290
/home/jovyan/spatial-technology-platform/AB/6GP002/6GP002/plate_1/input_ph/round_1/plate-1_round-1_well-A1_tile-291.nd2	1	1	A1	291
/home/jovyan/spatial-technology-platform/AB/6GP002/6GP002/plate_1/input_ph/round_1/plate-1_round-1_well-A1_tile-292.nd2	1	1	A1	292
/home/jovyan/spatial-technology-platform/AB/6GP002/6GP002/plate_1/input_ph/round_1/plate-1_round-1_well-A1_tile-293.nd2	1	1	A1	293
/home/jovyan/spatial-technology-platform/AB/6GP002/6GP002/plate_1/input_ph/round_1/plate-1_round-1_well-A1_tile-294.nd2	1	1	A1	294
/home/jovyan/spatial-technology-platform/AB/6GP002/6GP002/plate_1/input_ph/round_1/plate-1_round-1_well-A1_tile-295.nd2	1	1	A1	295
/home/jovyan/spatial-technology-platform/AB/6GP002/6GP002/plate_1/input_ph/round_1/plate-1_round-1_well-A1_tile-296.nd2	1	1	A1	296
/home/jovyan/spatial-technology-platform/AB/6GP002/6GP002/plate_1/input_ph/round_1/plate-1_round-1_well-A1_tile-297.nd2	1	1	A1	297
/home/jovyan/spatial-technology-platform/AB/6GP002/6GP002/plate_1/input_ph/round_1/plate-1_round-1_well-A1_tile-298.nd2	1	1	A1	298
/home/jovyan/spatial-technology-platform/AB/6GP002/6GP002/plate_1/input_ph/round_1/plate-1_round-1_well-A1_tile-299.nd2	1	1	A1	299
/home/jovyan/spatial-technology-platform/AB/6GP002/6GP002/plate_1/input_ph/round_1/plate-1_round-1_well-A1_tile-300.nd2	1	1	A1	300
/home/jovyan/spatial-technology-platform/AB/6GP002/6GP002/plate_1/input_ph/round_1/plate-1_round-1_well-A1_tile-301.nd2	1	1	A1	301
/home/jovyan/spatial-technology-platform/AB/6GP002/6GP002/plate_1/input_ph/round_1/plate-1_round-1_well-A1_tile-302.nd2	1	1	A1	302
/home/jovyan/spatial-technology-platform/AB/6GP002/6GP002/plate_1/input_ph/round_1/plate-1_round-1_well-A1_tile-303.nd2	1	1	A1	303
/home/jovyan/spatial-technology-platform/AB/6GP002/6GP002/plate_1/input_ph/round_1/plate-1_round-1_well-A1_tile-304.nd2	1	1	A1	304
/home/jovyan/spatial-technology-platform/AB/6GP002/6GP002/plate_1/input_ph/round_1/plate-1_round-1_well-A1_tile-305.nd2	1	1	A1	305
/home/jovyan/spatial-technology-platform/AB/6GP002/6GP002/plate_1/input_ph/round_1/plate-1_round-1_well-A1_tile-306.nd2	1	1	A1	306
/home/jovyan/spatial-technology-platform/AB/6GP002/6GP002/plate_1/input_ph/round_1/plate-1_round-1_well-A1_tile-307.nd2	1	1	A1	307
/home/jovyan/spatial-technology-platform/AB/6GP002/6GP002/plate_1/input_ph/round_1/plate-1_round-1_well-A1_tile-308.nd2	1	1	A1	308
/home/jovyan/spatial-technology-platform/AB/6GP002/6GP002/plate_1/input_ph/round_1/plate-1_round-1_well-A1_tile-309.nd2	1	1	A1	309
/home/jovyan/spatial-technology-platform/AB/6GP002/6GP002/plate_1/input_ph/round_1/plate-1_round-1_well-A1_tile-310.nd2	1	1	A1	310
/home/jovyan/spatial-technology-platform/AB/6GP002/6GP002/plate_1/input_ph/round_1/plate-1_round-1_well-A1_tile-311.nd2	1	1	A1	311
/home/jovyan/spatial-technology-platform/AB/6GP002/6GP002/plate_1/input_ph/round_1/plate-1_round-1_well-A1_tile-312.nd2	1	1	A1	312
/home/jovyan/spatial-technology-platform/AB/6GP002/6GP002/plate_1/input_ph/round_1/plate-1_round-1_well-A1_tile-313.nd2	1	1	A1	313
/home/jovyan/spatial-technology-platform/AB/6GP002/6GP002/plate_1/input_ph/round_1/plate-1_round-1_well-A1_tile-314.nd2	1	1	A1	314
/home/jovyan/spatial-technology-platform/AB/6GP002/6GP002/plate_1/input_ph/round_1/plate-1_round-1_well-A1_tile-315.nd2	1	1	A1	315
/home/jovyan/spatial-technology-platform/AB/6GP002/6GP002/plate_1/input_ph/round_1/plate-1_round-1_well-A1_tile-316.nd2	1	1	A1	316
/home/jovyan/spatial-technology-platform/AB/6GP002/6GP002/plate_1/input_ph/round_1/plate-1_round-1_well-A1_tile-317.nd2	1	1	A1	317
/home/jovyan/spatial-technology-platform/AB/6GP002/6GP002/plate_1/input_ph/round_1/plate-1_round-1_well-A1_tile-318.nd2	1	1	A1	318
/home/jovyan/spatial-technology-platform/AB/6GP002/6GP002/plate_1/input_ph/round_1/plate-1_round-1_well-A1_tile-319.nd2	1	1	A1	319
/home/jovyan/spatial-technology-platform/AB/6GP002/6GP002/plate_1/input_ph/round_1/plate-1_round-1_well-A1_tile-320.nd2	1	1	A1	320
/home/jovyan/spatial-technology-platform/AB/6GP002/6GP002/plate_1/input_ph/round_1/plate-1_round-1_well-A1_tile-321.nd2	1	1	A1	321
/home/jovyan/spatial-technology-platform/AB/6GP002/6GP002/plate_1/input_ph/round_1/plate-1_round-1_well-A1_tile-322.nd2	1	1	A1	322
/home/jovyan/spatial-technology-platform/AB/6GP002/6GP002/plate_1/input_ph/round_1/plate-1_round-1_well-A1_tile-323.nd2	1	1	A1	323
/home/jovyan/spatial-technology-platform/AB/6GP002/6GP002/plate_1/input_ph/round_1/plate-1_round-1_well-A1_tile-324.nd2	1	1	A1	324
/home/jovyan/spatial-technology-platform/AB/6GP002/6GP002/plate_1/input_ph/round_1/plate-1_round-1_well-A1_tile-325.nd2	1	1	A1	325
/home/jovyan/spatial-technology-platform/AB/6GP002/6GP002/plate_1/input_ph/round_1/plate-1_round-1_well-A1_tile-326.nd2	1	1	A1	326
/home/jovyan/spatial-technology-platform/AB/6GP002/6GP002/plate_1/input_ph/round_1/plate-1_round-1_well-A1_tile-327.nd2	1	1	A1	327
/home/jovyan/spatial-technology-platform/AB/6GP002/6GP002/plate_1/input_ph/round_1/plate-1_round-1_well-A1_tile-328.nd2	1	1	A1	328
/home/jovyan/spatial-technology-platform/AB/6GP002/6GP002/plate_1/input_ph/round_1/plate-1_round-1_well-A1_tile-329.nd2	1	1	A1	329
/home/jovyan/spatial-technology-platform/AB/6GP002/6GP002/plate_1/input_ph/round_1/plate-1_round-1_well-A1_tile-330.nd2	1	1	A1	330
/home/jovyan/spatial-technology-platform/AB/6GP002/6GP002/plate_1/input_ph/round_1/plate-1_round-1_well-A1_tile-331.nd2	1	1	A1	331
/home/jovyan/spatial-technology-platform/AB/6GP002/6GP002/plate_1/input_ph/round_1/plate-1_round-1_well-A1_tile-332.nd2	1	1	A1	332
/home/jovyan/spatial-technology-platform/AB/6GP002/6GP002/plate_1/input_ph/round_1/plate-1_round-1_well-A1_tile-333.nd2	1	1	A1	333
/home/jovyan/spatial-technology-platform/AB/6GP002/6GP002/plate_1/input_ph/round_1/plate-1_round-1_well-A1_tile-334.nd2	1	1	A1	334
/home/jovyan/spatial-technology-platform/AB/6GP002/6GP002/plate_1/input_ph/round_1/plate-1_round-1_well-A1_tile-335.nd2	1	1	A1	335
/home/jovyan/spatial-technology-platform/AB/6GP002/6GP002/plate_1/input_ph/round_1/plate-1_round-1_well-A1_tile-336.nd2	1	1	A1	336
/home/jovyan/spatial-technology-platform/AB/6GP002/6GP002/plate_1/input_ph/round_1/plate-1_round-1_well-A1_tile-337.nd2	1	1	A1	337
/home/jovyan/spatial-technology-platform/AB/6GP002/6GP002/plate_1/input_ph/round_1/plate-1_round-1_well-A1_tile-338.nd2	1	1	A1	338
/home/jovyan/spatial-technology-platform/AB/6GP002/6GP002/plate_1/input_ph/round_1/plate-1_round-1_well-A1_tile-339.nd2	1	1	A1	339
/home/jovyan/spatial-technology-platform/AB/6GP002/6GP002/plate_1/input_ph/round_1/plate-1_round-1_well-A1_tile-340.nd2	1	1	A1	340
/home/jovyan/spatial-technology-platform/AB/6GP002/6GP002/plate_1/input_ph/round_1/plate-1_round-1_well-A1_tile-341.nd2	1	1	A1	341
/home/jovyan/spatial-technology-platform/AB/6GP002/6GP002/plate_1/input_ph/round_1/plate-1_round-1_well-A1_tile-342.nd2	1	1	A1	342
/home/jovyan/spatial-technology-platform/AB/6GP002/6GP002/plate_1/input_ph/round_1/plate-1_round-1_well-A1_tile-343.nd2	1	1	A1	343
/home/jovyan/spatial-technology-platform/AB/6GP002/6GP002/plate_1/input_ph/round_1/plate-1_round-1_well-A1_tile-344.nd2	1	1	A1	344
/home/jovyan/spatial-technology-platform/AB/6GP002/6GP002/plate_1/input_ph/round_1/plate-1_round-1_well-A1_tile-345.nd2	1	1	A1	345
/home/jovyan/spatial-technology-platform/AB/6GP002/6GP002/plate_1/input_ph/round_1/plate-1_round-1_well-A1_tile-346.nd2	1	1	A1	346
/home/jovyan/spatial-technology-platform/AB/6GP002/6GP002/plate_1/input_ph/round_1/plate-1_round-1_well-A1_tile-347.nd2	1	1	A1	347
/home/jovyan/spatial-technology-platform/AB/6GP002/6GP002/plate_1/input_ph/round_1/plate-1_round-1_well-A1_tile-348.nd2	1	1	A1	348
/home/jovyan/spatial-technology-platform/AB/6GP002/6GP002/plate_1/input_ph/round_1/plate-1_round-1_well-A2_tile-0.nd2	1	1	A2	0
/home/jovyan/spatial-technology-platform/AB/6GP002/6GP002/plate_1/input_ph/round_1/plate-1_round-1_well-A2_tile-1.nd2	1	1	A2	1
/home/jovyan/spatial-technology-platform/AB/6GP002/6GP002/plate_1/input_ph/round_1/plate-1_round-1_well-A2_tile-2.nd2	1	1	A2	2
/home/jovyan/spatial-technology-platform/AB/6GP002/6GP002/plate_1/input_ph/round_1/plate-1_round-1_well-A2_tile-3.nd2	1	1	A2	3
/home/jovyan/spatial-technology-platform/AB/6GP002/6GP002/plate_1/input_ph/round_1/plate-1_round-1_well-A2_tile-4.nd2	1	1	A2	4
/home/jovyan/spatial-technology-platform/AB/6GP002/6GP002/plate_1/input_ph/round_1/plate-1_round-1_well-A2_tile-5.nd2	1	1	A2	5
/home/jovyan/spatial-technology-platform/AB/6GP002/6GP002/plate_1/input_ph/round_1/plate-1_round-1_well-A2_tile-6.nd2	1	1	A2	6
/home/jovyan/spatial-technology-platform/AB/6GP002/6GP002/plate_1/input_ph/round_1/plate-1_round-1_well-A2_tile-7.nd2	1	1	A2	7
/home/jovyan/spatial-technology-platform/AB/6GP002/6GP002/plate_1/input_ph/round_1/plate-1_round-1_well-A2_tile-8.nd2	1	1	A2	8
/home/jovyan/spatial-technology-platform/AB/6GP002/6GP002/plate_1/input_ph/round_1/plate-1_round-1_well-A2_tile-9.nd2	1	1	A2	9
/home/jovyan/spatial-technology-platform/AB/6GP002/6GP002/plate_1/input_ph/round_1/plate-1_round-1_well-A2_tile-10.nd2	1	1	A2	10
/home/jovyan/spatial-technology-platform/AB/6GP002/6GP002/plate_1/input_ph/round_1/plate-1_round-1_well-A2_tile-11.nd2	1	1	A2	11
/home/jovyan/spatial-technology-platform/AB/6GP002/6GP002/plate_1/input_ph/round_1/plate-1_round-1_well-A2_tile-12.nd2	1	1	A2	12
/home/jovyan/spatial-technology-platform/AB/6GP002/6GP002/plate_1/input_ph/round_1/plate-1_round-1_well-A2_tile-13.nd2	1	1	A2	13
/home/jovyan/spatial-technology-platform/AB/6GP002/6GP002/plate_1/input_ph/round_1/plate-1_round-1_well-A2_tile-14.nd2	1	1	A2	14
/home/jovyan/spatial-technology-platform/AB/6GP002/6GP002/plate_1/input_ph/round_1/plate-1_round-1_well-A2_tile-15.nd2	1	1	A2	15
/home/jovyan/spatial-technology-platform/AB/6GP002/6GP002/plate_1/input_ph/round_1/plate-1_round-1_well-A2_tile-16.nd2	1	1	A2	16
/home/jovyan/spatial-technology-platform/AB/6GP002/6GP002/plate_1/input_ph/round_1/plate-1_round-1_well-A2_tile-17.nd2	1	1	A2	17
/home/jovyan/spatial-technology-platform/AB/6GP002/6GP002/plate_1/input_ph/round_1/plate-1_round-1_well-A2_tile-18.nd2	1	1	A2	18
/home/jovyan/spatial-technology-platform/AB/6GP002/6GP002/plate_1/input_ph/round_1/plate-1_round-1_well-A2_tile-19.nd2	1	1	A2	19
/home/jovyan/spatial-technology-platform/AB/6GP002/6GP002/plate_1/input_ph/round_1/plate-1_round-1_well-A2_tile-20.nd2	1	1	A2	20
/home/jovyan/spatial-technology-platform/AB/6GP002/6GP002/plate_1/input_ph/round_1/plate-1_round-1_well-A2_tile-21.nd2	1	1	A2	21
/home/jovyan/spatial-technology-platform/AB/6GP002/6GP002/plate_1/input_ph/round_1/plate-1_round-1_well-A2_tile-22.nd2	1	1	A2	22
/home/jovyan/spatial-technology-platform/AB/6GP002/6GP002/plate_1/input_ph/round_1/plate-1_round-1_well-A2_tile-23.nd2	1	1	A2	23
/home/jovyan/spatial-technology-platform/AB/6GP002/6GP002/plate_1/input_ph/round_1/plate-1_round-1_well-A2_tile-24.nd2	1	1	A2	24
/home/jovyan/spatial-technology-platform/AB/6GP002/6GP002/plate_1/input_ph/round_1/plate-1_round-1_well-A2_tile-25.nd2	1	1	A2	25
/home/jovyan/spatial-technology-platform/AB/6GP002/6GP002/plate_1/input_ph/round_1/plate-1_round-1_well-A2_tile-26.nd2	1	1	A2	26
/home/jovyan/spatial-technology-platform/AB/6GP002/6GP002/plate_1/input_ph/round_1/plate-1_round-1_well-A2_tile-27.nd2	1	1	A2	27
/home/jovyan/spatial-technology-platform/AB/6GP002/6GP002/plate_1/input_ph/round_1/plate-1_round-1_well-A2_tile-28.nd2	1	1	A2	28
/home/jovyan/spatial-technology-platform/AB/6GP002/6GP002/plate_1/input_ph/round_1/plate-1_round-1_well-A2_tile-29.nd2	1	1	A2	29
/home/jovyan/spatial-technology-platform/AB/6GP002/6GP002/plate_1/input_ph/round_1/plate-1_round-1_well-A2_tile-30.nd2	1	1	A2	30
/home/jovyan/spatial-technology-platform/AB/6GP002/6GP002/plate_1/input_ph/round_1/plate-1_round-1_well-A2_tile-31.nd2	1	1	A2	31
/home/jovyan/spatial-technology-platform/AB/6GP002/6GP002/plate_1/input_ph/round_1/plate-1_round-1_well-A2_tile-32.nd2	1	1	A2	32
/home/jovyan/spatial-technology-platform/AB/6GP002/6GP002/plate_1/input_ph/round_1/plate-1_round-1_well-A2_tile-33.nd2	1	1	A2	33
/home/jovyan/spatial-technology-platform/AB/6GP002/6GP002/plate_1/input_ph/round_1/plate-1_round-1_well-A2_tile-34.nd2	1	1	A2	34
/home/jovyan/spatial-technology-platform/AB/6GP002/6GP002/plate_1/input_ph/round_1/plate-1_round-1_well-A2_tile-35.nd2	1	1	A2	35
/home/jovyan/spatial-technology-platform/AB/6GP002/6GP002/plate_1/input_ph/round_1/plate-1_round-1_well-A2_tile-36.nd2	1	1	A2	36
/home/jovyan/spatial-technology-platform/AB/6GP002/6GP002/plate_1/input_ph/round_1/plate-1_round-1_well-A2_tile-37.nd2	1	1	A2	37
/home/jovyan/spatial-technology-platform/AB/6GP002/6GP002/plate_1/input_ph/round_1/plate-1_round-1_well-A2_tile-38.nd2	1	1	A2	38
/home/jovyan/spatial-technology-platform/AB/6GP002/6GP002/plate_1/input_ph/round_1/plate-1_round-1_well-A2_tile-39.nd2	1	1	A2	39
/home/jovyan/spatial-technology-platform/AB/6GP002/6GP002/plate_1/input_ph/round_1/plate-1_round-1_well-A2_tile-40.nd2	1	1	A2	40
/home/jovyan/spatial-technology-platform/AB/6GP002/6GP002/plate_1/input_ph/round_1/plate-1_round-1_well-A2_tile-41.nd2	1	1	A2	41
/home/jovyan/spatial-technology-platform/AB/6GP002/6GP002/plate_1/input_ph/round_1/plate-1_round-1_well-A2_tile-42.nd2	1	1	A2	42
/home/jovyan/spatial-technology-platform/AB/6GP002/6GP002/plate_1/input_ph/round_1/plate-1_round-1_well-A2_tile-43.nd2	1	1	A2	43
/home/jovyan/spatial-technology-platform/AB/6GP002/6GP002/plate_1/input_ph/round_1/plate-1_round-1_well-A2_tile-44.nd2	1	1	A2	44
/home/jovyan/spatial-technology-platform/AB/6GP002/6GP002/plate_1/input_ph/round_1/plate-1_round-1_well-A2_tile-45.nd2	1	1	A2	45
/home/jovyan/spatial-technology-platform/AB/6GP002/6GP002/plate_1/input_ph/round_1/plate-1_round-1_well-A2_tile-46.nd2	1	1	A2	46
/home/jovyan/spatial-technology-platform/AB/6GP002/6GP002/plate_1/input_ph/round_1/plate-1_round-1_well-A2_tile-47.nd2	1	1	A2	47
/home/jovyan/spatial-technology-platform/AB/6GP002/6GP002/plate_1/input_ph/round_1/plate-1_round-1_well-A2_tile-48.nd2	1	1	A2	48
/home/jovyan/spatial-technology-platform/AB/6GP002/6GP002/plate_1/input_ph/round_1/plate-1_round-1_well-A2_tile-49.nd2	1	1	A2	49
/home/jovyan/spatial-technology-platform/AB/6GP002/6GP002/plate_1/input_ph/round_1/plate-1_round-1_well-A2_tile-50.nd2	1	1	A2	50
/home/jovyan/spatial-technology-platform/AB/6GP002/6GP002/plate_1/input_ph/round_1/plate-1_round-1_well-A2_tile-51.nd2	1	1	A2	51
/home/jovyan/spatial-technology-platform/AB/6GP002/6GP002/plate_1/input_ph/round_1/plate-1_round-1_well-A2_tile-52.nd2	1	1	A2	52
/home/jovyan/spatial-technology-platform/AB/6GP002/6GP002/plate_1/input_ph/round_1/plate-1_round-1_well-A2_tile-53.nd2	1	1	A2	53
/home/jovyan/spatial-technology-platform/AB/6GP002/6GP002/plate_1/input_ph/round_1/plate-1_round-1_well-A2_tile-54.nd2	1	1	A2	54
/home/jovyan/spatial-technology-platform/AB/6GP002/6GP002/plate_1/input_ph/round_1/plate-1_round-1_well-A2_tile-55.nd2	1	1	A2	55
/home/jovyan/spatial-technology-platform/AB/6GP002/6GP002/plate_1/input_ph/round_1/plate-1_round-1_well-A2_tile-56.nd2	1	1	A2	56
/home/jovyan/spatial-technology-platform/AB/6GP002/6GP002/plate_1/input_ph/round_1/plate-1_round-1_well-A2_tile-57.nd2	1	1	A2	57
/home/jovyan/spatial-technology-platform/AB/6GP002/6GP002/plate_1/input_ph/round_1/plate-1_round-1_well-A2_tile-58.nd2	1	1	A2	58
/home/jovyan/spatial-technology-platform/AB/6GP002/6GP002/plate_1/input_ph/round_1/plate-1_round-1_well-A2_tile-59.nd2	1	1	A2	59
/home/jovyan/spatial-technology-platform/AB/6GP002/6GP002/plate_1/input_ph/round_1/plate-1_round-1_well-A2_tile-60.nd2	1	1	A2	60
/home/jovyan/spatial-technology-platform/AB/6GP002/6GP002/plate_1/input_ph/round_1/plate-1_round-1_well-A2_tile-61.nd2	1	1	A2	61
/home/jovyan/spatial-technology-platform/AB/6GP002/6GP002/plate_1/input_ph/round_1/plate-1_round-1_well-A2_tile-62.nd2	1	1	A2	62
/home/jovyan/spatial-technology-platform/AB/6GP002/6GP002/plate_1/input_ph/round_1/plate-1_round-1_well-A2_tile-63.nd2	1	1	A2	63
/home/jovyan/spatial-technology-platform/AB/6GP002/6GP002/plate_1/input_ph/round_1/plate-1_round-1_well-A2_tile-64.nd2	1	1	A2	64
/home/jovyan/spatial-technology-platform/AB/6GP002/6GP002/plate_1/input_ph/round_1/plate-1_round-1_well-A2_tile-65.nd2	1	1	A2	65
/home/jovyan/spatial-technology-platform/AB/6GP002/6GP002/plate_1/input_ph/round_1/plate-1_round-1_well-A2_tile-66.nd2	1	1	A2	66
/home/jovyan/spatial-technology-platform/AB/6GP002/6GP002/plate_1/input_ph/round_1/plate-1_round-1_well-A2_tile-67.nd2	1	1	A2	67
/home/jovyan/spatial-technology-platform/AB/6GP002/6GP002/plate_1/input_ph/round_1/plate-1_round-1_well-A2_tile-68.nd2	1	1	A2	68
/home/jovyan/spatial-technology-platform/AB/6GP002/6GP002/plate_1/input_ph/round_1/plate-1_round-1_well-A2_tile-69.nd2	1	1	A2	69
/home/jovyan/spatial-technology-platform/AB/6GP002/6GP002/plate_1/input_ph/round_1/plate-1_round-1_well-A2_tile-70.nd2	1	1	A2	70
/home/jovyan/spatial-technology-platform/AB/6GP002/6GP002/plate_1/input_ph/round_1/plate-1_round-1_well-A2_tile-71.nd2	1	1	A2	71
/home/jovyan/spatial-technology-platform/AB/6GP002/6GP002/plate_1/input_ph/round_1/plate-1_round-1_well-A2_tile-72.nd2	1	1	A2	72
/home/jovyan/spatial-technology-platform/AB/6GP002/6GP002/plate_1/input_ph/round_1/plate-1_round-1_well-A2_tile-73.nd2	1	1	A2	73
/home/jovyan/spatial-technology-platform/AB/6GP002/6GP002/plate_1/input_ph/round_1/plate-1_round-1_well-A2_tile-74.nd2	1	1	A2	74
/home/jovyan/spatial-technology-platform/AB/6GP002/6GP002/plate_1/input_ph/round_1/plate-1_round-1_well-A2_tile-75.nd2	1	1	A2	75
/home/jovyan/spatial-technology-platform/AB/6GP002/6GP002/plate_1/input_ph/round_1/plate-1_round-1_well-A2_tile-76.nd2	1	1	A2	76
/home/jovyan/spatial-technology-platform/AB/6GP002/6GP002/plate_1/input_ph/round_1/plate-1_round-1_well-A2_tile-77.nd2	1	1	A2	77
/home/jovyan/spatial-technology-platform/AB/6GP002/6GP002/plate_1/input_ph/round_1/plate-1_round-1_well-A2_tile-78.nd2	1	1	A2	78
/home/jovyan/spatial-technology-platform/AB/6GP002/6GP002/plate_1/input_ph/round_1/plate-1_round-1_well-A2_tile-79.nd2	1	1	A2	79
/home/jovyan/spatial-technology-platform/AB/6GP002/6GP002/plate_1/input_ph/round_1/plate-1_round-1_well-A2_tile-80.nd2	1	1	A2	80
/home/jovyan/spatial-technology-platform/AB/6GP002/6GP002/plate_1/input_ph/round_1/plate-1_round-1_well-A2_tile-81.nd2	1	1	A2	81
/home/jovyan/spatial-technology-platform/AB/6GP002/6GP002/plate_1/input_ph/round_1/plate-1_round-1_well-A2_tile-82.nd2	1	1	A2	82
/home/jovyan/spatial-technology-platform/AB/6GP002/6GP002/plate_1/input_ph/round_1/plate-1_round-1_well-A2_tile-83.nd2	1	1	A2	83
/home/jovyan/spatial-technology-platform/AB/6GP002/6GP002/plate_1/input_ph/round_1/plate-1_round-1_well-A2_tile-84.nd2	1	1	A2	84
/home/jovyan/spatial-technology-platform/AB/6GP002/6GP002/plate_1/input_ph/round_1/plate-1_round-1_well-A2_tile-85.nd2	1	1	A2	85
/home/jovyan/spatial-technology-platform/AB/6GP002/6GP002/plate_1/input_ph/round_1/plate-1_round-1_well-A2_tile-86.nd2	1	1	A2	86
/home/jovyan/spatial-technology-platform/AB/6GP002/6GP002/plate_1/input_ph/round_1/plate-1_round-1_well-A2_tile-87.nd2	1	1	A2	87
/home/jovyan/spatial-technology-platform/AB/6GP002/6GP002/plate_1/input_ph/round_1/plate-1_round-1_well-A2_tile-88.nd2	1	1	A2	88
/home/jovyan/spatial-technology-platform/AB/6GP002/6GP002/plate_1/input_ph/round_1/plate-1_round-1_well-A2_tile-89.nd2	1	1	A2	89
/home/jovyan/spatial-technology-platform/AB/6GP002/6GP002/plate_1/input_ph/round_1/plate-1_round-1_well-A2_tile-90.nd2	1	1	A2	90
/home/jovyan/spatial-technology-platform/AB/6GP002/6GP002/plate_1/input_ph/round_1/plate-1_round-1_well-A2_tile-91.nd2	1	1	A2	91
/home/jovyan/spatial-technology-platform/AB/6GP002/6GP002/plate_1/input_ph/round_1/plate-1_round-1_well-A2_tile-92.nd2	1	1	A2	92
/home/jovyan/spatial-technology-platform/AB/6GP002/6GP002/plate_1/input_ph/round_1/plate-1_round-1_well-A2_tile-93.nd2	1	1	A2	93
/home/jovyan/spatial-technology-platform/AB/6GP002/6GP002/plate_1/input_ph/round_1/plate-1_round-1_well-A2_tile-94.nd2	1	1	A2	94
/home/jovyan/spatial-technology-platform/AB/6GP002/6GP002/plate_1/input_ph/round_1/plate-1_round-1_well-A2_tile-95.nd2	1	1	A2	95
/home/jovyan/spatial-technology-platform/AB/6GP002/6GP002/plate_1/input_ph/round_1/plate-1_round-1_well-A2_tile-96.nd2	1	1	A2	96
/home/jovyan/spatial-technology-platform/AB/6GP002/6GP002/plate_1/input_ph/round_1/plate-1_round-1_well-A2_tile-97.nd2	1	1	A2	97
/home/jovyan/spatial-technology-platform/AB/6GP002/6GP002/plate_1/input_ph/round_1/plate-1_round-1_well-A2_tile-98.nd2	1	1	A2	98
/home/jovyan/spatial-technology-platform/AB/6GP002/6GP002/plate_1/input_ph/round_1/plate-1_round-1_well-A2_tile-99.nd2	1	1	A2	99
/home/jovyan/spatial-technology-platform/AB/6GP002/6GP002/plate_1/input_ph/round_1/plate-1_round-1_well-A2_tile-100.nd2	1	1	A2	100
/home/jovyan/spatial-technology-platform/AB/6GP002/6GP002/plate_1/input_ph/round_1/plate-1_round-1_well-A2_tile-101.nd2	1	1	A2	101
/home/jovyan/spatial-technology-platform/AB/6GP002/6GP002/plate_1/input_ph/round_1/plate-1_round-1_well-A2_tile-102.nd2	1	1	A2	102
/home/jovyan/spatial-technology-platform/AB/6GP002/6GP002/plate_1/input_ph/round_1/plate-1_round-1_well-A2_tile-103.nd2	1	1	A2	103
/home/jovyan/spatial-technology-platform/AB/6GP002/6GP002/plate_1/input_ph/round_1/plate-1_round-1_well-A2_tile-104.nd2	1	1	A2	104
/home/jovyan/spatial-technology-platform/AB/6GP002/6GP002/plate_1/input_ph/round_1/plate-1_round-1_well-A2_tile-105.nd2	1	1	A2	105
/home/jovyan/spatial-technology-platform/AB/6GP002/6GP002/plate_1/input_ph/round_1/plate-1_round-1_well-A2_tile-106.nd2	1	1	A2	106
/home/jovyan/spatial-technology-platform/AB/6GP002/6GP002/plate_1/input_ph/round_1/plate-1_round-1_well-A2_tile-107.nd2	1	1	A2	107
/home/jovyan/spatial-technology-platform/AB/6GP002/6GP002/plate_1/input_ph/round_1/plate-1_round-1_well-A2_tile-108.nd2	1	1	A2	108
/home/jovyan/spatial-technology-platform/AB/6GP002/6GP002/plate_1/input_ph/round_1/plate-1_round-1_well-A2_tile-109.nd2	1	1	A2	109
/home/jovyan/spatial-technology-platform/AB/6GP002/6GP002/plate_1/input_ph/round_1/plate-1_round-1_well-A2_tile-110.nd2	1	1	A2	110
/home/jovyan/spatial-technology-platform/AB/6GP002/6GP002/plate_1/input_ph/round_1/plate-1_round-1_well-A2_tile-111.nd2	1	1	A2	111
/home/jovyan/spatial-technology-platform/AB/6GP002/6GP002/plate_1/input_ph/round_1/plate-1_round-1_well-A2_tile-112.nd2	1	1	A2	112
/home/jovyan/spatial-technology-platform/AB/6GP002/6GP002/plate_1/input_ph/round_1/plate-1_round-1_well-A2_tile-113.nd2	1	1	A2	113
/home/jovyan/spatial-technology-platform/AB/6GP002/6GP002/plate_1/input_ph/round_1/plate-1_round-1_well-A2_tile-114.nd2	1	1	A2	114
/home/jovyan/spatial-technology-platform/AB/6GP002/6GP002/plate_1/input_ph/round_1/plate-1_round-1_well-A2_tile-115.nd2	1	1	A2	115
/home/jovyan/spatial-technology-platform/AB/6GP002/6GP002/plate_1/input_ph/round_1/plate-1_round-1_well-A2_tile-116.nd2	1	1	A2	116
/home/jovyan/spatial-technology-platform/AB/6GP002/6GP002/plate_1/input_ph/round_1/plate-1_round-1_well-A2_tile-117.nd2	1	1	A2	117
/home/jovyan/spatial-technology-platform/AB/6GP002/6GP002/plate_1/input_ph/round_1/plate-1_round-1_well-A2_tile-118.nd2	1	1	A2	118
/home/jovyan/spatial-technology-platform/AB/6GP002/6GP002/plate_1/input_ph/round_1/plate-1_round-1_well-A2_tile-119.nd2	1	1	A2	119
/home/jovyan/spatial-technology-platform/AB/6GP002/6GP002/plate_1/input_ph/round_1/plate-1_round-1_well-A2_tile-120.nd2	1	1	A2	120
/home/jovyan/spatial-technology-platform/AB/6GP002/6GP002/plate_1/input_ph/round_1/plate-1_round-1_well-A2_tile-121.nd2	1	1	A2	121
/home/jovyan/spatial-technology-platform/AB/6GP002/6GP002/plate_1/input_ph/round_1/plate-1_round-1_well-A2_tile-122.nd2	1	1	A2	122
/home/jovyan/spatial-technology-platform/AB/6GP002/6GP002/plate_1/input_ph/round_1/plate-1_round-1_well-A2_tile-123.nd2	1	1	A2	123
/home/jovyan/spatial-technology-platform/AB/6GP002/6GP002/plate_1/input_ph/round_1/plate-1_round-1_well-A2_tile-124.nd2	1	1	A2	124
/home/jovyan/spatial-technology-platform/AB/6GP002/6GP002/plate_1/input_ph/round_1/plate-1_round-1_well-A2_tile-125.nd2	1	1	A2	125
/home/jovyan/spatial-technology-platform/AB/6GP002/6GP002/plate_1/input_ph/round_1/plate-1_round-1_well-A2_tile-126.nd2	1	1	A2	126
/home/jovyan/spatial-technology-platform/AB/6GP002/6GP002/plate_1/input_ph/round_1/plate-1_round-1_well-A2_tile-127.nd2	1	1	A2	127
/home/jovyan/spatial-technology-platform/AB/6GP002/6GP002/plate_1/input_ph/round_1/plate-1_round-1_well-A2_tile-128.nd2	1	1	A2	128
/home/jovyan/spatial-technology-platform/AB/6GP002/6GP002/plate_1/input_ph/round_1/plate-1_round-1_well-A2_tile-129.nd2	1	1	A2	129
/home/jovyan/spatial-technology-platform/AB/6GP002/6GP002/plate_1/input_ph/round_1/plate-1_round-1_well-A2_tile-130.nd2	1	1	A2	130
/home/jovyan/spatial-technology-platform/AB/6GP002/6GP002/plate_1/input_ph/round_1/plate-1_round-1_well-A2_tile-131.nd2	1	1	A2	131
/home/jovyan/spatial-technology-platform/AB/6GP002/6GP002/plate_1/input_ph/round_1/plate-1_round-1_well-A2_tile-132.nd2	1	1	A2	132
/home/jovyan/spatial-technology-platform/AB/6GP002/6GP002/plate_1/input_ph/round_1/plate-1_round-1_well-A2_tile-133.nd2	1	1	A2	133
/home/jovyan/spatial-technology-platform/AB/6GP002/6GP002/plate_1/input_ph/round_1/plate-1_round-1_well-A2_tile-134.nd2	1	1	A2	134
/home/jovyan/spatial-technology-platform/AB/6GP002/6GP002/plate_1/input_ph/round_1/plate-1_round-1_well-A2_tile-135.nd2	1	1	A2	135
/home/jovyan/spatial-technology-platform/AB/6GP002/6GP002/plate_1/input_ph/round_1/plate-1_round-1_well-A2_tile-136.nd2	1	1	A2	136
/home/jovyan/spatial-technology-platform/AB/6GP002/6GP002/plate_1/input_ph/round_1/plate-1_round-1_well-A2_tile-137.nd2	1	1	A2	137
/home/jovyan/spatial-technology-platform/AB/6GP002/6GP002/plate_1/input_ph/round_1/plate-1_round-1_well-A2_tile-138.nd2	1	1	A2	138
/home/jovyan/spatial-technology-platform/AB/6GP002/6GP002/plate_1/input_ph/round_1/plate-1_round-1_well-A2_tile-139.nd2	1	1	A2	139
/home/jovyan/spatial-technology-platform/AB/6GP002/6GP002/plate_1/input_ph/round_1/plate-1_round-1_well-A2_tile-140.nd2	1	1	A2	140
/home/jovyan/spatial-technology-platform/AB/6GP002/6GP002/plate_1/input_ph/round_1/plate-1_round-1_well-A2_tile-141.nd2	1	1	A2	141
/home/jovyan/spatial-technology-platform/AB/6GP002/6GP002/plate_1/input_ph/round_1/plate-1_round-1_well-A2_tile-142.nd2	1	1	A2	142
/home/jovyan/spatial-technology-platform/AB/6GP002/6GP002/plate_1/input_ph/round_1/plate-1_round-1_well-A2_tile-143.nd2	1	1	A2	143
/home/jovyan/spatial-technology-platform/AB/6GP002/6GP002/plate_1/input_ph/round_1/plate-1_round-1_well-A2_tile-144.nd2	1	1	A2	144
/home/jovyan/spatial-technology-platform/AB/6GP002/6GP002/plate_1/input_ph/round_1/plate-1_round-1_well-A2_tile-145.nd2	1	1	A2	145
/home/jovyan/spatial-technology-platform/AB/6GP002/6GP002/plate_1/input_ph/round_1/plate-1_round-1_well-A2_tile-146.nd2	1	1	A2	146
/home/jovyan/spatial-technology-platform/AB/6GP002/6GP002/plate_1/input_ph/round_1/plate-1_round-1_well-A2_tile-147.nd2	1	1	A2	147
/home/jovyan/spatial-technology-platform/AB/6GP002/6GP002/plate_1/input_ph/round_1/plate-1_round-1_well-A2_tile-148.nd2	1	1	A2	148
/home/jovyan/spatial-technology-platform/AB/6GP002/6GP002/plate_1/input_ph/round_1/plate-1_round-1_well-A2_tile-149.nd2	1	1	A2	149
/home/jovyan/spatial-technology-platform/AB/6GP002/6GP002/plate_1/input_ph/round_1/plate-1_round-1_well-A2_tile-150.nd2	1	1	A2	150
/home/jovyan/spatial-technology-platform/AB/6GP002/6GP002/plate_1/input_ph/round_1/plate-1_round-1_well-A2_tile-151.nd2	1	1	A2	151
/home/jovyan/spatial-technology-platform/AB/6GP002/6GP002/plate_1/input_ph/round_1/plate-1_round-1_well-A2_tile-152.nd2	1	1	A2	152
/home/jovyan/spatial-technology-platform/AB/6GP002/6GP002/plate_1/input_ph/round_1/plate-1_round-1_well-A2_tile-153.nd2	1	1	A2	153
/home/jovyan/spatial-technology-platform/AB/6GP002/6GP002/plate_1/input_ph/round_1/plate-1_round-1_well-A2_tile-154.nd2	1	1	A2	154
/home/jovyan/spatial-technology-platform/AB/6GP002/6GP002/plate_1/input_ph/round_1/plate-1_round-1_well-A2_tile-155.nd2	1	1	A2	155
/home/jovyan/spatial-technology-platform/AB/6GP002/6GP002/plate_1/input_ph/round_1/plate-1_round-1_well-A2_tile-156.nd2	1	1	A2	156
/home/jovyan/spatial-technology-platform/AB/6GP002/6GP002/plate_1/input_ph/round_1/plate-1_round-1_well-A2_tile-157.nd2	1	1	A2	157
/home/jovyan/spatial-technology-platform/AB/6GP002/6GP002/plate_1/input_ph/round_1/plate-1_round-1_well-A2_tile-158.nd2	1	1	A2	158
/home/jovyan/spatial-technology-platform/AB/6GP002/6GP002/plate_1/input_ph/round_1/plate-1_round-1_well-A2_tile-159.nd2	1	1	A2	159
/home/jovyan/spatial-technology-platform/AB/6GP002/6GP002/plate_1/input_ph/round_1/plate-1_round-1_well-A2_tile-160.nd2	1	1	A2	160
/home/jovyan/spatial-technology-platform/AB/6GP002/6GP002/plate_1/input_ph/round_1/plate-1_round-1_well-A2_tile-161.nd2	1	1	A2	161
/home/jovyan/spatial-technology-platform/AB/6GP002/6GP002/plate_1/input_ph/round_1/plate-1_round-1_well-A2_tile-162.nd2	1	1	A2	162
/home/jovyan/spatial-technology-platform/AB/6GP002/6GP002/plate_1/input_ph/round_1/plate-1_round-1_well-A2_tile-163.nd2	1	1	A2	163
/home/jovyan/spatial-technology-platform/AB/6GP002/6GP002/plate_1/input_ph/round_1/plate-1_round-1_well-A2_tile-164.nd2	1	1	A2	164
/home/jovyan/spatial-technology-platform/AB/6GP002/6GP002/plate_1/input_ph/round_1/plate-1_round-1_well-A2_tile-165.nd2	1	1	A2	165
/home/jovyan/spatial-technology-platform/AB/6GP002/6GP002/plate_1/input_ph/round_1/plate-1_round-1_well-A2_tile-166.nd2	1	1	A2	166
/home/jovyan/spatial-technology-platform/AB/6GP002/6GP002/plate_1/input_ph/round_1/plate-1_round-1_well-A2_tile-167.nd2	1	1	A2	167
/home/jovyan/spatial-technology-platform/AB/6GP002/6GP002/plate_1/input_ph/round_1/plate-1_round-1_well-A2_tile-168.nd2	1	1	A2	168
/home/jovyan/spatial-technology-platform/AB/6GP002/6GP002/plate_1/input_ph/round_1/plate-1_round-1_well-A2_tile-169.nd2	1	1	A2	169
/home/jovyan/spatial-technology-platform/AB/6GP002/6GP002/plate_1/input_ph/round_1/plate-1_round-1_well-A2_tile-170.nd2	1	1	A2	170
/home/jovyan/spatial-technology-platform/AB/6GP002/6GP002/plate_1/input_ph/round_1/plate-1_round-1_well-A2_tile-171.nd2	1	1	A2	171
/home/jovyan/spatial-technology-platform/AB/6GP002/6GP002/plate_1/input_ph/round_1/plate-1_round-1_well-A2_tile-172.nd2	1	1	A2	172
/home/jovyan/spatial-technology-platform/AB/6GP002/6GP002/plate_1/input_ph/round_1/plate-1_round-1_well-A2_tile-173.nd2	1	1	A2	173
/home/jovyan/spatial-technology-platform/AB/6GP002/6GP002/plate_1/input_ph/round_1/plate-1_round-1_well-A2_tile-174.nd2	1	1	A2	174
/home/jovyan/spatial-technology-platform/AB/6GP002/6GP002/plate_1/input_ph/round_1/plate-1_round-1_well-A2_tile-175.nd2	1	1	A2	175
/home/jovyan/spatial-technology-platform/AB/6GP002/6GP002/plate_1/input_ph/round_1/plate-1_round-1_well-A2_tile-176.nd2	1	1	A2	176
/home/jovyan/spatial-technology-platform/AB/6GP002/6GP002/plate_1/input_ph/round_1/plate-1_round-1_well-A2_tile-177.nd2	1	1	A2	177
/home/jovyan/spatial-technology-platform/AB/6GP002/6GP002/plate_1/input_ph/round_1/plate-1_round-1_well-A2_tile-178.nd2	1	1	A2	178
/home/jovyan/spatial-technology-platform/AB/6GP002/6GP002/plate_1/input_ph/round_1/plate-1_round-1_well-A2_tile-179.nd2	1	1	A2	179
/home/jovyan/spatial-technology-platform/AB/6GP002/6GP002/plate_1/input_ph/round_1/plate-1_round-1_well-A2_tile-180.nd2	1	1	A2	180
/home/jovyan/spatial-technology-platform/AB/6GP002/6GP002/plate_1/input_ph/round_1/plate-1_round-1_well-A2_tile-181.nd2	1	1	A2	181
/home/jovyan/spatial-technology-platform/AB/6GP002/6GP002/plate_1/input_ph/round_1/plate-1_round-1_well-A2_tile-182.nd2	1	1	A2	182
/home/jovyan/spatial-technology-platform/AB/6GP002/6GP002/plate_1/input_ph/round_1/plate-1_round-1_well-A2_tile-183.nd2	1	1	A2	183
/home/jovyan/spatial-technology-platform/AB/6GP002/6GP002/plate_1/input_ph/round_1/plate-1_round-1_well-A2_tile-184.nd2	1	1	A2	184
/home/jovyan/spatial-technology-platform/AB/6GP002/6GP002/plate_1/input_ph/round_1/plate-1_round-1_well-A2_tile-185.nd2	1	1	A2	185
/home/jovyan/spatial-technology-platform/AB/6GP002/6GP002/plate_1/input_ph/round_1/plate-1_round-1_well-A2_tile-186.nd2	1	1	A2	186
/home/jovyan/spatial-technology-platform/AB/6GP002/6GP002/plate_1/input_ph/round_1/plate-1_round-1_well-A2_tile-187.nd2	1	1	A2	187
/home/jovyan/spatial-technology-platform/AB/6GP002/6GP002/plate_1/input_ph/round_1/plate-1_round-1_well-A2_tile-188.nd2	1	1	A2	188
/home/jovyan/spatial-technology-platform/AB/6GP002/6GP002/plate_1/input_ph/round_1/plate-1_round-1_well-A2_tile-189.nd2	1	1	A2	189
/home/jovyan/spatial-technology-platform/AB/6GP002/6GP002/plate_1/input_ph/round_1/plate-1_round-1_well-A2_tile-190.nd2	1	1	A2	190
/home/jovyan/spatial-technology-platform/AB/6GP002/6GP002/plate_1/input_ph/round_1/plate-1_round-1_well-A2_tile-191.nd2	1	1	A2	191
/home/jovyan/spatial-technology-platform/AB/6GP002/6GP002/plate_1/input_ph/round_1/plate-1_round-1_well-A2_tile-192.nd2	1	1	A2	192
/home/jovyan/spatial-technology-platform/AB/6GP002/6GP002/plate_1/input_ph/round_1/plate-1_round-1_well-A2_tile-193.nd2	1	1	A2	193
/home/jovyan/spatial-technology-platform/AB/6GP002/6GP002/plate_1/input_ph/round_1/plate-1_round-1_well-A2_tile-194.nd2	1	1	A2	194
/home/jovyan/spatial-technology-platform/AB/6GP002/6GP002/plate_1/input_ph/round_1/plate-1_round-1_well-A2_tile-195.nd2	1	1	A2	195
/home/jovyan/spatial-technology-platform/AB/6GP002/6GP002/plate_1/input_ph/round_1/plate-1_round-1_well-A2_tile-196.nd2	1	1	A2	196
/home/jovyan/spatial-technology-platform/AB/6GP002/6GP002/plate_1/input_ph/round_1/plate-1_round-1_well-A2_tile-197.nd2	1	1	A2	197
/home/jovyan/spatial-technology-platform/AB/6GP002/6GP002/plate_1/input_ph/round_1/plate-1_round-1_well-A2_tile-198.nd2	1	1	A2	198
/home/jovyan/spatial-technology-platform/AB/6GP002/6GP002/plate_1/input_ph/round_1/plate-1_round-1_well-A2_tile-199.nd2	1	1	A2	199
/home/jovyan/spatial-technology-platform/AB/6GP002/6GP002/plate_1/input_ph/round_1/plate-1_round-1_well-A2_tile-200.nd2	1	1	A2	200
/home/jovyan/spatial-technology-platform/AB/6GP002/6GP002/plate_1/input_ph/round_1/plate-1_round-1_well-A2_tile-201.nd2	1	1	A2	201
/home/jovyan/spatial-technology-platform/AB/6GP002/6GP002/plate_1/input_ph/round_1/plate-1_round-1_well-A2_tile-202.nd2	1	1	A2	202
/home/jovyan/spatial-technology-platform/AB/6GP002/6GP002/plate_1/input_ph/round_1/plate-1_round-1_well-A2_tile-203.nd2	1	1	A2	203
/home/jovyan/spatial-technology-platform/AB/6GP002/6GP002/plate_1/input_ph/round_1/plate-1_round-1_well-A2_tile-204.nd2	1	1	A2	204
/home/jovyan/spatial-technology-platform/AB/6GP002/6GP002/plate_1/input_ph/round_1/plate-1_round-1_well-A2_tile-205.nd2	1	1	A2	205
/home/jovyan/spatial-technology-platform/AB/6GP002/6GP002/plate_1/input_ph/round_1/plate-1_round-1_well-A2_tile-206.nd2	1	1	A2	206
/home/jovyan/spatial-technology-platform/AB/6GP002/6GP002/plate_1/input_ph/round_1/plate-1_round-1_well-A2_tile-207.nd2	1	1	A2	207
/home/jovyan/spatial-technology-platform/AB/6GP002/6GP002/plate_1/input_ph/round_1/plate-1_round-1_well-A2_tile-208.nd2	1	1	A2	208
/home/jovyan/spatial-technology-platform/AB/6GP002/6GP002/plate_1/input_ph/round_1/plate-1_round-1_well-A2_tile-209.nd2	1	1	A2	209
/home/jovyan/spatial-technology-platform/AB/6GP002/6GP002/plate_1/input_ph/round_1/plate-1_round-1_well-A2_tile-210.nd2	1	1	A2	210
/home/jovyan/spatial-technology-platform/AB/6GP002/6GP002/plate_1/input_ph/round_1/plate-1_round-1_well-A2_tile-211.nd2	1	1	A2	211
/home/jovyan/spatial-technology-platform/AB/6GP002/6GP002/plate_1/input_ph/round_1/plate-1_round-1_well-A2_tile-212.nd2	1	1	A2	212
/home/jovyan/spatial-technology-platform/AB/6GP002/6GP002/plate_1/input_ph/round_1/plate-1_round-1_well-A2_tile-213.nd2	1	1	A2	213
/home/jovyan/spatial-technology-platform/AB/6GP002/6GP002/plate_1/input_ph/round_1/plate-1_round-1_well-A2_tile-214.nd2	1	1	A2	214
/home/jovyan/spatial-technology-platform/AB/6GP002/6GP002/plate_1/input_ph/round_1/plate-1_round-1_well-A2_tile-215.nd2	1	1	A2	215
/home/jovyan/spatial-technology-platform/AB/6GP002/6GP002/plate_1/input_ph/round_1/plate-1_round-1_well-A2_tile-216.nd2	1	1	A2	216
/home/jovyan/spatial-technology-platform/AB/6GP002/6GP002/plate_1/input_ph/round_1/plate-1_round-1_well-A2_tile-217.nd2	1	1	A2	217
/home/jovyan/spatial-technology-platform/AB/6GP002/6GP002/plate_1/input_ph/round_1/plate-1_round-1_well-A2_tile-218.nd2	1	1	A2	218
/home/jovyan/spatial-technology-platform/AB/6GP002/6GP002/plate_1/input_ph/round_1/plate-1_round-1_well-A2_tile-219.nd2	1	1	A2	219
/home/jovyan/spatial-technology-platform/AB/6GP002/6GP002/plate_1/input_ph/round_1/plate-1_round-1_well-A2_tile-220.nd2	1	1	A2	220
/home/jovyan/spatial-technology-platform/AB/6GP002/6GP002/plate_1/input_ph/round_1/plate-1_round-1_well-A2_tile-221.nd2	1	1	A2	221
/home/jovyan/spatial-technology-platform/AB/6GP002/6GP002/plate_1/input_ph/round_1/plate-1_round-1_well-A2_tile-222.nd2	1	1	A2	222
/home/jovyan/spatial-technology-platform/AB/6GP002/6GP002/plate_1/input_ph/round_1/plate-1_round-1_well-A2_tile-223.nd2	1	1	A2	223
/home/jovyan/spatial-technology-platform/AB/6GP002/6GP002/plate_1/input_ph/round_1/plate-1_round-1_well-A2_tile-224.nd2	1	1	A2	224
/home/jovyan/spatial-technology-platform/AB/6GP002/6GP002/plate_1/input_ph/round_1/plate-1_round-1_well-A2_tile-225.nd2	1	1	A2	225
/home/jovyan/spatial-technology-platform/AB/6GP002/6GP002/plate_1/input_ph/round_1/plate-1_round-1_well-A2_tile-226.nd2	1	1	A2	226
/home/jovyan/spatial-technology-platform/AB/6GP002/6GP002/plate_1/input_ph/round_1/plate-1_round-1_well-A2_tile-227.nd2	1	1	A2	227
/home/jovyan/spatial-technology-platform/AB/6GP002/6GP002/plate_1/input_ph/round_1/plate-1_round-1_well-A2_tile-228.nd2	1	1	A2	228
/home/jovyan/spatial-technology-platform/AB/6GP002/6GP002/plate_1/input_ph/round_1/plate-1_round-1_well-A2_tile-229.nd2	1	1	A2	229
/home/jovyan/spatial-technology-platform/AB/6GP002/6GP002/plate_1/input_ph/round_1/plate-1_round-1_well-A2_tile-230.nd2	1	1	A2	230
/home/jovyan/spatial-technology-platform/AB/6GP002/6GP002/plate_1/input_ph/round_1/plate-1_round-1_well-A2_tile-231.nd2	1	1	A2	231
/home/jovyan/spatial-technology-platform/AB/6GP002/6GP002/plate_1/input_ph/round_1/plate-1_round-1_well-A2_tile-232.nd2	1	1	A2	232
/home/jovyan/spatial-technology-platform/AB/6GP002/6GP002/plate_1/input_ph/round_1/plate-1_round-1_well-A2_tile-233.nd2	1	1	A2	233
/home/jovyan/spatial-technology-platform/AB/6GP002/6GP002/plate_1/input_ph/round_1/plate-1_round-1_well-A2_tile-234.nd2	1	1	A2	234
/home/jovyan/spatial-technology-platform/AB/6GP002/6GP002/plate_1/input_ph/round_1/plate-1_round-1_well-A2_tile-235.nd2	1	1	A2	235
/home/jovyan/spatial-technology-platform/AB/6GP002/6GP002/plate_1/input_ph/round_1/plate-1_round-1_well-A2_tile-236.nd2	1	1	A2	236
/home/jovyan/spatial-technology-platform/AB/6GP002/6GP002/plate_1/input_ph/round_1/plate-1_round-1_well-A2_tile-237.nd2	1	1	A2	237
/home/jovyan/spatial-technology-platform/AB/6GP002/6GP002/plate_1/input_ph/round_1/plate-1_round-1_well-A2_tile-238.nd2	1	1	A2	238
/home/jovyan/spatial-technology-platform/AB/6GP002/6GP002/plate_1/input_ph/round_1/plate-1_round-1_well-A2_tile-239.nd2	1	1	A2	239
/home/jovyan/spatial-technology-platform/AB/6GP002/6GP002/plate_1/input_ph/round_1/plate-1_round-1_well-A2_tile-240.nd2	1	1	A2	240
/home/jovyan/spatial-technology-platform/AB/6GP002/6GP002/plate_1/input_ph/round_1/plate-1_round-1_well-A2_tile-241.nd2	1	1	A2	241
/home/jovyan/spatial-technology-platform/AB/6GP002/6GP002/plate_1/input_ph/round_1/plate-1_round-1_well-A2_tile-242.nd2	1	1	A2	242
/home/jovyan/spatial-technology-platform/AB/6GP002/6GP002/plate_1/input_ph/round_1/plate-1_round-1_well-A2_tile-243.nd2	1	1	A2	243
/home/jovyan/spatial-technology-platform/AB/6GP002/6GP002/plate_1/input_ph/round_1/plate-1_round-1_well-A2_tile-244.nd2	1	1	A2	244
/home/jovyan/spatial-technology-platform/AB/6GP002/6GP002/plate_1/input_ph/round_1/plate-1_round-1_well-A2_tile-245.nd2	1	1	A2	245
/home/jovyan/spatial-technology-platform/AB/6GP002/6GP002/plate_1/input_ph/round_1/plate-1_round-1_well-A2_tile-246.nd2	1	1	A2	246
/home/jovyan/spatial-technology-platform/AB/6GP002/6GP002/plate_1/input_ph/round_1/plate-1_round-1_well-A2_tile-247.nd2	1	1	A2	247
/home/jovyan/spatial-technology-platform/AB/6GP002/6GP002/plate_1/input_ph/round_1/plate-1_round-1_well-A2_tile-248.nd2	1	1	A2	248
/home/jovyan/spatial-technology-platform/AB/6GP002/6GP002/plate_1/input_ph/round_1/plate-1_round-1_well-A2_tile-249.nd2	1	1	A2	249
/home/jovyan/spatial-technology-platform/AB/6GP002/6GP002/plate_1/input_ph/round_1/plate-1_round-1_well-A2_tile-250.nd2	1	1	A2	250
/home/jovyan/spatial-technology-platform/AB/6GP002/6GP002/plate_1/input_ph/round_1/plate-1_round-1_well-A2_tile-251.nd2	1	1	A2	251
/home/jovyan/spatial-technology-platform/AB/6GP002/6GP002/plate_1/input_ph/round_1/plate-1_round-1_well-A2_tile-252.nd2	1	1	A2	252
/home/jovyan/spatial-technology-platform/AB/6GP002/6GP002/plate_1/input_ph/round_1/plate-1_round-1_well-A2_tile-253.nd2	1	1	A2	253
/home/jovyan/spatial-technology-platform/AB/6GP002/6GP002/plate_1/input_ph/round_1/plate-1_round-1_well-A2_tile-254.nd2	1	1	A2	254
/home/jovyan/spatial-technology-platform/AB/6GP002/6GP002/plate_1/input_ph/round_1/plate-1_round-1_well-A2_tile-255.nd2	1	1	A2	255
/home/jovyan/spatial-technology-platform/AB/6GP002/6GP002/plate_1/input_ph/round_1/plate-1_round-1_well-A2_tile-256.nd2	1	1	A2	256
/home/jovyan/spatial-technology-platform/AB/6GP002/6GP002/plate_1/input_ph/round_1/plate-1_round-1_well-A2_tile-257.nd2	1	1	A2	257
/home/jovyan/spatial-technology-platform/AB/6GP002/6GP002/plate_1/input_ph/round_1/plate-1_round-1_well-A2_tile-258.nd2	1	1	A2	258
/home/jovyan/spatial-technology-platform/AB/6GP002/6GP002/plate_1/input_ph/round_1/plate-1_round-1_well-A2_tile-259.nd2	1	1	A2	259
/home/jovyan/spatial-technology-platform/AB/6GP002/6GP002/plate_1/input_ph/round_1/plate-1_round-1_well-A2_tile-260.nd2	1	1	A2	260
/home/jovyan/spatial-technology-platform/AB/6GP002/6GP002/plate_1/input_ph/round_1/plate-1_round-1_well-A2_tile-261.nd2	1	1	A2	261
/home/jovyan/spatial-technology-platform/AB/6GP002/6GP002/plate_1/input_ph/round_1/plate-1_round-1_well-A2_tile-262.nd2	1	1	A2	262
/home/jovyan/spatial-technology-platform/AB/6GP002/6GP002/plate_1/input_ph/round_1/plate-1_round-1_well-A2_tile-263.nd2	1	1	A2	263
/home/jovyan/spatial-technology-platform/AB/6GP002/6GP002/plate_1/input_ph/round_1/plate-1_round-1_well-A2_tile-264.nd2	1	1	A2	264
/home/jovyan/spatial-technology-platform/AB/6GP002/6GP002/plate_1/input_ph/round_1/plate-1_round-1_well-A2_tile-265.nd2	1	1	A2	265
/home/jovyan/spatial-technology-platform/AB/6GP002/6GP002/plate_1/input_ph/round_1/plate-1_round-1_well-A2_tile-266.nd2	1	1	A2	266
/home/jovyan/spatial-technology-platform/AB/6GP002/6GP002/plate_1/input_ph/round_1/plate-1_round-1_well-A2_tile-267.nd2	1	1	A2	267
/home/jovyan/spatial-technology-platform/AB/6GP002/6GP002/plate_1/input_ph/round_1/plate-1_round-1_well-A2_tile-268.nd2	1	1	A2	268
/home/jovyan/spatial-technology-platform/AB/6GP002/6GP002/plate_1/input_ph/round_1/plate-1_round-1_well-A2_tile-269.nd2	1	1	A2	269
/home/jovyan/spatial-technology-platform/AB/6GP002/6GP002/plate_1/input_ph/round_1/plate-1_round-1_well-A2_tile-270.nd2	1	1	A2	270
/home/jovyan/spatial-technology-platform/AB/6GP002/6GP002/plate_1/input_ph/round_1/plate-1_round-1_well-A2_tile-271.nd2	1	1	A2	271
/home/jovyan/spatial-technology-platform/AB/6GP002/6GP002/plate_1/input_ph/round_1/plate-1_round-1_well-A2_tile-272.nd2	1	1	A2	272
/home/jovyan/spatial-technology-platform/AB/6GP002/6GP002/plate_1/input_ph/round_1/plate-1_round-1_well-A2_tile-273.nd2	1	1	A2	273
/home/jovyan/spatial-technology-platform/AB/6GP002/6GP002/plate_1/input_ph/round_1/plate-1_round-1_well-A2_tile-274.nd2	1	1	A2	274
/home/jovyan/spatial-technology-platform/AB/6GP002/6GP002/plate_1/input_ph/round_1/plate-1_round-1_well-A2_tile-275.nd2	1	1	A2	275
/home/jovyan/spatial-technology-platform/AB/6GP002/6GP002/plate_1/input_ph/round_1/plate-1_round-1_well-A2_tile-276.nd2	1	1	A2	276
/home/jovyan/spatial-technology-platform/AB/6GP002/6GP002/plate_1/input_ph/round_1/plate-1_round-1_well-A2_tile-277.nd2	1	1	A2	277
/home/jovyan/spatial-technology-platform/AB/6GP002/6GP002/plate_1/input_ph/round_1/plate-1_round-1_well-A2_tile-278.nd2	1	1	A2	278
/home/jovyan/spatial-technology-platform/AB/6GP002/6GP002/plate_1/input_ph/round_1/plate-1_round-1_well-A2_tile-279.nd2	1	1	A2	279
/home/jovyan/spatial-technology-platform/AB/6GP002/6GP002/plate_1/input_ph/round_1/plate-1_round-1_well-A2_tile-280.nd2	1	1	A2	280
/home/jovyan/spatial-technology-platform/AB/6GP002/6GP002/plate_1/input_ph/round_1/plate-1_round-1_well-A2_tile-281.nd2	1	1	A2	281
/home/jovyan/spatial-technology-platform/AB/6GP002/6GP002/plate_1/input_ph/round_1/plate-1_round-1_well-A2_tile-282.nd2	1	1	A2	282
/home/jovyan/spatial-technology-platform/AB/6GP002/6GP002/plate_1/input_ph/round_1/plate-1_round-1_well-A2_tile-283.nd2	1	1	A2	283
/home/jovyan/spatial-technology-platform/AB/6GP002/6GP002/plate_1/input_ph/round_1/plate-1_round-1_well-A2_tile-284.nd2	1	1	A2	284
/home/jovyan/spatial-technology-platform/AB/6GP002/6GP002/plate_1/input_ph/round_1/plate-1_round-1_well-A2_tile-285.nd2	1	1	A2	285
/home/jovyan/spatial-technology-platform/AB/6GP002/6GP002/plate_1/input_ph/round_1/plate-1_round-1_well-A2_tile-286.nd2	1	1	A2	286
/home/jovyan/spatial-technology-platform/AB/6GP002/6GP002/plate_1/input_ph/round_1/plate-1_round-1_well-A2_tile-287.nd2	1	1	A2	287
/home/jovyan/spatial-technology-platform/AB/6GP002/6GP002/plate_1/input_ph/round_1/plate-1_round-1_well-A2_tile-288.nd2	1	1	A2	288
/home/jovyan/spatial-technology-platform/AB/6GP002/6GP002/plate_1/input_ph/round_1/plate-1_round-1_well-A2_tile-289.nd2	1	1	A2	289
/home/jovyan/spatial-technology-platform/AB/6GP002/6GP002/plate_1/input_ph/round_1/plate-1_round-1_well-A2_tile-290.nd2	1	1	A2	290
/home/jovyan/spatial-technology-platform/AB/6GP002/6GP002/plate_1/input_ph/round_1/plate-1_round-1_well-A2_tile-291.nd2	1	1	A2	291
/home/jovyan/spatial-technology-platform/AB/6GP002/6GP002/plate_1/input_ph/round_1/plate-1_round-1_well-A2_tile-292.nd2	1	1	A2	292
/home/jovyan/spatial-technology-platform/AB/6GP002/6GP002/plate_1/input_ph/round_1/plate-1_round-1_well-A2_tile-293.nd2	1	1	A2	293
/home/jovyan/spatial-technology-platform/AB/6GP002/6GP002/plate_1/input_ph/round_1/plate-1_round-1_well-A2_tile-294.nd2	1	1	A2	294
/home/jovyan/spatial-technology-platform/AB/6GP002/6GP002/plate_1/input_ph/round_1/plate-1_round-1_well-A2_tile-295.nd2	1	1	A2	295
/home/jovyan/spatial-technology-platform/AB/6GP002/6GP002/plate_1/input_ph/round_1/plate-1_round-1_well-A2_tile-296.nd2	1	1	A2	296
/home/jovyan/spatial-technology-platform/AB/6GP002/6GP002/plate_1/input_ph/round_1/plate-1_round-1_well-A2_tile-297.nd2	1	1	A2	297
/home/jovyan/spatial-technology-platform/AB/6GP002/6GP002/plate_1/input_ph/round_1/plate-1_round-1_well-A2_tile-298.nd2	1	1	A2	298
/home/jovyan/spatial-technology-platform/AB/6GP002/6GP002/plate_1/input_ph/round_1/plate-1_round-1_well-A2_tile-299.nd2	1	1	A2	299
/home/jovyan/spatial-technology-platform/AB/6GP002/6GP002/plate_1/input_ph/round_1/plate-1_round-1_well-A2_tile-300.nd2	1	1	A2	300
/home/jovyan/spatial-technology-platform/AB/6GP002/6GP002/plate_1/input_ph/round_1/plate-1_round-1_well-A2_tile-301.nd2	1	1	A2	301
/home/jovyan/spatial-technology-platform/AB/6GP002/6GP002/plate_1/input_ph/round_1/plate-1_round-1_well-A2_tile-302.nd2	1	1	A2	302
/home/jovyan/spatial-technology-platform/AB/6GP002/6GP002/plate_1/input_ph/round_1/plate-1_round-1_well-A2_tile-303.nd2	1	1	A2	303
/home/jovyan/spatial-technology-platform/AB/6GP002/6GP002/plate_1/input_ph/round_1/plate-1_round-1_well-A2_tile-304.nd2	1	1	A2	304
/home/jovyan/spatial-technology-platform/AB/6GP002/6GP002/plate_1/input_ph/round_1/plate-1_round-1_well-A2_tile-305.nd2	1	1	A2	305
/home/jovyan/spatial-technology-platform/AB/6GP002/6GP002/plate_1/input_ph/round_1/plate-1_round-1_well-A2_tile-306.nd2	1	1	A2	306
/home/jovyan/spatial-technology-platform/AB/6GP002/6GP002/plate_1/input_ph/round_1/plate-1_round-1_well-A2_tile-307.nd2	1	1	A2	307
/home/jovyan/spatial-technology-platform/AB/6GP002/6GP002/plate_1/input_ph/round_1/plate-1_round-1_well-A2_tile-308.nd2	1	1	A2	308
/home/jovyan/spatial-technology-platform/AB/6GP002/6GP002/plate_1/input_ph/round_1/plate-1_round-1_well-A2_tile-309.nd2	1	1	A2	309
/home/jovyan/spatial-technology-platform/AB/6GP002/6GP002/plate_1/input_ph/round_1/plate-1_round-1_well-A2_tile-310.nd2	1	1	A2	310
/home/jovyan/spatial-technology-platform/AB/6GP002/6GP002/plate_1/input_ph/round_1/plate-1_round-1_well-A2_tile-311.nd2	1	1	A2	311
/home/jovyan/spatial-technology-platform/AB/6GP002/6GP002/plate_1/input_ph/round_1/plate-1_round-1_well-A2_tile-312.nd2	1	1	A2	312
/home/jovyan/spatial-technology-platform/AB/6GP002/6GP002/plate_1/input_ph/round_1/plate-1_round-1_well-A2_tile-313.nd2	1	1	A2	313
/home/jovyan/spatial-technology-platform/AB/6GP002/6GP002/plate_1/input_ph/round_1/plate-1_round-1_well-A2_tile-314.nd2	1	1	A2	314
/home/jovyan/spatial-technology-platform/AB/6GP002/6GP002/plate_1/input_ph/round_1/plate-1_round-1_well-A2_tile-315.nd2	1	1	A2	315
/home/jovyan/spatial-technology-platform/AB/6GP002/6GP002/plate_1/input_ph/round_1/plate-1_round-1_well-A2_tile-316.nd2	1	1	A2	316
/home/jovyan/spatial-technology-platform/AB/6GP002/6GP002/plate_1/input_ph/round_1/plate-1_round-1_well-A2_tile-317.nd2	1	1	A2	317
/home/jovyan/spatial-technology-platform/AB/6GP002/6GP002/plate_1/input_ph/round_1/plate-1_round-1_well-A2_tile-318.nd2	1	1	A2	318
/home/jovyan/spatial-technology-platform/AB/6GP002/6GP002/plate_1/input_ph/round_1/plate-1_round-1_well-A2_tile-319.nd2	1	1	A2	319
/home/jovyan/spatial-technology-platform/AB/6GP002/6GP002/plate_1/input_ph/round_1/plate-1_round-1_well-A2_tile-320.nd2	1	1	A2	320
/home/jovyan/spatial-technology-platform/AB/6GP002/6GP002/plate_1/input_ph/round_1/plate-1_round-1_well-A2_tile-321.nd2	1	1	A2	321
/home/jovyan/spatial-technology-platform/AB/6GP002/6GP002/plate_1/input_ph/round_1/plate-1_round-1_well-A2_tile-322.nd2	1	1	A2	322
/home/jovyan/spatial-technology-platform/AB/6GP002/6GP002/plate_1/input_ph/round_1/plate-1_round-1_well-A2_tile-323.nd2	1	1	A2	323
/home/jovyan/spatial-technology-platform/AB/6GP002/6GP002/plate_1/input_ph/round_1/plate-1_round-1_well-A2_tile-324.nd2	1	1	A2	324
/home/jovyan/spatial-technology-platform/AB/6GP002/6GP002/plate_1/input_ph/round_1/plate-1_round-1_well-A2_tile-325.nd2	1	1	A2	325
/home/jovyan/spatial-technology-platform/AB/6GP002/6GP002/plate_1/input_ph/round_1/plate-1_round-1_well-A2_tile-326.nd2	1	1	A2	326
/home/jovyan/spatial-technology-platform/AB/6GP002/6GP002/plate_1/input_ph/round_1/plate-1_round-1_well-A2_tile-327.nd2	1	1	A2	327
/home/jovyan/spatial-technology-platform/AB/6GP002/6GP002/plate_1/input_ph/round_1/plate-1_round-1_well-A2_tile-328.nd2	1	1	A2	328
/home/jovyan/spatial-technology-platform/AB/6GP002/6GP002/plate_1/input_ph/round_1/plate-1_round-1_well-A2_tile-329.nd2	1	1	A2	329
/home/jovyan/spatial-technology-platform/AB/6GP002/6GP002/plate_1/input_ph/round_1/plate-1_round-1_well-A2_tile-330.nd2	1	1	A2	330
/home/jovyan/spatial-technology-platform/AB/6GP002/6GP002/plate_1/input_ph/round_1/plate-1_round-1_well-A2_tile-331.nd2	1	1	A2	331
/home/jovyan/spatial-technology-platform/AB/6GP002/6GP002/plate_1/input_ph/round_1/plate-1_round-1_well-A2_tile-332.nd2	1	1	A2	332
/home/jovyan/spatial-technology-platform/AB/6GP002/6GP002/plate_1/input_ph/round_1/plate-1_round-1_well-A2_tile-333.nd2	1	1	A2	333
/home/jovyan/spatial-technology-platform/AB/6GP002/6GP002/plate_1/input_ph/round_1/plate-1_round-1_well-A2_tile-334.nd2	1	1	A2	334
/home/jovyan/spatial-technology-platform/AB/6GP002/6GP002/plate_1/input_ph/round_1/plate-1_round-1_well-A2_tile-335.nd2	1	1	A2	335
/home/jovyan/spatial-technology-platform/AB/6GP002/6GP002/plate_1/input_ph/round_1/plate-1_round-1_well-A2_tile-336.nd2	1	1	A2	336
/home/jovyan/spatial-technology-platform/AB/6GP002/6GP002/plate_1/input_ph/round_1/plate-1_round-1_well-A2_tile-337.nd2	1	1	A2	337
/home/jovyan/spatial-technology-platform/AB/6GP002/6GP002/plate_1/input_ph/round_1/plate-1_round-1_well-A2_tile-338.nd2	1	1	A2	338
/home/jovyan/spatial-technology-platform/AB/6GP002/6GP002/plate_1/input_ph/round_1/plate-1_round-1_well-A2_tile-339.nd2	1	1	A2	339
/home/jovyan/spatial-technology-platform/AB/6GP002/6GP002/plate_1/input_ph/round_1/plate-1_round-1_well-A2_tile-340.nd2	1	1	A2	340
/home/jovyan/spatial-technology-platform/AB/6GP002/6GP002/plate_1/input_ph/round_1/plate-1_round-1_well-A2_tile-341.nd2	1	1	A2	341
/home/jovyan/spatial-technology-platform/AB/6GP002/6GP002/plate_1/input_ph/round_1/plate-1_round-1_well-A2_tile-342.nd2	1	1	A2	342
/home/jovyan/spatial-technology-platform/AB/6GP002/6GP002/plate_1/input_ph/round_1/plate-1_round-1_well-A2_tile-343.nd2	1	1	A2	343
/home/jovyan/spatial-technology-platform/AB/6GP002/6GP002/plate_1/input_ph/round_1/plate-1_round-1_well-A2_tile-344.nd2	1	1	A2	344
/home/jovyan/spatial-technology-platform/AB/6GP002/6GP002/plate_1/input_ph/round_1/plate-1_round-1_well-A2_tile-345.nd2	1	1	A2	345
/home/jovyan/spatial-technology-platform/AB/6GP002/6GP002/plate_1/input_ph/round_1/plate-1_round-1_well-A2_tile-346.nd2	1	1	A2	346
/home/jovyan/spatial-technology-platform/AB/6GP002/6GP002/plate_1/input_ph/round_1/plate-1_round-1_well-A2_tile-347.nd2	1	1	A2	347
/home/jovyan/spatial-technology-platform/AB/6GP002/6GP002/plate_1/input_ph/round_1/plate-1_round-1_well-A2_tile-348.nd2	1	1	A2	348
/home/jovyan/spatial-technology-platform/AB/6GP002/6GP002/plate_1/input_ph/round_1/plate-1_round-1_well-C2_tile-0.nd2	1	1	C2	0
/home/jovyan/spatial-technology-platform/AB/6GP002/6GP002/plate_1/input_ph/round_1/plate-1_round-1_well-C2_tile-1.nd2	1	1	C2	1
/home/jovyan/spatial-technology-platform/AB/6GP002/6GP002/plate_1/input_ph/round_1/plate-1_round-1_well-C2_tile-2.nd2	1	1	C2	2
/home/jovyan/spatial-technology-platform/AB/6GP002/6GP002/plate_1/input_ph/round_1/plate-1_round-1_well-C2_tile-3.nd2	1	1	C2	3
/home/jovyan/spatial-technology-platform/AB/6GP002/6GP002/plate_1/input_ph/round_1/plate-1_round-1_well-C2_tile-4.nd2	1	1	C2	4
/home/jovyan/spatial-technology-platform/AB/6GP002/6GP002/plate_1/input_ph/round_1/plate-1_round-1_well-C2_tile-5.nd2	1	1	C2	5
/home/jovyan/spatial-technology-platform/AB/6GP002/6GP002/plate_1/input_ph/round_1/plate-1_round-1_well-C2_tile-6.nd2	1	1	C2	6
/home/jovyan/spatial-technology-platform/AB/6GP002/6GP002/plate_1/input_ph/round_1/plate-1_round-1_well-C2_tile-7.nd2	1	1	C2	7
/home/jovyan/spatial-technology-platform/AB/6GP002/6GP002/plate_1/input_ph/round_1/plate-1_round-1_well-C2_tile-8.nd2	1	1	C2	8
/home/jovyan/spatial-technology-platform/AB/6GP002/6GP002/plate_1/input_ph/round_1/plate-1_round-1_well-C2_tile-9.nd2	1	1	C2	9
/home/jovyan/spatial-technology-platform/AB/6GP002/6GP002/plate_1/input_ph/round_1/plate-1_round-1_well-C2_tile-10.nd2	1	1	C2	10
/home/jovyan/spatial-technology-platform/AB/6GP002/6GP002/plate_1/input_ph/round_1/plate-1_round-1_well-C2_tile-11.nd2	1	1	C2	11
/home/jovyan/spatial-technology-platform/AB/6GP002/6GP002/plate_1/input_ph/round_1/plate-1_round-1_well-C2_tile-12.nd2	1	1	C2	12
/home/jovyan/spatial-technology-platform/AB/6GP002/6GP002/plate_1/input_ph/round_1/plate-1_round-1_well-C2_tile-13.nd2	1	1	C2	13
/home/jovyan/spatial-technology-platform/AB/6GP002/6GP002/plate_1/input_ph/round_1/plate-1_round-1_well-C2_tile-14.nd2	1	1	C2	14
/home/jovyan/spatial-technology-platform/AB/6GP002/6GP002/plate_1/input_ph/round_1/plate-1_round-1_well-C2_tile-15.nd2	1	1	C2	15
/home/jovyan/spatial-technology-platform/AB/6GP002/6GP002/plate_1/input_ph/round_1/plate-1_round-1_well-C2_tile-16.nd2	1	1	C2	16
/home/jovyan/spatial-technology-platform/AB/6GP002/6GP002/plate_1/input_ph/round_1/plate-1_round-1_well-C2_tile-17.nd2	1	1	C2	17
/home/jovyan/spatial-technology-platform/AB/6GP002/6GP002/plate_1/input_ph/round_1/plate-1_round-1_well-C2_tile-18.nd2	1	1	C2	18
/home/jovyan/spatial-technology-platform/AB/6GP002/6GP002/plate_1/input_ph/round_1/plate-1_round-1_well-C2_tile-19.nd2	1	1	C2	19
/home/jovyan/spatial-technology-platform/AB/6GP002/6GP002/plate_1/input_ph/round_1/plate-1_round-1_well-C2_tile-20.nd2	1	1	C2	20
/home/jovyan/spatial-technology-platform/AB/6GP002/6GP002/plate_1/input_ph/round_1/plate-1_round-1_well-C2_tile-21.nd2	1	1	C2	21
/home/jovyan/spatial-technology-platform/AB/6GP002/6GP002/plate_1/input_ph/round_1/plate-1_round-1_well-C2_tile-22.nd2	1	1	C2	22
/home/jovyan/spatial-technology-platform/AB/6GP002/6GP002/plate_1/input_ph/round_1/plate-1_round-1_well-C2_tile-23.nd2	1	1	C2	23
/home/jovyan/spatial-technology-platform/AB/6GP002/6GP002/plate_1/input_ph/round_1/plate-1_round-1_well-C2_tile-24.nd2	1	1	C2	24
/home/jovyan/spatial-technology-platform/AB/6GP002/6GP002/plate_1/input_ph/round_1/plate-1_round-1_well-C2_tile-25.nd2	1	1	C2	25
/home/jovyan/spatial-technology-platform/AB/6GP002/6GP002/plate_1/input_ph/round_1/plate-1_round-1_well-C2_tile-26.nd2	1	1	C2	26
/home/jovyan/spatial-technology-platform/AB/6GP002/6GP002/plate_1/input_ph/round_1/plate-1_round-1_well-C2_tile-27.nd2	1	1	C2	27
/home/jovyan/spatial-technology-platform/AB/6GP002/6GP002/plate_1/input_ph/round_1/plate-1_round-1_well-C2_tile-28.nd2	1	1	C2	28
/home/jovyan/spatial-technology-platform/AB/6GP002/6GP002/plate_1/input_ph/round_1/plate-1_round-1_well-C2_tile-29.nd2	1	1	C2	29
/home/jovyan/spatial-technology-platform/AB/6GP002/6GP002/plate_1/input_ph/round_1/plate-1_round-1_well-C2_tile-30.nd2	1	1	C2	30
/home/jovyan/spatial-technology-platform/AB/6GP002/6GP002/plate_1/input_ph/round_1/plate-1_round-1_well-C2_tile-31.nd2	1	1	C2	31
/home/jovyan/spatial-technology-platform/AB/6GP002/6GP002/plate_1/input_ph/round_1/plate-1_round-1_well-C2_tile-32.nd2	1	1	C2	32
/home/jovyan/spatial-technology-platform/AB/6GP002/6GP002/plate_1/input_ph/round_1/plate-1_round-1_well-C2_tile-33.nd2	1	1	C2	33
/home/jovyan/spatial-technology-platform/AB/6GP002/6GP002/plate_1/input_ph/round_1/plate-1_round-1_well-C2_tile-34.nd2	1	1	C2	34
/home/jovyan/spatial-technology-platform/AB/6GP002/6GP002/plate_1/input_ph/round_1/plate-1_round-1_well-C2_tile-35.nd2	1	1	C2	35
/home/jovyan/spatial-technology-platform/AB/6GP002/6GP002/plate_1/input_ph/round_1/plate-1_round-1_well-C2_tile-36.nd2	1	1	C2	36
/home/jovyan/spatial-technology-platform/AB/6GP002/6GP002/plate_1/input_ph/round_1/plate-1_round-1_well-C2_tile-37.nd2	1	1	C2	37
/home/jovyan/spatial-technology-platform/AB/6GP002/6GP002/plate_1/input_ph/round_1/plate-1_round-1_well-C2_tile-38.nd2	1	1	C2	38
/home/jovyan/spatial-technology-platform/AB/6GP002/6GP002/plate_1/input_ph/round_1/plate-1_round-1_well-C2_tile-39.nd2	1	1	C2	39
/home/jovyan/spatial-technology-platform/AB/6GP002/6GP002/plate_1/input_ph/round_1/plate-1_round-1_well-C2_tile-40.nd2	1	1	C2	40
/home/jovyan/spatial-technology-platform/AB/6GP002/6GP002/plate_1/input_ph/round_1/plate-1_round-1_well-C2_tile-41.nd2	1	1	C2	41
/home/jovyan/spatial-technology-platform/AB/6GP002/6GP002/plate_1/input_ph/round_1/plate-1_round-1_well-C2_tile-42.nd2	1	1	C2	42
/home/jovyan/spatial-technology-platform/AB/6GP002/6GP002/plate_1/input_ph/round_1/plate-1_round-1_well-C2_tile-43.nd2	1	1	C2	43
/home/jovyan/spatial-technology-platform/AB/6GP002/6GP002/plate_1/input_ph/round_1/plate-1_round-1_well-C2_tile-44.nd2	1	1	C2	44
/home/jovyan/spatial-technology-platform/AB/6GP002/6GP002/plate_1/input_ph/round_1/plate-1_round-1_well-C2_tile-45.nd2	1	1	C2	45
/home/jovyan/spatial-technology-platform/AB/6GP002/6GP002/plate_1/input_ph/round_1/plate-1_round-1_well-C2_tile-46.nd2	1	1	C2	46
/home/jovyan/spatial-technology-platform/AB/6GP002/6GP002/plate_1/input_ph/round_1/plate-1_round-1_well-C2_tile-47.nd2	1	1	C2	47
/home/jovyan/spatial-technology-platform/AB/6GP002/6GP002/plate_1/input_ph/round_1/plate-1_round-1_well-C2_tile-48.nd2	1	1	C2	48
/home/jovyan/spatial-technology-platform/AB/6GP002/6GP002/plate_1/input_ph/round_1/plate-1_round-1_well-C2_tile-49.nd2	1	1	C2	49
/home/jovyan/spatial-technology-platform/AB/6GP002/6GP002/plate_1/input_ph/round_1/plate-1_round-1_well-C2_tile-50.nd2	1	1	C2	50
/home/jovyan/spatial-technology-platform/AB/6GP002/6GP002/plate_1/input_ph/round_1/plate-1_round-1_well-C2_tile-51.nd2	1	1	C2	51
/home/jovyan/spatial-technology-platform/AB/6GP002/6GP002/plate_1/input_ph/round_1/plate-1_round-1_well-C2_tile-52.nd2	1	1	C2	52
/home/jovyan/spatial-technology-platform/AB/6GP002/6GP002/plate_1/input_ph/round_1/plate-1_round-1_well-C2_tile-53.nd2	1	1	C2	53
/home/jovyan/spatial-technology-platform/AB/6GP002/6GP002/plate_1/input_ph/round_1/plate-1_round-1_well-C2_tile-54.nd2	1	1	C2	54
/home/jovyan/spatial-technology-platform/AB/6GP002/6GP002/plate_1/input_ph/round_1/plate-1_round-1_well-C2_tile-55.nd2	1	1	C2	55
/home/jovyan/spatial-technology-platform/AB/6GP002/6GP002/plate_1/input_ph/round_1/plate-1_round-1_well-C2_tile-56.nd2	1	1	C2	56
/home/jovyan/spatial-technology-platform/AB/6GP002/6GP002/plate_1/input_ph/round_1/plate-1_round-1_well-C2_tile-57.nd2	1	1	C2	57
/home/jovyan/spatial-technology-platform/AB/6GP002/6GP002/plate_1/input_ph/round_1/plate-1_round-1_well-C2_tile-58.nd2	1	1	C2	58
/home/jovyan/spatial-technology-platform/AB/6GP002/6GP002/plate_1/input_ph/round_1/plate-1_round-1_well-C2_tile-59.nd2	1	1	C2	59
/home/jovyan/spatial-technology-platform/AB/6GP002/6GP002/plate_1/input_ph/round_1/plate-1_round-1_well-C2_tile-60.nd2	1	1	C2	60
/home/jovyan/spatial-technology-platform/AB/6GP002/6GP002/plate_1/input_ph/round_1/plate-1_round-1_well-C2_tile-61.nd2	1	1	C2	61
/home/jovyan/spatial-technology-platform/AB/6GP002/6GP002/plate_1/input_ph/round_1/plate-1_round-1_well-C2_tile-62.nd2	1	1	C2	62
/home/jovyan/spatial-technology-platform/AB/6GP002/6GP002/plate_1/input_ph/round_1/plate-1_round-1_well-C2_tile-63.nd2	1	1	C2	63
/home/jovyan/spatial-technology-platform/AB/6GP002/6GP002/plate_1/input_ph/round_1/plate-1_round-1_well-C2_tile-64.nd2	1	1	C2	64
/home/jovyan/spatial-technology-platform/AB/6GP002/6GP002/plate_1/input_ph/round_1/plate-1_round-1_well-C2_tile-65.nd2	1	1	C2	65
/home/jovyan/spatial-technology-platform/AB/6GP002/6GP002/plate_1/input_ph/round_1/plate-1_round-1_well-C2_tile-66.nd2	1	1	C2	66
/home/jovyan/spatial-technology-platform/AB/6GP002/6GP002/plate_1/input_ph/round_1/plate-1_round-1_well-C2_tile-67.nd2	1	1	C2	67
/home/jovyan/spatial-technology-platform/AB/6GP002/6GP002/plate_1/input_ph/round_1/plate-1_round-1_well-C2_tile-68.nd2	1	1	C2	68
/home/jovyan/spatial-technology-platform/AB/6GP002/6GP002/plate_1/input_ph/round_1/plate-1_round-1_well-C2_tile-69.nd2	1	1	C2	69
/home/jovyan/spatial-technology-platform/AB/6GP002/6GP002/plate_1/input_ph/round_1/plate-1_round-1_well-C2_tile-70.nd2	1	1	C2	70
/home/jovyan/spatial-technology-platform/AB/6GP002/6GP002/plate_1/input_ph/round_1/plate-1_round-1_well-C2_tile-71.nd2	1	1	C2	71
/home/jovyan/spatial-technology-platform/AB/6GP002/6GP002/plate_1/input_ph/round_1/plate-1_round-1_well-C2_tile-72.nd2	1	1	C2	72
/home/jovyan/spatial-technology-platform/AB/6GP002/6GP002/plate_1/input_ph/round_1/plate-1_round-1_well-C2_tile-73.nd2	1	1	C2	73
/home/jovyan/spatial-technology-platform/AB/6GP002/6GP002/plate_1/input_ph/round_1/plate-1_round-1_well-C2_tile-74.nd2	1	1	C2	74
/home/jovyan/spatial-technology-platform/AB/6GP002/6GP002/plate_1/input_ph/round_1/plate-1_round-1_well-C2_tile-75.nd2	1	1	C2	75
/home/jovyan/spatial-technology-platform/AB/6GP002/6GP002/plate_1/input_ph/round_1/plate-1_round-1_well-C2_tile-76.nd2	1	1	C2	76
/home/jovyan/spatial-technology-platform/AB/6GP002/6GP002/plate_1/input_ph/round_1/plate-1_round-1_well-C2_tile-77.nd2	1	1	C2	77
/home/jovyan/spatial-technology-platform/AB/6GP002/6GP002/plate_1/input_ph/round_1/plate-1_round-1_well-C2_tile-78.nd2	1	1	C2	78
/home/jovyan/spatial-technology-platform/AB/6GP002/6GP002/plate_1/input_ph/round_1/plate-1_round-1_well-C2_tile-79.nd2	1	1	C2	79
/home/jovyan/spatial-technology-platform/AB/6GP002/6GP002/plate_1/input_ph/round_1/plate-1_round-1_well-C2_tile-80.nd2	1	1	C2	80
/home/jovyan/spatial-technology-platform/AB/6GP002/6GP002/plate_1/input_ph/round_1/plate-1_round-1_well-C2_tile-81.nd2	1	1	C2	81
/home/jovyan/spatial-technology-platform/AB/6GP002/6GP002/plate_1/input_ph/round_1/plate-1_round-1_well-C2_tile-82.nd2	1	1	C2	82
/home/jovyan/spatial-technology-platform/AB/6GP002/6GP002/plate_1/input_ph/round_1/plate-1_round-1_well-C2_tile-83.nd2	1	1	C2	83
/home/jovyan/spatial-technology-platform/AB/6GP002/6GP002/plate_1/input_ph/round_1/plate-1_round-1_well-C2_tile-84.nd2	1	1	C2	84
/home/jovyan/spatial-technology-platform/AB/6GP002/6GP002/plate_1/input_ph/round_1/plate-1_round-1_well-C2_tile-85.nd2	1	1	C2	85
/home/jovyan/spatial-technology-platform/AB/6GP002/6GP002/plate_1/input_ph/round_1/plate-1_round-1_well-C2_tile-86.nd2	1	1	C2	86
/home/jovyan/spatial-technology-platform/AB/6GP002/6GP002/plate_1/input_ph/round_1/plate-1_round-1_well-C2_tile-87.nd2	1	1	C2	87
/home/jovyan/spatial-technology-platform/AB/6GP002/6GP002/plate_1/input_ph/round_1/plate-1_round-1_well-C2_tile-88.nd2	1	1	C2	88
/home/jovyan/spatial-technology-platform/AB/6GP002/6GP002/plate_1/input_ph/round_1/plate-1_round-1_well-C2_tile-89.nd2	1	1	C2	89
/home/jovyan/spatial-technology-platform/AB/6GP002/6GP002/plate_1/input_ph/round_1/plate-1_round-1_well-C2_tile-90.nd2	1	1	C2	90
/home/jovyan/spatial-technology-platform/AB/6GP002/6GP002/plate_1/input_ph/round_1/plate-1_round-1_well-C2_tile-91.nd2	1	1	C2	91
/home/jovyan/spatial-technology-platform/AB/6GP002/6GP002/plate_1/input_ph/round_1/plate-1_round-1_well-C2_tile-92.nd2	1	1	C2	92
/home/jovyan/spatial-technology-platform/AB/6GP002/6GP002/plate_1/input_ph/round_1/plate-1_round-1_well-C2_tile-93.nd2	1	1	C2	93
/home/jovyan/spatial-technology-platform/AB/6GP002/6GP002/plate_1/input_ph/round_1/plate-1_round-1_well-C2_tile-94.nd2	1	1	C2	94
/home/jovyan/spatial-technology-platform/AB/6GP002/6GP002/plate_1/input_ph/round_1/plate-1_round-1_well-C2_tile-95.nd2	1	1	C2	95
/home/jovyan/spatial-technology-platform/AB/6GP002/6GP002/plate_1/input_ph/round_1/plate-1_round-1_well-C2_tile-96.nd2	1	1	C2	96
/home/jovyan/spatial-technology-platform/AB/6GP002/6GP002/plate_1/input_ph/round_1/plate-1_round-1_well-C2_tile-97.nd2	1	1	C2	97
/home/jovyan/spatial-technology-platform/AB/6GP002/6GP002/plate_1/input_ph/round_1/plate-1_round-1_well-C2_tile-98.nd2	1	1	C2	98
/home/jovyan/spatial-technology-platform/AB/6GP002/6GP002/plate_1/input_ph/round_1/plate-1_round-1_well-C2_tile-99.nd2	1	1	C2	99
/home/jovyan/spatial-technology-platform/AB/6GP002/6GP002/plate_1/input_ph/round_1/plate-1_round-1_well-C2_tile-100.nd2	1	1	C2	100
/home/jovyan/spatial-technology-platform/AB/6GP002/6GP002/plate_1/input_ph/round_1/plate-1_round-1_well-C2_tile-101.nd2	1	1	C2	101
/home/jovyan/spatial-technology-platform/AB/6GP002/6GP002/plate_1/input_ph/round_1/plate-1_round-1_well-C2_tile-102.nd2	1	1	C2	102
/home/jovyan/spatial-technology-platform/AB/6GP002/6GP002/plate_1/input_ph/round_1/plate-1_round-1_well-C2_tile-103.nd2	1	1	C2	103
/home/jovyan/spatial-technology-platform/AB/6GP002/6GP002/plate_1/input_ph/round_1/plate-1_round-1_well-C2_tile-104.nd2	1	1	C2	104
/home/jovyan/spatial-technology-platform/AB/6GP002/6GP002/plate_1/input_ph/round_1/plate-1_round-1_well-C2_tile-105.nd2	1	1	C2	105
/home/jovyan/spatial-technology-platform/AB/6GP002/6GP002/plate_1/input_ph/round_1/plate-1_round-1_well-C2_tile-106.nd2	1	1	C2	106
/home/jovyan/spatial-technology-platform/AB/6GP002/6GP002/plate_1/input_ph/round_1/plate-1_round-1_well-C2_tile-107.nd2	1	1	C2	107
/home/jovyan/spatial-technology-platform/AB/6GP002/6GP002/plate_1/input_ph/round_1/plate-1_round-1_well-C2_tile-108.nd2	1	1	C2	108
/home/jovyan/spatial-technology-platform/AB/6GP002/6GP002/plate_1/input_ph/round_1/plate-1_round-1_well-C2_tile-109.nd2	1	1	C2	109
/home/jovyan/spatial-technology-platform/AB/6GP002/6GP002/plate_1/input_ph/round_1/plate-1_round-1_well-C2_tile-110.nd2	1	1	C2	110
/home/jovyan/spatial-technology-platform/AB/6GP002/6GP002/plate_1/input_ph/round_1/plate-1_round-1_well-C2_tile-111.nd2	1	1	C2	111
/home/jovyan/spatial-technology-platform/AB/6GP002/6GP002/plate_1/input_ph/round_1/plate-1_round-1_well-C2_tile-112.nd2	1	1	C2	112
/home/jovyan/spatial-technology-platform/AB/6GP002/6GP002/plate_1/input_ph/round_1/plate-1_round-1_well-C2_tile-113.nd2	1	1	C2	113
/home/jovyan/spatial-technology-platform/AB/6GP002/6GP002/plate_1/input_ph/round_1/plate-1_round-1_well-C2_tile-114.nd2	1	1	C2	114
/home/jovyan/spatial-technology-platform/AB/6GP002/6GP002/plate_1/input_ph/round_1/plate-1_round-1_well-C2_tile-115.nd2	1	1	C2	115
/home/jovyan/spatial-technology-platform/AB/6GP002/6GP002/plate_1/input_ph/round_1/plate-1_round-1_well-C2_tile-116.nd2	1	1	C2	116
/home/jovyan/spatial-technology-platform/AB/6GP002/6GP002/plate_1/input_ph/round_1/plate-1_round-1_well-C2_tile-117.nd2	1	1	C2	117
/home/jovyan/spatial-technology-platform/AB/6GP002/6GP002/plate_1/input_ph/round_1/plate-1_round-1_well-C2_tile-118.nd2	1	1	C2	118
/home/jovyan/spatial-technology-platform/AB/6GP002/6GP002/plate_1/input_ph/round_1/plate-1_round-1_well-C2_tile-119.nd2	1	1	C2	119
/home/jovyan/spatial-technology-platform/AB/6GP002/6GP002/plate_1/input_ph/round_1/plate-1_round-1_well-C2_tile-120.nd2	1	1	C2	120
/home/jovyan/spatial-technology-platform/AB/6GP002/6GP002/plate_1/input_ph/round_1/plate-1_round-1_well-C2_tile-121.nd2	1	1	C2	121
/home/jovyan/spatial-technology-platform/AB/6GP002/6GP002/plate_1/input_ph/round_1/plate-1_round-1_well-C2_tile-122.nd2	1	1	C2	122
/home/jovyan/spatial-technology-platform/AB/6GP002/6GP002/plate_1/input_ph/round_1/plate-1_round-1_well-C2_tile-123.nd2	1	1	C2	123
/home/jovyan/spatial-technology-platform/AB/6GP002/6GP002/plate_1/input_ph/round_1/plate-1_round-1_well-C2_tile-124.nd2	1	1	C2	124
/home/jovyan/spatial-technology-platform/AB/6GP002/6GP002/plate_1/input_ph/round_1/plate-1_round-1_well-C2_tile-125.nd2	1	1	C2	125
/home/jovyan/spatial-technology-platform/AB/6GP002/6GP002/plate_1/input_ph/round_1/plate-1_round-1_well-C2_tile-126.nd2	1	1	C2	126
/home/jovyan/spatial-technology-platform/AB/6GP002/6GP002/plate_1/input_ph/round_1/plate-1_round-1_well-C2_tile-127.nd2	1	1	C2	127
/home/jovyan/spatial-technology-platform/AB/6GP002/6GP002/plate_1/input_ph/round_1/plate-1_round-1_well-C2_tile-128.nd2	1	1	C2	128
/home/jovyan/spatial-technology-platform/AB/6GP002/6GP002/plate_1/input_ph/round_1/plate-1_round-1_well-C2_tile-129.nd2	1	1	C2	129
/home/jovyan/spatial-technology-platform/AB/6GP002/6GP002/plate_1/input_ph/round_1/plate-1_round-1_well-C2_tile-130.nd2	1	1	C2	130
/home/jovyan/spatial-technology-platform/AB/6GP002/6GP002/plate_1/input_ph/round_1/plate-1_round-1_well-C2_tile-131.nd2	1	1	C2	131
/home/jovyan/spatial-technology-platform/AB/6GP002/6GP002/plate_1/input_ph/round_1/plate-1_round-1_well-C2_tile-132.nd2	1	1	C2	132
/home/jovyan/spatial-technology-platform/AB/6GP002/6GP002/plate_1/input_ph/round_1/plate-1_round-1_well-C2_tile-133.nd2	1	1	C2	133
/home/jovyan/spatial-technology-platform/AB/6GP002/6GP002/plate_1/input_ph/round_1/plate-1_round-1_well-C2_tile-134.nd2	1	1	C2	134
/home/jovyan/spatial-technology-platform/AB/6GP002/6GP002/plate_1/input_ph/round_1/plate-1_round-1_well-C2_tile-135.nd2	1	1	C2	135
/home/jovyan/spatial-technology-platform/AB/6GP002/6GP002/plate_1/input_ph/round_1/plate-1_round-1_well-C2_tile-136.nd2	1	1	C2	136
/home/jovyan/spatial-technology-platform/AB/6GP002/6GP002/plate_1/input_ph/round_1/plate-1_round-1_well-C2_tile-137.nd2	1	1	C2	137
/home/jovyan/spatial-technology-platform/AB/6GP002/6GP002/plate_1/input_ph/round_1/plate-1_round-1_well-C2_tile-138.nd2	1	1	C2	138
/home/jovyan/spatial-technology-platform/AB/6GP002/6GP002/plate_1/input_ph/round_1/plate-1_round-1_well-C2_tile-139.nd2	1	1	C2	139
/home/jovyan/spatial-technology-platform/AB/6GP002/6GP002/plate_1/input_ph/round_1/plate-1_round-1_well-C2_tile-140.nd2	1	1	C2	140
/home/jovyan/spatial-technology-platform/AB/6GP002/6GP002/plate_1/input_ph/round_1/plate-1_round-1_well-C2_tile-141.nd2	1	1	C2	141
/home/jovyan/spatial-technology-platform/AB/6GP002/6GP002/plate_1/input_ph/round_1/plate-1_round-1_well-C2_tile-142.nd2	1	1	C2	142
/home/jovyan/spatial-technology-platform/AB/6GP002/6GP002/plate_1/input_ph/round_1/plate-1_round-1_well-C2_tile-143.nd2	1	1	C2	143
/home/jovyan/spatial-technology-platform/AB/6GP002/6GP002/plate_1/input_ph/round_1/plate-1_round-1_well-C2_tile-144.nd2	1	1	C2	144
/home/jovyan/spatial-technology-platform/AB/6GP002/6GP002/plate_1/input_ph/round_1/plate-1_round-1_well-C2_tile-145.nd2	1	1	C2	145
/home/jovyan/spatial-technology-platform/AB/6GP002/6GP002/plate_1/input_ph/round_1/plate-1_round-1_well-C2_tile-146.nd2	1	1	C2	146
/home/jovyan/spatial-technology-platform/AB/6GP002/6GP002/plate_1/input_ph/round_1/plate-1_round-1_well-C2_tile-147.nd2	1	1	C2	147
/home/jovyan/spatial-technology-platform/AB/6GP002/6GP002/plate_1/input_ph/round_1/plate-1_round-1_well-C2_tile-148.nd2	1	1	C2	148
/home/jovyan/spatial-technology-platform/AB/6GP002/6GP002/plate_1/input_ph/round_1/plate-1_round-1_well-C2_tile-149.nd2	1	1	C2	149
/home/jovyan/spatial-technology-platform/AB/6GP002/6GP002/plate_1/input_ph/round_1/plate-1_round-1_well-C2_tile-150.nd2	1	1	C2	150
/home/jovyan/spatial-technology-platform/AB/6GP002/6GP002/plate_1/input_ph/round_1/plate-1_round-1_well-C2_tile-151.nd2	1	1	C2	151
/home/jovyan/spatial-technology-platform/AB/6GP002/6GP002/plate_1/input_ph/round_1/plate-1_round-1_well-C2_tile-152.nd2	1	1	C2	152
/home/jovyan/spatial-technology-platform/AB/6GP002/6GP002/plate_1/input_ph/round_1/plate-1_round-1_well-C2_tile-153.nd2	1	1	C2	153
/home/jovyan/spatial-technology-platform/AB/6GP002/6GP002/plate_1/input_ph/round_1/plate-1_round-1_well-C2_tile-154.nd2	1	1	C2	154
/home/jovyan/spatial-technology-platform/AB/6GP002/6GP002/plate_1/input_ph/round_1/plate-1_round-1_well-C2_tile-155.nd2	1	1	C2	155
/home/jovyan/spatial-technology-platform/AB/6GP002/6GP002/plate_1/input_ph/round_1/plate-1_round-1_well-C2_tile-156.nd2	1	1	C2	156
/home/jovyan/spatial-technology-platform/AB/6GP002/6GP002/plate_1/input_ph/round_1/plate-1_round-1_well-C2_tile-157.nd2	1	1	C2	157
/home/jovyan/spatial-technology-platform/AB/6GP002/6GP002/plate_1/input_ph/round_1/plate-1_round-1_well-C2_tile-158.nd2	1	1	C2	158
/home/jovyan/spatial-technology-platform/AB/6GP002/6GP002/plate_1/input_ph/round_1/plate-1_round-1_well-C2_tile-159.nd2	1	1	C2	159
/home/jovyan/spatial-technology-platform/AB/6GP002/6GP002/plate_1/input_ph/round_1/plate-1_round-1_well-C2_tile-160.nd2	1	1	C2	160
/home/jovyan/spatial-technology-platform/AB/6GP002/6GP002/plate_1/input_ph/round_1/plate-1_round-1_well-C2_tile-161.nd2	1	1	C2	161
/home/jovyan/spatial-technology-platform/AB/6GP002/6GP002/plate_1/input_ph/round_1/plate-1_round-1_well-C2_tile-162.nd2	1	1	C2	162
/home/jovyan/spatial-technology-platform/AB/6GP002/6GP002/plate_1/input_ph/round_1/plate-1_round-1_well-C2_tile-163.nd2	1	1	C2	163
/home/jovyan/spatial-technology-platform/AB/6GP002/6GP002/plate_1/input_ph/round_1/plate-1_round-1_well-C2_tile-164.nd2	1	1	C2	164
/home/jovyan/spatial-technology-platform/AB/6GP002/6GP002/plate_1/input_ph/round_1/plate-1_round-1_well-C2_tile-165.nd2	1	1	C2	165
/home/jovyan/spatial-technology-platform/AB/6GP002/6GP002/plate_1/input_ph/round_1/plate-1_round-1_well-C2_tile-166.nd2	1	1	C2	166
/home/jovyan/spatial-technology-platform/AB/6GP002/6GP002/plate_1/input_ph/round_1/plate-1_round-1_well-C2_tile-167.nd2	1	1	C2	167
/home/jovyan/spatial-technology-platform/AB/6GP002/6GP002/plate_1/input_ph/round_1/plate-1_round-1_well-C2_tile-168.nd2	1	1	C2	168
/home/jovyan/spatial-technology-platform/AB/6GP002/6GP002/plate_1/input_ph/round_1/plate-1_round-1_well-C2_tile-169.nd2	1	1	C2	169
/home/jovyan/spatial-technology-platform/AB/6GP002/6GP002/plate_1/input_ph/round_1/plate-1_round-1_well-C2_tile-170.nd2	1	1	C2	170
/home/jovyan/spatial-technology-platform/AB/6GP002/6GP002/plate_1/input_ph/round_1/plate-1_round-1_well-C2_tile-171.nd2	1	1	C2	171
/home/jovyan/spatial-technology-platform/AB/6GP002/6GP002/plate_1/input_ph/round_1/plate-1_round-1_well-C2_tile-172.nd2	1	1	C2	172
/home/jovyan/spatial-technology-platform/AB/6GP002/6GP002/plate_1/input_ph/round_1/plate-1_round-1_well-C2_tile-173.nd2	1	1	C2	173
/home/jovyan/spatial-technology-platform/AB/6GP002/6GP002/plate_1/input_ph/round_1/plate-1_round-1_well-C2_tile-174.nd2	1	1	C2	174
/home/jovyan/spatial-technology-platform/AB/6GP002/6GP002/plate_1/input_ph/round_1/plate-1_round-1_well-C2_tile-175.nd2	1	1	C2	175
/home/jovyan/spatial-technology-platform/AB/6GP002/6GP002/plate_1/input_ph/round_1/plate-1_round-1_well-C2_tile-176.nd2	1	1	C2	176
/home/jovyan/spatial-technology-platform/AB/6GP002/6GP002/plate_1/input_ph/round_1/plate-1_round-1_well-C2_tile-177.nd2	1	1	C2	177
/home/jovyan/spatial-technology-platform/AB/6GP002/6GP002/plate_1/input_ph/round_1/plate-1_round-1_well-C2_tile-178.nd2	1	1	C2	178
/home/jovyan/spatial-technology-platform/AB/6GP002/6GP002/plate_1/input_ph/round_1/plate-1_round-1_well-C2_tile-179.nd2	1	1	C2	179
/home/jovyan/spatial-technology-platform/AB/6GP002/6GP002/plate_1/input_ph/round_1/plate-1_round-1_well-C2_tile-180.nd2	1	1	C2	180
/home/jovyan/spatial-technology-platform/AB/6GP002/6GP002/plate_1/input_ph/round_1/plate-1_round-1_well-C2_tile-181.nd2	1	1	C2	181
/home/jovyan/spatial-technology-platform/AB/6GP002/6GP002/plate_1/input_ph/round_1/plate-1_round-1_well-C2_tile-182.nd2	1	1	C2	182
/home/jovyan/spatial-technology-platform/AB/6GP002/6GP002/plate_1/input_ph/round_1/plate-1_round-1_well-C2_tile-183.nd2	1	1	C2	183
/home/jovyan/spatial-technology-platform/AB/6GP002/6GP002/plate_1/input_ph/round_1/plate-1_round-1_well-C2_tile-184.nd2	1	1	C2	184
/home/jovyan/spatial-technology-platform/AB/6GP002/6GP002/plate_1/input_ph/round_1/plate-1_round-1_well-C2_tile-185.nd2	1	1	C2	185
/home/jovyan/spatial-technology-platform/AB/6GP002/6GP002/plate_1/input_ph/round_1/plate-1_round-1_well-C2_tile-186.nd2	1	1	C2	186
/home/jovyan/spatial-technology-platform/AB/6GP002/6GP002/plate_1/input_ph/round_1/plate-1_round-1_well-C2_tile-187.nd2	1	1	C2	187
/home/jovyan/spatial-technology-platform/AB/6GP002/6GP002/plate_1/input_ph/round_1/plate-1_round-1_well-C2_tile-188.nd2	1	1	C2	188
/home/jovyan/spatial-technology-platform/AB/6GP002/6GP002/plate_1/input_ph/round_1/plate-1_round-1_well-C2_tile-189.nd2	1	1	C2	189
/home/jovyan/spatial-technology-platform/AB/6GP002/6GP002/plate_1/input_ph/round_1/plate-1_round-1_well-C2_tile-190.nd2	1	1	C2	190
/home/jovyan/spatial-technology-platform/AB/6GP002/6GP002/plate_1/input_ph/round_1/plate-1_round-1_well-C2_tile-191.nd2	1	1	C2	191
/home/jovyan/spatial-technology-platform/AB/6GP002/6GP002/plate_1/input_ph/round_1/plate-1_round-1_well-C2_tile-192.nd2	1	1	C2	192
/home/jovyan/spatial-technology-platform/AB/6GP002/6GP002/plate_1/input_ph/round_1/plate-1_round-1_well-C2_tile-193.nd2	1	1	C2	193
/home/jovyan/spatial-technology-platform/AB/6GP002/6GP002/plate_1/input_ph/round_1/plate-1_round-1_well-C2_tile-194.nd2	1	1	C2	194
/home/jovyan/spatial-technology-platform/AB/6GP002/6GP002/plate_1/input_ph/round_1/plate-1_round-1_well-C2_tile-195.nd2	1	1	C2	195
/home/jovyan/spatial-technology-platform/AB/6GP002/6GP002/plate_1/input_ph/round_1/plate-1_round-1_well-C2_tile-196.nd2	1	1	C2	196
/home/jovyan/spatial-technology-platform/AB/6GP002/6GP002/plate_1/input_ph/round_1/plate-1_round-1_well-C2_tile-197.nd2	1	1	C2	197
/home/jovyan/spatial-technology-platform/AB/6GP002/6GP002/plate_1/input_ph/round_1/plate-1_round-1_well-C2_tile-198.nd2	1	1	C2	198
/home/jovyan/spatial-technology-platform/AB/6GP002/6GP002/plate_1/input_ph/round_1/plate-1_round-1_well-C2_tile-199.nd2	1	1	C2	199
/home/jovyan/spatial-technology-platform/AB/6GP002/6GP002/plate_1/input_ph/round_1/plate-1_round-1_well-C2_tile-200.nd2	1	1	C2	200
/home/jovyan/spatial-technology-platform/AB/6GP002/6GP002/plate_1/input_ph/round_1/plate-1_round-1_well-C2_tile-201.nd2	1	1	C2	201
/home/jovyan/spatial-technology-platform/AB/6GP002/6GP002/plate_1/input_ph/round_1/plate-1_round-1_well-C2_tile-202.nd2	1	1	C2	202
/home/jovyan/spatial-technology-platform/AB/6GP002/6GP002/plate_1/input_ph/round_1/plate-1_round-1_well-C2_tile-203.nd2	1	1	C2	203
/home/jovyan/spatial-technology-platform/AB/6GP002/6GP002/plate_1/input_ph/round_1/plate-1_round-1_well-C2_tile-204.nd2	1	1	C2	204
/home/jovyan/spatial-technology-platform/AB/6GP002/6GP002/plate_1/input_ph/round_1/plate-1_round-1_well-C2_tile-205.nd2	1	1	C2	205
/home/jovyan/spatial-technology-platform/AB/6GP002/6GP002/plate_1/input_ph/round_1/plate-1_round-1_well-C2_tile-206.nd2	1	1	C2	206
/home/jovyan/spatial-technology-platform/AB/6GP002/6GP002/plate_1/input_ph/round_1/plate-1_round-1_well-C2_tile-207.nd2	1	1	C2	207
/home/jovyan/spatial-technology-platform/AB/6GP002/6GP002/plate_1/input_ph/round_1/plate-1_round-1_well-C2_tile-208.nd2	1	1	C2	208
/home/jovyan/spatial-technology-platform/AB/6GP002/6GP002/plate_1/input_ph/round_1/plate-1_round-1_well-C2_tile-209.nd2	1	1	C2	209
/home/jovyan/spatial-technology-platform/AB/6GP002/6GP002/plate_1/input_ph/round_1/plate-1_round-1_well-C2_tile-210.nd2	1	1	C2	210
/home/jovyan/spatial-technology-platform/AB/6GP002/6GP002/plate_1/input_ph/round_1/plate-1_round-1_well-C2_tile-211.nd2	1	1	C2	211
/home/jovyan/spatial-technology-platform/AB/6GP002/6GP002/plate_1/input_ph/round_1/plate-1_round-1_well-C2_tile-212.nd2	1	1	C2	212
/home/jovyan/spatial-technology-platform/AB/6GP002/6GP002/plate_1/input_ph/round_1/plate-1_round-1_well-C2_tile-213.nd2	1	1	C2	213
/home/jovyan/spatial-technology-platform/AB/6GP002/6GP002/plate_1/input_ph/round_1/plate-1_round-1_well-C2_tile-214.nd2	1	1	C2	214
/home/jovyan/spatial-technology-platform/AB/6GP002/6GP002/plate_1/input_ph/round_1/plate-1_round-1_well-C2_tile-215.nd2	1	1	C2	215
/home/jovyan/spatial-technology-platform/AB/6GP002/6GP002/plate_1/input_ph/round_1/plate-1_round-1_well-C2_tile-216.nd2	1	1	C2	216
/home/jovyan/spatial-technology-platform/AB/6GP002/6GP002/plate_1/input_ph/round_1/plate-1_round-1_well-C2_tile-217.nd2	1	1	C2	217
/home/jovyan/spatial-technology-platform/AB/6GP002/6GP002/plate_1/input_ph/round_1/plate-1_round-1_well-C2_tile-218.nd2	1	1	C2	218
/home/jovyan/spatial-technology-platform/AB/6GP002/6GP002/plate_1/input_ph/round_1/plate-1_round-1_well-C2_tile-219.nd2	1	1	C2	219
/home/jovyan/spatial-technology-platform/AB/6GP002/6GP002/plate_1/input_ph/round_1/plate-1_round-1_well-C2_tile-220.nd2	1	1	C2	220
/home/jovyan/spatial-technology-platform/AB/6GP002/6GP002/plate_1/input_ph/round_1/plate-1_round-1_well-C2_tile-221.nd2	1	1	C2	221
/home/jovyan/spatial-technology-platform/AB/6GP002/6GP002/plate_1/input_ph/round_1/plate-1_round-1_well-C2_tile-222.nd2	1	1	C2	222
/home/jovyan/spatial-technology-platform/AB/6GP002/6GP002/plate_1/input_ph/round_1/plate-1_round-1_well-C2_tile-223.nd2	1	1	C2	223
/home/jovyan/spatial-technology-platform/AB/6GP002/6GP002/plate_1/input_ph/round_1/plate-1_round-1_well-C2_tile-224.nd2	1	1	C2	224
/home/jovyan/spatial-technology-platform/AB/6GP002/6GP002/plate_1/input_ph/round_1/plate-1_round-1_well-C2_tile-225.nd2	1	1	C2	225
/home/jovyan/spatial-technology-platform/AB/6GP002/6GP002/plate_1/input_ph/round_1/plate-1_round-1_well-C2_tile-226.nd2	1	1	C2	226
/home/jovyan/spatial-technology-platform/AB/6GP002/6GP002/plate_1/input_ph/round_1/plate-1_round-1_well-C2_tile-227.nd2	1	1	C2	227
/home/jovyan/spatial-technology-platform/AB/6GP002/6GP002/plate_1/input_ph/round_1/plate-1_round-1_well-C2_tile-228.nd2	1	1	C2	228
/home/jovyan/spatial-technology-platform/AB/6GP002/6GP002/plate_1/input_ph/round_1/plate-1_round-1_well-C2_tile-229.nd2	1	1	C2	229
/home/jovyan/spatial-technology-platform/AB/6GP002/6GP002/plate_1/input_ph/round_1/plate-1_round-1_well-C2_tile-230.nd2	1	1	C2	230
/home/jovyan/spatial-technology-platform/AB/6GP002/6GP002/plate_1/input_ph/round_1/plate-1_round-1_well-C2_tile-231.nd2	1	1	C2	231
/home/jovyan/spatial-technology-platform/AB/6GP002/6GP002/plate_1/input_ph/round_1/plate-1_round-1_well-C2_tile-232.nd2	1	1	C2	232
/home/jovyan/spatial-technology-platform/AB/6GP002/6GP002/plate_1/input_ph/round_1/plate-1_round-1_well-C2_tile-233.nd2	1	1	C2	233
/home/jovyan/spatial-technology-platform/AB/6GP002/6GP002/plate_1/input_ph/round_1/plate-1_round-1_well-C2_tile-234.nd2	1	1	C2	234
/home/jovyan/spatial-technology-platform/AB/6GP002/6GP002/plate_1/input_ph/round_1/plate-1_round-1_well-C2_tile-235.nd2	1	1	C2	235
/home/jovyan/spatial-technology-platform/AB/6GP002/6GP002/plate_1/input_ph/round_1/plate-1_round-1_well-C2_tile-236.nd2	1	1	C2	236
/home/jovyan/spatial-technology-platform/AB/6GP002/6GP002/plate_1/input_ph/round_1/plate-1_round-1_well-C2_tile-237.nd2	1	1	C2	237
/home/jovyan/spatial-technology-platform/AB/6GP002/6GP002/plate_1/input_ph/round_1/plate-1_round-1_well-C2_tile-238.nd2	1	1	C2	238
/home/jovyan/spatial-technology-platform/AB/6GP002/6GP002/plate_1/input_ph/round_1/plate-1_round-1_well-C2_tile-239.nd2	1	1	C2	239
/home/jovyan/spatial-technology-platform/AB/6GP002/6GP002/plate_1/input_ph/round_1/plate-1_round-1_well-C2_tile-240.nd2	1	1	C2	240
/home/jovyan/spatial-technology-platform/AB/6GP002/6GP002/plate_1/input_ph/round_1/plate-1_round-1_well-C2_tile-241.nd2	1	1	C2	241
/home/jovyan/spatial-technology-platform/AB/6GP002/6GP002/plate_1/input_ph/round_1/plate-1_round-1_well-C2_tile-242.nd2	1	1	C2	242
/home/jovyan/spatial-technology-platform/AB/6GP002/6GP002/plate_1/input_ph/round_1/plate-1_round-1_well-C2_tile-243.nd2	1	1	C2	243
/home/jovyan/spatial-technology-platform/AB/6GP002/6GP002/plate_1/input_ph/round_1/plate-1_round-1_well-C2_tile-244.nd2	1	1	C2	244
/home/jovyan/spatial-technology-platform/AB/6GP002/6GP002/plate_1/input_ph/round_1/plate-1_round-1_well-C2_tile-245.nd2	1	1	C2	245
/home/jovyan/spatial-technology-platform/AB/6GP002/6GP002/plate_1/input_ph/round_1/plate-1_round-1_well-C2_tile-246.nd2	1	1	C2	246
/home/jovyan/spatial-technology-platform/AB/6GP002/6GP002/plate_1/input_ph/round_1/plate-1_round-1_well-C2_tile-247.nd2	1	1	C2	247
/home/jovyan/spatial-technology-platform/AB/6GP002/6GP002/plate_1/input_ph/round_1/plate-1_round-1_well-C2_tile-248.nd2	1	1	C2	248
/home/jovyan/spatial-technology-platform/AB/6GP002/6GP002/plate_1/input_ph/round_1/plate-1_round-1_well-C2_tile-249.nd2	1	1	C2	249
/home/jovyan/spatial-technology-platform/AB/6GP002/6GP002/plate_1/input_ph/round_1/plate-1_round-1_well-C2_tile-250.nd2	1	1	C2	250
/home/jovyan/spatial-technology-platform/AB/6GP002/6GP002/plate_1/input_ph/round_1/plate-1_round-1_well-C2_tile-251.nd2	1	1	C2	251
/home/jovyan/spatial-technology-platform/AB/6GP002/6GP002/plate_1/input_ph/round_1/plate-1_round-1_well-C2_tile-252.nd2	1	1	C2	252
/home/jovyan/spatial-technology-platform/AB/6GP002/6GP002/plate_1/input_ph/round_1/plate-1_round-1_well-C2_tile-253.nd2	1	1	C2	253
/home/jovyan/spatial-technology-platform/AB/6GP002/6GP002/plate_1/input_ph/round_1/plate-1_round-1_well-C2_tile-254.nd2	1	1	C2	254
/home/jovyan/spatial-technology-platform/AB/6GP002/6GP002/plate_1/input_ph/round_1/plate-1_round-1_well-C2_tile-255.nd2	1	1	C2	255
/home/jovyan/spatial-technology-platform/AB/6GP002/6GP002/plate_1/input_ph/round_1/plate-1_round-1_well-C2_tile-256.nd2	1	1	C2	256
/home/jovyan/spatial-technology-platform/AB/6GP002/6GP002/plate_1/input_ph/round_1/plate-1_round-1_well-C2_tile-257.nd2	1	1	C2	257
/home/jovyan/spatial-technology-platform/AB/6GP002/6GP002/plate_1/input_ph/round_1/plate-1_round-1_well-C2_tile-258.nd2	1	1	C2	258
/home/jovyan/spatial-technology-platform/AB/6GP002/6GP002/plate_1/input_ph/round_1/plate-1_round-1_well-C2_tile-259.nd2	1	1	C2	259
/home/jovyan/spatial-technology-platform/AB/6GP002/6GP002/plate_1/input_ph/round_1/plate-1_round-1_well-C2_tile-260.nd2	1	1	C2	260
/home/jovyan/spatial-technology-platform/AB/6GP002/6GP002/plate_1/input_ph/round_1/plate-1_round-1_well-C2_tile-261.nd2	1	1	C2	261
/home/jovyan/spatial-technology-platform/AB/6GP002/6GP002/plate_1/input_ph/round_1/plate-1_round-1_well-C2_tile-262.nd2	1	1	C2	262
/home/jovyan/spatial-technology-platform/AB/6GP002/6GP002/plate_1/input_ph/round_1/plate-1_round-1_well-C2_tile-263.nd2	1	1	C2	263
/home/jovyan/spatial-technology-platform/AB/6GP002/6GP002/plate_1/input_ph/round_1/plate-1_round-1_well-C2_tile-264.nd2	1	1	C2	264
/home/jovyan/spatial-technology-platform/AB/6GP002/6GP002/plate_1/input_ph/round_1/plate-1_round-1_well-C2_tile-265.nd2	1	1	C2	265
/home/jovyan/spatial-technology-platform/AB/6GP002/6GP002/plate_1/input_ph/round_1/plate-1_round-1_well-C2_tile-266.nd2	1	1	C2	266
/home/jovyan/spatial-technology-platform/AB/6GP002/6GP002/plate_1/input_ph/round_1/plate-1_round-1_well-C2_tile-267.nd2	1	1	C2	267
/home/jovyan/spatial-technology-platform/AB/6GP002/6GP002/plate_1/input_ph/round_1/plate-1_round-1_well-C2_tile-268.nd2	1	1	C2	268
/home/jovyan/spatial-technology-platform/AB/6GP002/6GP002/plate_1/input_ph/round_1/plate-1_round-1_well-C2_tile-269.nd2	1	1	C2	269
/home/jovyan/spatial-technology-platform/AB/6GP002/6GP002/plate_1/input_ph/round_1/plate-1_round-1_well-C2_tile-270.nd2	1	1	C2	270
/home/jovyan/spatial-technology-platform/AB/6GP002/6GP002/plate_1/input_ph/round_1/plate-1_round-1_well-C2_tile-271.nd2	1	1	C2	271
/home/jovyan/spatial-technology-platform/AB/6GP002/6GP002/plate_1/input_ph/round_1/plate-1_round-1_well-C2_tile-272.nd2	1	1	C2	272
/home/jovyan/spatial-technology-platform/AB/6GP002/6GP002/plate_1/input_ph/round_1/plate-1_round-1_well-C2_tile-273.nd2	1	1	C2	273
/home/jovyan/spatial-technology-platform/AB/6GP002/6GP002/plate_1/input_ph/round_1/plate-1_round-1_well-C2_tile-274.nd2	1	1	C2	274
/home/jovyan/spatial-technology-platform/AB/6GP002/6GP002/plate_1/input_ph/round_1/plate-1_round-1_well-C2_tile-275.nd2	1	1	C2	275
/home/jovyan/spatial-technology-platform/AB/6GP002/6GP002/plate_1/input_ph/round_1/plate-1_round-1_well-C2_tile-276.nd2	1	1	C2	276
/home/jovyan/spatial-technology-platform/AB/6GP002/6GP002/plate_1/input_ph/round_1/plate-1_round-1_well-C2_tile-277.nd2	1	1	C2	277
/home/jovyan/spatial-technology-platform/AB/6GP002/6GP002/plate_1/input_ph/round_1/plate-1_round-1_well-C2_tile-278.nd2	1	1	C2	278
/home/jovyan/spatial-technology-platform/AB/6GP002/6GP002/plate_1/input_ph/round_1/plate-1_round-1_well-C2_tile-279.nd2	1	1	C2	279
/home/jovyan/spatial-technology-platform/AB/6GP002/6GP002/plate_1/input_ph/round_1/plate-1_round-1_well-C2_tile-280.nd2	1	1	C2	280
/home/jovyan/spatial-technology-platform/AB/6GP002/6GP002/plate_1/input_ph/round_1/plate-1_round-1_well-C2_tile-281.nd2	1	1	C2	281
/home/jovyan/spatial-technology-platform/AB/6GP002/6GP002/plate_1/input_ph/round_1/plate-1_round-1_well-C2_tile-282.nd2	1	1	C2	282
/home/jovyan/spatial-technology-platform/AB/6GP002/6GP002/plate_1/input_ph/round_1/plate-1_round-1_well-C2_tile-283.nd2	1	1	C2	283
/home/jovyan/spatial-technology-platform/AB/6GP002/6GP002/plate_1/input_ph/round_1/plate-1_round-1_well-C2_tile-284.nd2	1	1	C2	284
/home/jovyan/spatial-technology-platform/AB/6GP002/6GP002/plate_1/input_ph/round_1/plate-1_round-1_well-C2_tile-285.nd2	1	1	C2	285
/home/jovyan/spatial-technology-platform/AB/6GP002/6GP002/plate_1/input_ph/round_1/plate-1_round-1_well-C2_tile-286.nd2	1	1	C2	286
/home/jovyan/spatial-technology-platform/AB/6GP002/6GP002/plate_1/input_ph/round_1/plate-1_round-1_well-C2_tile-287.nd2	1	1	C2	287
/home/jovyan/spatial-technology-platform/AB/6GP002/6GP002/plate_1/input_ph/round_1/plate-1_round-1_well-C2_tile-288.nd2	1	1	C2	288
/home/jovyan/spatial-technology-platform/AB/6GP002/6GP002/plate_1/input_ph/round_1/plate-1_round-1_well-C2_tile-289.nd2	1	1	C2	289
/home/jovyan/spatial-technology-platform/AB/6GP002/6GP002/plate_1/input_ph/round_1/plate-1_round-1_well-C2_tile-290.nd2	1	1	C2	290
/home/jovyan/spatial-technology-platform/AB/6GP002/6GP002/plate_1/input_ph/round_1/plate-1_round-1_well-C2_tile-291.nd2	1	1	C2	291
/home/jovyan/spatial-technology-platform/AB/6GP002/6GP002/plate_1/input_ph/round_1/plate-1_round-1_well-C2_tile-292.nd2	1	1	C2	292
/home/jovyan/spatial-technology-platform/AB/6GP002/6GP002/plate_1/input_ph/round_1/plate-1_round-1_well-C2_tile-293.nd2	1	1	C2	293
/home/jovyan/spatial-technology-platform/AB/6GP002/6GP002/plate_1/input_ph/round_1/plate-1_round-1_well-C2_tile-294.nd2	1	1	C2	294
/home/jovyan/spatial-technology-platform/AB/6GP002/6GP002/plate_1/input_ph/round_1/plate-1_round-1_well-C2_tile-295.nd2	1	1	C2	295
/home/jovyan/spatial-technology-platform/AB/6GP002/6GP002/plate_1/input_ph/round_1/plate-1_round-1_well-C2_tile-296.nd2	1	1	C2	296
/home/jovyan/spatial-technology-platform/AB/6GP002/6GP002/plate_1/input_ph/round_1/plate-1_round-1_well-C2_tile-297.nd2	1	1	C2	297
/home/jovyan/spatial-technology-platform/AB/6GP002/6GP002/plate_1/input_ph/round_1/plate-1_round-1_well-C2_tile-298.nd2	1	1	C2	298
/home/jovyan/spatial-technology-platform/AB/6GP002/6GP002/plate_1/input_ph/round_1/plate-1_round-1_well-C2_tile-299.nd2	1	1	C2	299
/home/jovyan/spatial-technology-platform/AB/6GP002/6GP002/plate_1/input_ph/round_1/plate-1_round-1_well-C2_tile-300.nd2	1	1	C2	300
/home/jovyan/spatial-technology-platform/AB/6GP002/6GP002/plate_1/input_ph/round_1/plate-1_round-1_well-C2_tile-301.nd2	1	1	C2	301
/home/jovyan/spatial-technology-platform/AB/6GP002/6GP002/plate_1/input_ph/round_1/plate-1_round-1_well-C2_tile-302.nd2	1	1	C2	302
/home/jovyan/spatial-technology-platform/AB/6GP002/6GP002/plate_1/input_ph/round_1/plate-1_round-1_well-C2_tile-303.nd2	1	1	C2	303
/home/jovyan/spatial-technology-platform/AB/6GP002/6GP002/plate_1/input_ph/round_1/plate-1_round-1_well-C2_tile-304.nd2	1	1	C2	304
/home/jovyan/spatial-technology-platform/AB/6GP002/6GP002/plate_1/input_ph/round_1/plate-1_round-1_well-C2_tile-305.nd2	1	1	C2	305
/home/jovyan/spatial-technology-platform/AB/6GP002/6GP002/plate_1/input_ph/round_1/plate-1_round-1_well-C2_tile-306.nd2	1	1	C2	306
/home/jovyan/spatial-technology-platform/AB/6GP002/6GP002/plate_1/input_ph/round_1/plate-1_round-1_well-C2_tile-307.nd2	1	1	C2	307
/home/jovyan/spatial-technology-platform/AB/6GP002/6GP002/plate_1/input_ph/round_1/plate-1_round-1_well-C2_tile-308.nd2	1	1	C2	308
/home/jovyan/spatial-technology-platform/AB/6GP002/6GP002/plate_1/input_ph/round_1/plate-1_round-1_well-C2_tile-309.nd2	1	1	C2	309
/home/jovyan/spatial-technology-platform/AB/6GP002/6GP002/plate_1/input_ph/round_1/plate-1_round-1_well-C2_tile-310.nd2	1	1	C2	310
/home/jovyan/spatial-technology-platform/AB/6GP002/6GP002/plate_1/input_ph/round_1/plate-1_round-1_well-C2_tile-311.nd2	1	1	C2	311
/home/jovyan/spatial-technology-platform/AB/6GP002/6GP002/plate_1/input_ph/round_1/plate-1_round-1_well-C2_tile-312.nd2	1	1	C2	312
/home/jovyan/spatial-technology-platform/AB/6GP002/6GP002/plate_1/input_ph/round_1/plate-1_round-1_well-C2_tile-313.nd2	1	1	C2	313
/home/jovyan/spatial-technology-platform/AB/6GP002/6GP002/plate_1/input_ph/round_1/plate-1_round-1_well-C2_tile-314.nd2	1	1	C2	314
/home/jovyan/spatial-technology-platform/AB/6GP002/6GP002/plate_1/input_ph/round_1/plate-1_round-1_well-C2_tile-315.nd2	1	1	C2	315
/home/jovyan/spatial-technology-platform/AB/6GP002/6GP002/plate_1/input_ph/round_1/plate-1_round-1_well-C2_tile-316.nd2	1	1	C2	316
/home/jovyan/spatial-technology-platform/AB/6GP002/6GP002/plate_1/input_ph/round_1/plate-1_round-1_well-C2_tile-317.nd2	1	1	C2	317
/home/jovyan/spatial-technology-platform/AB/6GP002/6GP002/plate_1/input_ph/round_1/plate-1_round-1_well-C2_tile-318.nd2	1	1	C2	318
/home/jovyan/spatial-technology-platform/AB/6GP002/6GP002/plate_1/input_ph/round_1/plate-1_round-1_well-C2_tile-319.nd2	1	1	C2	319
/home/jovyan/spatial-technology-platform/AB/6GP002/6GP002/plate_1/input_ph/round_1/plate-1_round-1_well-C2_tile-320.nd2	1	1	C2	320
/home/jovyan/spatial-technology-platform/AB/6GP002/6GP002/plate_1/input_ph/round_1/plate-1_round-1_well-C2_tile-321.nd2	1	1	C2	321
/home/jovyan/spatial-technology-platform/AB/6GP002/6GP002/plate_1/input_ph/round_1/plate-1_round-1_well-C2_tile-322.nd2	1	1	C2	322
/home/jovyan/spatial-technology-platform/AB/6GP002/6GP002/plate_1/input_ph/round_1/plate-1_round-1_well-C2_tile-323.nd2	1	1	C2	323
/home/jovyan/spatial-technology-platform/AB/6GP002/6GP002/plate_1/input_ph/round_1/plate-1_round-1_well-C2_tile-324.nd2	1	1	C2	324
/home/jovyan/spatial-technology-platform/AB/6GP002/6GP002/plate_1/input_ph/round_1/plate-1_round-1_well-C2_tile-325.nd2	1	1	C2	325
/home/jovyan/spatial-technology-platform/AB/6GP002/6GP002/plate_1/input_ph/round_1/plate-1_round-1_well-C2_tile-326.nd2	1	1	C2	326
/home/jovyan/spatial-technology-platform/AB/6GP002/6GP002/plate_1/input_ph/round_1/plate-1_round-1_well-C2_tile-327.nd2	1	1	C2	327
/home/jovyan/spatial-technology-platform/AB/6GP002/6GP002/plate_1/input_ph/round_1/plate-1_round-1_well-C2_tile-328.nd2	1	1	C2	328
/home/jovyan/spatial-technology-platform/AB/6GP002/6GP002/plate_1/input_ph/round_1/plate-1_round-1_well-C2_tile-329.nd2	1	1	C2	329
/home/jovyan/spatial-technology-platform/AB/6GP002/6GP002/plate_1/input_ph/round_1/plate-1_round-1_well-C2_tile-330.nd2	1	1	C2	330
/home/jovyan/spatial-technology-platform/AB/6GP002/6GP002/plate_1/input_ph/round_1/plate-1_round-1_well-C2_tile-331.nd2	1	1	C2	331
/home/jovyan/spatial-technology-platform/AB/6GP002/6GP002/plate_1/input_ph/round_1/plate-1_round-1_well-C2_tile-332.nd2	1	1	C2	332
/home/jovyan/spatial-technology-platform/AB/6GP002/6GP002/plate_1/input_ph/round_1/plate-1_round-1_well-C2_tile-333.nd2	1	1	C2	333
/home/jovyan/spatial-technology-platform/AB/6GP002/6GP002/plate_1/input_ph/round_1/plate-1_round-1_well-C2_tile-334.nd2	1	1	C2	334
/home/jovyan/spatial-technology-platform/AB/6GP002/6GP002/plate_1/input_ph/round_1/plate-1_round-1_well-C2_tile-335.nd2	1	1	C2	335
/home/jovyan/spatial-technology-platform/AB/6GP002/6GP002/plate_1/input_ph/round_1/plate-1_round-1_well-C2_tile-336.nd2	1	1	C2	336
/home/jovyan/spatial-technology-platform/AB/6GP002/6GP002/plate_1/input_ph/round_1/plate-1_round-1_well-C2_tile-337.nd2	1	1	C2	337
/home/jovyan/spatial-technology-platform/AB/6GP002/6GP002/plate_1/input_ph/round_1/plate-1_round-1_well-C2_tile-338.nd2	1	1	C2	338
/home/jovyan/spatial-technology-platform/AB/6GP002/6GP002/plate_1/input_ph/round_1/plate-1_round-1_well-C2_tile-339.nd2	1	1	C2	339
/home/jovyan/spatial-technology-platform/AB/6GP002/6GP002/plate_1/input_ph/round_1/plate-1_round-1_well-C2_tile-340.nd2	1	1	C2	340
/home/jovyan/spatial-technology-platform/AB/6GP002/6GP002/plate_1/input_ph/round_1/plate-1_round-1_well-C2_tile-341.nd2	1	1	C2	341
/home/jovyan/spatial-technology-platform/AB/6GP002/6GP002/plate_1/input_ph/round_1/plate-1_round-1_well-C2_tile-342.nd2	1	1	C2	342
/home/jovyan/spatial-technology-platform/AB/6GP002/6GP002/plate_1/input_ph/round_1/plate-1_round-1_well-C2_tile-343.nd2	1	1	C2	343
/home/jovyan/spatial-technology-platform/AB/6GP002/6GP002/plate_1/input_ph/round_1/plate-1_round-1_well-C2_tile-344.nd2	1	1	C2	344
/home/jovyan/spatial-technology-platform/AB/6GP002/6GP002/plate_1/input_ph/round_1/plate-1_round-1_well-C2_tile-345.nd2	1	1	C2	345
/home/jovyan/spatial-technology-platform/AB/6GP002/6GP002/plate_1/input_ph/round_1/plate-1_round-1_well-C2_tile-346.nd2	1	1	C2	346
/home/jovyan/spatial-technology-platform/AB/6GP002/6GP002/plate_1/input_ph/round_1/plate-1_round-1_well-C2_tile-347.nd2	1	1	C2	347
/home/jovyan/spatial-technology-platform/AB/6GP002/6GP002/plate_1/input_ph/round_1/plate-1_round-1_well-C2_tile-348.nd2	1	1	C2	348
/home/jovyan/spatial-technology-platform/AB/6GP002/6GP002/plate_1/input_ph/round_1/plate-1_round-1_well-C3_tile-0.nd2	1	1	C3	0
/home/jovyan/spatial-technology-platform/AB/6GP002/6GP002/plate_1/input_ph/round_1/plate-1_round-1_well-C3_tile-1.nd2	1	1	C3	1
/home/jovyan/spatial-technology-platform/AB/6GP002/6GP002/plate_1/input_ph/round_1/plate-1_round-1_well-C3_tile-2.nd2	1	1	C3	2
/home/jovyan/spatial-technology-platform/AB/6GP002/6GP002/plate_1/input_ph/round_1/plate-1_round-1_well-C3_tile-3.nd2	1	1	C3	3
/home/jovyan/spatial-technology-platform/AB/6GP002/6GP002/plate_1/input_ph/round_1/plate-1_round-1_well-C3_tile-4.nd2	1	1	C3	4
/home/jovyan/spatial-technology-platform/AB/6GP002/6GP002/plate_1/input_ph/round_1/plate-1_round-1_well-C3_tile-5.nd2	1	1	C3	5
/home/jovyan/spatial-technology-platform/AB/6GP002/6GP002/plate_1/input_ph/round_1/plate-1_round-1_well-C3_tile-6.nd2	1	1	C3	6
/home/jovyan/spatial-technology-platform/AB/6GP002/6GP002/plate_1/input_ph/round_1/plate-1_round-1_well-C3_tile-7.nd2	1	1	C3	7
/home/jovyan/spatial-technology-platform/AB/6GP002/6GP002/plate_1/input_ph/round_1/plate-1_round-1_well-C3_tile-8.nd2	1	1	C3	8
/home/jovyan/spatial-technology-platform/AB/6GP002/6GP002/plate_1/input_ph/round_1/plate-1_round-1_well-C3_tile-9.nd2	1	1	C3	9
/home/jovyan/spatial-technology-platform/AB/6GP002/6GP002/plate_1/input_ph/round_1/plate-1_round-1_well-C3_tile-10.nd2	1	1	C3	10
/home/jovyan/spatial-technology-platform/AB/6GP002/6GP002/plate_1/input_ph/round_1/plate-1_round-1_well-C3_tile-11.nd2	1	1	C3	11
/home/jovyan/spatial-technology-platform/AB/6GP002/6GP002/plate_1/input_ph/round_1/plate-1_round-1_well-C3_tile-12.nd2	1	1	C3	12
/home/jovyan/spatial-technology-platform/AB/6GP002/6GP002/plate_1/input_ph/round_1/plate-1_round-1_well-C3_tile-13.nd2	1	1	C3	13
/home/jovyan/spatial-technology-platform/AB/6GP002/6GP002/plate_1/input_ph/round_1/plate-1_round-1_well-C3_tile-14.nd2	1	1	C3	14
/home/jovyan/spatial-technology-platform/AB/6GP002/6GP002/plate_1/input_ph/round_1/plate-1_round-1_well-C3_tile-15.nd2	1	1	C3	15
/home/jovyan/spatial-technology-platform/AB/6GP002/6GP002/plate_1/input_ph/round_1/plate-1_round-1_well-C3_tile-16.nd2	1	1	C3	16
/home/jovyan/spatial-technology-platform/AB/6GP002/6GP002/plate_1/input_ph/round_1/plate-1_round-1_well-C3_tile-17.nd2	1	1	C3	17
/home/jovyan/spatial-technology-platform/AB/6GP002/6GP002/plate_1/input_ph/round_1/plate-1_round-1_well-C3_tile-18.nd2	1	1	C3	18
/home/jovyan/spatial-technology-platform/AB/6GP002/6GP002/plate_1/input_ph/round_1/plate-1_round-1_well-C3_tile-19.nd2	1	1	C3	19
/home/jovyan/spatial-technology-platform/AB/6GP002/6GP002/plate_1/input_ph/round_1/plate-1_round-1_well-C3_tile-20.nd2	1	1	C3	20
/home/jovyan/spatial-technology-platform/AB/6GP002/6GP002/plate_1/input_ph/round_1/plate-1_round-1_well-C3_tile-21.nd2	1	1	C3	21
/home/jovyan/spatial-technology-platform/AB/6GP002/6GP002/plate_1/input_ph/round_1/plate-1_round-1_well-C3_tile-22.nd2	1	1	C3	22
/home/jovyan/spatial-technology-platform/AB/6GP002/6GP002/plate_1/input_ph/round_1/plate-1_round-1_well-C3_tile-23.nd2	1	1	C3	23
/home/jovyan/spatial-technology-platform/AB/6GP002/6GP002/plate_1/input_ph/round_1/plate-1_round-1_well-C3_tile-24.nd2	1	1	C3	24
/home/jovyan/spatial-technology-platform/AB/6GP002/6GP002/plate_1/input_ph/round_1/plate-1_round-1_well-C3_tile-25.nd2	1	1	C3	25
/home/jovyan/spatial-technology-platform/AB/6GP002/6GP002/plate_1/input_ph/round_1/plate-1_round-1_well-C3_tile-26.nd2	1	1	C3	26
/home/jovyan/spatial-technology-platform/AB/6GP002/6GP002/plate_1/input_ph/round_1/plate-1_round-1_well-C3_tile-27.nd2	1	1	C3	27
/home/jovyan/spatial-technology-platform/AB/6GP002/6GP002/plate_1/input_ph/round_1/plate-1_round-1_well-C3_tile-28.nd2	1	1	C3	28
/home/jovyan/spatial-technology-platform/AB/6GP002/6GP002/plate_1/input_ph/round_1/plate-1_round-1_well-C3_tile-29.nd2	1	1	C3	29
/home/jovyan/spatial-technology-platform/AB/6GP002/6GP002/plate_1/input_ph/round_1/plate-1_round-1_well-C3_tile-30.nd2	1	1	C3	30
/home/jovyan/spatial-technology-platform/AB/6GP002/6GP002/plate_1/input_ph/round_1/plate-1_round-1_well-C3_tile-31.nd2	1	1	C3	31
/home/jovyan/spatial-technology-platform/AB/6GP002/6GP002/plate_1/input_ph/round_1/plate-1_round-1_well-C3_tile-32.nd2	1	1	C3	32
/home/jovyan/spatial-technology-platform/AB/6GP002/6GP002/plate_1/input_ph/round_1/plate-1_round-1_well-C3_tile-33.nd2	1	1	C3	33
/home/jovyan/spatial-technology-platform/AB/6GP002/6GP002/plate_1/input_ph/round_1/plate-1_round-1_well-C3_tile-34.nd2	1	1	C3	34
/home/jovyan/spatial-technology-platform/AB/6GP002/6GP002/plate_1/input_ph/round_1/plate-1_round-1_well-C3_tile-35.nd2	1	1	C3	35
/home/jovyan/spatial-technology-platform/AB/6GP002/6GP002/plate_1/input_ph/round_1/plate-1_round-1_well-C3_tile-36.nd2	1	1	C3	36
/home/jovyan/spatial-technology-platform/AB/6GP002/6GP002/plate_1/input_ph/round_1/plate-1_round-1_well-C3_tile-37.nd2	1	1	C3	37
/home/jovyan/spatial-technology-platform/AB/6GP002/6GP002/plate_1/input_ph/round_1/plate-1_round-1_well-C3_tile-38.nd2	1	1	C3	38
/home/jovyan/spatial-technology-platform/AB/6GP002/6GP002/plate_1/input_ph/round_1/plate-1_round-1_well-C3_tile-39.nd2	1	1	C3	39
/home/jovyan/spatial-technology-platform/AB/6GP002/6GP002/plate_1/input_ph/round_1/plate-1_round-1_well-C3_tile-40.nd2	1	1	C3	40
/home/jovyan/spatial-technology-platform/AB/6GP002/6GP002/plate_1/input_ph/round_1/plate-1_round-1_well-C3_tile-41.nd2	1	1	C3	41
/home/jovyan/spatial-technology-platform/AB/6GP002/6GP002/plate_1/input_ph/round_1/plate-1_round-1_well-C3_tile-42.nd2	1	1	C3	42
/home/jovyan/spatial-technology-platform/AB/6GP002/6GP002/plate_1/input_ph/round_1/plate-1_round-1_well-C3_tile-43.nd2	1	1	C3	43
/home/jovyan/spatial-technology-platform/AB/6GP002/6GP002/plate_1/input_ph/round_1/plate-1_round-1_well-C3_tile-44.nd2	1	1	C3	44
/home/jovyan/spatial-technology-platform/AB/6GP002/6GP002/plate_1/input_ph/round_1/plate-1_round-1_well-C3_tile-45.nd2	1	1	C3	45
/home/jovyan/spatial-technology-platform/AB/6GP002/6GP002/plate_1/input_ph/round_1/plate-1_round-1_well-C3_tile-46.nd2	1	1	C3	46
/home/jovyan/spatial-technology-platform/AB/6GP002/6GP002/plate_1/input_ph/round_1/plate-1_round-1_well-C3_tile-47.nd2	1	1	C3	47
/home/jovyan/spatial-technology-platform/AB/6GP002/6GP002/plate_1/input_ph/round_1/plate-1_round-1_well-C3_tile-48.nd2	1	1	C3	48
/home/jovyan/spatial-technology-platform/AB/6GP002/6GP002/plate_1/input_ph/round_1/plate-1_round-1_well-C3_tile-49.nd2	1	1	C3	49
/home/jovyan/spatial-technology-platform/AB/6GP002/6GP002/plate_1/input_ph/round_1/plate-1_round-1_well-C3_tile-50.nd2	1	1	C3	50
/home/jovyan/spatial-technology-platform/AB/6GP002/6GP002/plate_1/input_ph/round_1/plate-1_round-1_well-C3_tile-51.nd2	1	1	C3	51
/home/jovyan/spatial-technology-platform/AB/6GP002/6GP002/plate_1/input_ph/round_1/plate-1_round-1_well-C3_tile-52.nd2	1	1	C3	52
/home/jovyan/spatial-technology-platform/AB/6GP002/6GP002/plate_1/input_ph/round_1/plate-1_round-1_well-C3_tile-53.nd2	1	1	C3	53
/home/jovyan/spatial-technology-platform/AB/6GP002/6GP002/plate_1/input_ph/round_1/plate-1_round-1_well-C3_tile-54.nd2	1	1	C3	54
/home/jovyan/spatial-technology-platform/AB/6GP002/6GP002/plate_1/input_ph/round_1/plate-1_round-1_well-C3_tile-55.nd2	1	1	C3	55
/home/jovyan/spatial-technology-platform/AB/6GP002/6GP002/plate_1/input_ph/round_1/plate-1_round-1_well-C3_tile-56.nd2	1	1	C3	56
/home/jovyan/spatial-technology-platform/AB/6GP002/6GP002/plate_1/input_ph/round_1/plate-1_round-1_well-C3_tile-57.nd2	1	1	C3	57
/home/jovyan/spatial-technology-platform/AB/6GP002/6GP002/plate_1/input_ph/round_1/plate-1_round-1_well-C3_tile-58.nd2	1	1	C3	58
/home/jovyan/spatial-technology-platform/AB/6GP002/6GP002/plate_1/input_ph/round_1/plate-1_round-1_well-C3_tile-59.nd2	1	1	C3	59
/home/jovyan/spatial-technology-platform/AB/6GP002/6GP002/plate_1/input_ph/round_1/plate-1_round-1_well-C3_tile-60.nd2	1	1	C3	60
/home/jovyan/spatial-technology-platform/AB/6GP002/6GP002/plate_1/input_ph/round_1/plate-1_round-1_well-C3_tile-61.nd2	1	1	C3	61
/home/jovyan/spatial-technology-platform/AB/6GP002/6GP002/plate_1/input_ph/round_1/plate-1_round-1_well-C3_tile-62.nd2	1	1	C3	62
/home/jovyan/spatial-technology-platform/AB/6GP002/6GP002/plate_1/input_ph/round_1/plate-1_round-1_well-C3_tile-63.nd2	1	1	C3	63
/home/jovyan/spatial-technology-platform/AB/6GP002/6GP002/plate_1/input_ph/round_1/plate-1_round-1_well-C3_tile-64.nd2	1	1	C3	64
/home/jovyan/spatial-technology-platform/AB/6GP002/6GP002/plate_1/input_ph/round_1/plate-1_round-1_well-C3_tile-65.nd2	1	1	C3	65
/home/jovyan/spatial-technology-platform/AB/6GP002/6GP002/plate_1/input_ph/round_1/plate-1_round-1_well-C3_tile-66.nd2	1	1	C3	66
/home/jovyan/spatial-technology-platform/AB/6GP002/6GP002/plate_1/input_ph/round_1/plate-1_round-1_well-C3_tile-67.nd2	1	1	C3	67
/home/jovyan/spatial-technology-platform/AB/6GP002/6GP002/plate_1/input_ph/round_1/plate-1_round-1_well-C3_tile-68.nd2	1	1	C3	68
/home/jovyan/spatial-technology-platform/AB/6GP002/6GP002/plate_1/input_ph/round_1/plate-1_round-1_well-C3_tile-69.nd2	1	1	C3	69
/home/jovyan/spatial-technology-platform/AB/6GP002/6GP002/plate_1/input_ph/round_1/plate-1_round-1_well-C3_tile-70.nd2	1	1	C3	70
/home/jovyan/spatial-technology-platform/AB/6GP002/6GP002/plate_1/input_ph/round_1/plate-1_round-1_well-C3_tile-71.nd2	1	1	C3	71
/home/jovyan/spatial-technology-platform/AB/6GP002/6GP002/plate_1/input_ph/round_1/plate-1_round-1_well-C3_tile-72.nd2	1	1	C3	72
/home/jovyan/spatial-technology-platform/AB/6GP002/6GP002/plate_1/input_ph/round_1/plate-1_round-1_well-C3_tile-73.nd2	1	1	C3	73
/home/jovyan/spatial-technology-platform/AB/6GP002/6GP002/plate_1/input_ph/round_1/plate-1_round-1_well-C3_tile-74.nd2	1	1	C3	74
/home/jovyan/spatial-technology-platform/AB/6GP002/6GP002/plate_1/input_ph/round_1/plate-1_round-1_well-C3_tile-75.nd2	1	1	C3	75
/home/jovyan/spatial-technology-platform/AB/6GP002/6GP002/plate_1/input_ph/round_1/plate-1_round-1_well-C3_tile-76.nd2	1	1	C3	76
/home/jovyan/spatial-technology-platform/AB/6GP002/6GP002/plate_1/input_ph/round_1/plate-1_round-1_well-C3_tile-77.nd2	1	1	C3	77
/home/jovyan/spatial-technology-platform/AB/6GP002/6GP002/plate_1/input_ph/round_1/plate-1_round-1_well-C3_tile-78.nd2	1	1	C3	78
/home/jovyan/spatial-technology-platform/AB/6GP002/6GP002/plate_1/input_ph/round_1/plate-1_round-1_well-C3_tile-79.nd2	1	1	C3	79
/home/jovyan/spatial-technology-platform/AB/6GP002/6GP002/plate_1/input_ph/round_1/plate-1_round-1_well-C3_tile-80.nd2	1	1	C3	80
/home/jovyan/spatial-technology-platform/AB/6GP002/6GP002/plate_1/input_ph/round_1/plate-1_round-1_well-C3_tile-81.nd2	1	1	C3	81
/home/jovyan/spatial-technology-platform/AB/6GP002/6GP002/plate_1/input_ph/round_1/plate-1_round-1_well-C3_tile-82.nd2	1	1	C3	82
/home/jovyan/spatial-technology-platform/AB/6GP002/6GP002/plate_1/input_ph/round_1/plate-1_round-1_well-C3_tile-83.nd2	1	1	C3	83
/home/jovyan/spatial-technology-platform/AB/6GP002/6GP002/plate_1/input_ph/round_1/plate-1_round-1_well-C3_tile-84.nd2	1	1	C3	84
/home/jovyan/spatial-technology-platform/AB/6GP002/6GP002/plate_1/input_ph/round_1/plate-1_round-1_well-C3_tile-85.nd2	1	1	C3	85
/home/jovyan/spatial-technology-platform/AB/6GP002/6GP002/plate_1/input_ph/round_1/plate-1_round-1_well-C3_tile-86.nd2	1	1	C3	86
/home/jovyan/spatial-technology-platform/AB/6GP002/6GP002/plate_1/input_ph/round_1/plate-1_round-1_well-C3_tile-87.nd2	1	1	C3	87
/home/jovyan/spatial-technology-platform/AB/6GP002/6GP002/plate_1/input_ph/round_1/plate-1_round-1_well-C3_tile-88.nd2	1	1	C3	88
/home/jovyan/spatial-technology-platform/AB/6GP002/6GP002/plate_1/input_ph/round_1/plate-1_round-1_well-C3_tile-89.nd2	1	1	C3	89
/home/jovyan/spatial-technology-platform/AB/6GP002/6GP002/plate_1/input_ph/round_1/plate-1_round-1_well-C3_tile-90.nd2	1	1	C3	90
/home/jovyan/spatial-technology-platform/AB/6GP002/6GP002/plate_1/input_ph/round_1/plate-1_round-1_well-C3_tile-91.nd2	1	1	C3	91
/home/jovyan/spatial-technology-platform/AB/6GP002/6GP002/plate_1/input_ph/round_1/plate-1_round-1_well-C3_tile-92.nd2	1	1	C3	92
/home/jovyan/spatial-technology-platform/AB/6GP002/6GP002/plate_1/input_ph/round_1/plate-1_round-1_well-C3_tile-93.nd2	1	1	C3	93
/home/jovyan/spatial-technology-platform/AB/6GP002/6GP002/plate_1/input_ph/round_1/plate-1_round-1_well-C3_tile-94.nd2	1	1	C3	94
/home/jovyan/spatial-technology-platform/AB/6GP002/6GP002/plate_1/input_ph/round_1/plate-1_round-1_well-C3_tile-95.nd2	1	1	C3	95
/home/jovyan/spatial-technology-platform/AB/6GP002/6GP002/plate_1/input_ph/round_1/plate-1_round-1_well-C3_tile-96.nd2	1	1	C3	96
/home/jovyan/spatial-technology-platform/AB/6GP002/6GP002/plate_1/input_ph/round_1/plate-1_round-1_well-C3_tile-97.nd2	1	1	C3	97
/home/jovyan/spatial-technology-platform/AB/6GP002/6GP002/plate_1/input_ph/round_1/plate-1_round-1_well-C3_tile-98.nd2	1	1	C3	98
/home/jovyan/spatial-technology-platform/AB/6GP002/6GP002/plate_1/input_ph/round_1/plate-1_round-1_well-C3_tile-99.nd2	1	1	C3	99
/home/jovyan/spatial-technology-platform/AB/6GP002/6GP002/plate_1/input_ph/round_1/plate-1_round-1_well-C3_tile-100.nd2	1	1	C3	100
/home/jovyan/spatial-technology-platform/AB/6GP002/6GP002/plate_1/input_ph/round_1/plate-1_round-1_well-C3_tile-101.nd2	1	1	C3	101
/home/jovyan/spatial-technology-platform/AB/6GP002/6GP002/plate_1/input_ph/round_1/plate-1_round-1_well-C3_tile-102.nd2	1	1	C3	102
/home/jovyan/spatial-technology-platform/AB/6GP002/6GP002/plate_1/input_ph/round_1/plate-1_round-1_well-C3_tile-103.nd2	1	1	C3	103
/home/jovyan/spatial-technology-platform/AB/6GP002/6GP002/plate_1/input_ph/round_1/plate-1_round-1_well-C3_tile-104.nd2	1	1	C3	104
/home/jovyan/spatial-technology-platform/AB/6GP002/6GP002/plate_1/input_ph/round_1/plate-1_round-1_well-C3_tile-105.nd2	1	1	C3	105
/home/jovyan/spatial-technology-platform/AB/6GP002/6GP002/plate_1/input_ph/round_1/plate-1_round-1_well-C3_tile-106.nd2	1	1	C3	106
/home/jovyan/spatial-technology-platform/AB/6GP002/6GP002/plate_1/input_ph/round_1/plate-1_round-1_well-C3_tile-107.nd2	1	1	C3	107
/home/jovyan/spatial-technology-platform/AB/6GP002/6GP002/plate_1/input_ph/round_1/plate-1_round-1_well-C3_tile-108.nd2	1	1	C3	108
/home/jovyan/spatial-technology-platform/AB/6GP002/6GP002/plate_1/input_ph/round_1/plate-1_round-1_well-C3_tile-109.nd2	1	1	C3	109
/home/jovyan/spatial-technology-platform/AB/6GP002/6GP002/plate_1/input_ph/round_1/plate-1_round-1_well-C3_tile-110.nd2	1	1	C3	110
/home/jovyan/spatial-technology-platform/AB/6GP002/6GP002/plate_1/input_ph/round_1/plate-1_round-1_well-C3_tile-111.nd2	1	1	C3	111
/home/jovyan/spatial-technology-platform/AB/6GP002/6GP002/plate_1/input_ph/round_1/plate-1_round-1_well-C3_tile-112.nd2	1	1	C3	112
/home/jovyan/spatial-technology-platform/AB/6GP002/6GP002/plate_1/input_ph/round_1/plate-1_round-1_well-C3_tile-113.nd2	1	1	C3	113
/home/jovyan/spatial-technology-platform/AB/6GP002/6GP002/plate_1/input_ph/round_1/plate-1_round-1_well-C3_tile-114.nd2	1	1	C3	114
/home/jovyan/spatial-technology-platform/AB/6GP002/6GP002/plate_1/input_ph/round_1/plate-1_round-1_well-C3_tile-115.nd2	1	1	C3	115
/home/jovyan/spatial-technology-platform/AB/6GP002/6GP002/plate_1/input_ph/round_1/plate-1_round-1_well-C3_tile-116.nd2	1	1	C3	116
/home/jovyan/spatial-technology-platform/AB/6GP002/6GP002/plate_1/input_ph/round_1/plate-1_round-1_well-C3_tile-117.nd2	1	1	C3	117
/home/jovyan/spatial-technology-platform/AB/6GP002/6GP002/plate_1/input_ph/round_1/plate-1_round-1_well-C3_tile-118.nd2	1	1	C3	118
/home/jovyan/spatial-technology-platform/AB/6GP002/6GP002/plate_1/input_ph/round_1/plate-1_round-1_well-C3_tile-119.nd2	1	1	C3	119
/home/jovyan/spatial-technology-platform/AB/6GP002/6GP002/plate_1/input_ph/round_1/plate-1_round-1_well-C3_tile-120.nd2	1	1	C3	120
/home/jovyan/spatial-technology-platform/AB/6GP002/6GP002/plate_1/input_ph/round_1/plate-1_round-1_well-C3_tile-121.nd2	1	1	C3	121
/home/jovyan/spatial-technology-platform/AB/6GP002/6GP002/plate_1/input_ph/round_1/plate-1_round-1_well-C3_tile-122.nd2	1	1	C3	122
/home/jovyan/spatial-technology-platform/AB/6GP002/6GP002/plate_1/input_ph/round_1/plate-1_round-1_well-C3_tile-123.nd2	1	1	C3	123
/home/jovyan/spatial-technology-platform/AB/6GP002/6GP002/plate_1/input_ph/round_1/plate-1_round-1_well-C3_tile-124.nd2	1	1	C3	124
/home/jovyan/spatial-technology-platform/AB/6GP002/6GP002/plate_1/input_ph/round_1/plate-1_round-1_well-C3_tile-125.nd2	1	1	C3	125
/home/jovyan/spatial-technology-platform/AB/6GP002/6GP002/plate_1/input_ph/round_1/plate-1_round-1_well-C3_tile-126.nd2	1	1	C3	126
/home/jovyan/spatial-technology-platform/AB/6GP002/6GP002/plate_1/input_ph/round_1/plate-1_round-1_well-C3_tile-127.nd2	1	1	C3	127
/home/jovyan/spatial-technology-platform/AB/6GP002/6GP002/plate_1/input_ph/round_1/plate-1_round-1_well-C3_tile-128.nd2	1	1	C3	128
/home/jovyan/spatial-technology-platform/AB/6GP002/6GP002/plate_1/input_ph/round_1/plate-1_round-1_well-C3_tile-129.nd2	1	1	C3	129
/home/jovyan/spatial-technology-platform/AB/6GP002/6GP002/plate_1/input_ph/round_1/plate-1_round-1_well-C3_tile-130.nd2	1	1	C3	130
/home/jovyan/spatial-technology-platform/AB/6GP002/6GP002/plate_1/input_ph/round_1/plate-1_round-1_well-C3_tile-131.nd2	1	1	C3	131
/home/jovyan/spatial-technology-platform/AB/6GP002/6GP002/plate_1/input_ph/round_1/plate-1_round-1_well-C3_tile-132.nd2	1	1	C3	132
/home/jovyan/spatial-technology-platform/AB/6GP002/6GP002/plate_1/input_ph/round_1/plate-1_round-1_well-C3_tile-133.nd2	1	1	C3	133
/home/jovyan/spatial-technology-platform/AB/6GP002/6GP002/plate_1/input_ph/round_1/plate-1_round-1_well-C3_tile-134.nd2	1	1	C3	134
/home/jovyan/spatial-technology-platform/AB/6GP002/6GP002/plate_1/input_ph/round_1/plate-1_round-1_well-C3_tile-135.nd2	1	1	C3	135
/home/jovyan/spatial-technology-platform/AB/6GP002/6GP002/plate_1/input_ph/round_1/plate-1_round-1_well-C3_tile-136.nd2	1	1	C3	136
/home/jovyan/spatial-technology-platform/AB/6GP002/6GP002/plate_1/input_ph/round_1/plate-1_round-1_well-C3_tile-137.nd2	1	1	C3	137
/home/jovyan/spatial-technology-platform/AB/6GP002/6GP002/plate_1/input_ph/round_1/plate-1_round-1_well-C3_tile-138.nd2	1	1	C3	138
/home/jovyan/spatial-technology-platform/AB/6GP002/6GP002/plate_1/input_ph/round_1/plate-1_round-1_well-C3_tile-139.nd2	1	1	C3	139
/home/jovyan/spatial-technology-platform/AB/6GP002/6GP002/plate_1/input_ph/round_1/plate-1_round-1_well-C3_tile-140.nd2	1	1	C3	140
/home/jovyan/spatial-technology-platform/AB/6GP002/6GP002/plate_1/input_ph/round_1/plate-1_round-1_well-C3_tile-141.nd2	1	1	C3	141
/home/jovyan/spatial-technology-platform/AB/6GP002/6GP002/plate_1/input_ph/round_1/plate-1_round-1_well-C3_tile-142.nd2	1	1	C3	142
/home/jovyan/spatial-technology-platform/AB/6GP002/6GP002/plate_1/input_ph/round_1/plate-1_round-1_well-C3_tile-143.nd2	1	1	C3	143
/home/jovyan/spatial-technology-platform/AB/6GP002/6GP002/plate_1/input_ph/round_1/plate-1_round-1_well-C3_tile-144.nd2	1	1	C3	144
/home/jovyan/spatial-technology-platform/AB/6GP002/6GP002/plate_1/input_ph/round_1/plate-1_round-1_well-C3_tile-145.nd2	1	1	C3	145
/home/jovyan/spatial-technology-platform/AB/6GP002/6GP002/plate_1/input_ph/round_1/plate-1_round-1_well-C3_tile-146.nd2	1	1	C3	146
/home/jovyan/spatial-technology-platform/AB/6GP002/6GP002/plate_1/input_ph/round_1/plate-1_round-1_well-C3_tile-147.nd2	1	1	C3	147
/home/jovyan/spatial-technology-platform/AB/6GP002/6GP002/plate_1/input_ph/round_1/plate-1_round-1_well-C3_tile-148.nd2	1	1	C3	148
/home/jovyan/spatial-technology-platform/AB/6GP002/6GP002/plate_1/input_ph/round_1/plate-1_round-1_well-C3_tile-149.nd2	1	1	C3	149
/home/jovyan/spatial-technology-platform/AB/6GP002/6GP002/plate_1/input_ph/round_1/plate-1_round-1_well-C3_tile-150.nd2	1	1	C3	150
/home/jovyan/spatial-technology-platform/AB/6GP002/6GP002/plate_1/input_ph/round_1/plate-1_round-1_well-C3_tile-151.nd2	1	1	C3	151
/home/jovyan/spatial-technology-platform/AB/6GP002/6GP002/plate_1/input_ph/round_1/plate-1_round-1_well-C3_tile-152.nd2	1	1	C3	152
/home/jovyan/spatial-technology-platform/AB/6GP002/6GP002/plate_1/input_ph/round_1/plate-1_round-1_well-C3_tile-153.nd2	1	1	C3	153
/home/jovyan/spatial-technology-platform/AB/6GP002/6GP002/plate_1/input_ph/round_1/plate-1_round-1_well-C3_tile-154.nd2	1	1	C3	154
/home/jovyan/spatial-technology-platform/AB/6GP002/6GP002/plate_1/input_ph/round_1/plate-1_round-1_well-C3_tile-155.nd2	1	1	C3	155
/home/jovyan/spatial-technology-platform/AB/6GP002/6GP002/plate_1/input_ph/round_1/plate-1_round-1_well-C3_tile-156.nd2	1	1	C3	156
/home/jovyan/spatial-technology-platform/AB/6GP002/6GP002/plate_1/input_ph/round_1/plate-1_round-1_well-C3_tile-157.nd2	1	1	C3	157
/home/jovyan/spatial-technology-platform/AB/6GP002/6GP002/plate_1/input_ph/round_1/plate-1_round-1_well-C3_tile-158.nd2	1	1	C3	158
/home/jovyan/spatial-technology-platform/AB/6GP002/6GP002/plate_1/input_ph/round_1/plate-1_round-1_well-C3_tile-159.nd2	1	1	C3	159
/home/jovyan/spatial-technology-platform/AB/6GP002/6GP002/plate_1/input_ph/round_1/plate-1_round-1_well-C3_tile-160.nd2	1	1	C3	160
/home/jovyan/spatial-technology-platform/AB/6GP002/6GP002/plate_1/input_ph/round_1/plate-1_round-1_well-C3_tile-161.nd2	1	1	C3	161
/home/jovyan/spatial-technology-platform/AB/6GP002/6GP002/plate_1/input_ph/round_1/plate-1_round-1_well-C3_tile-162.nd2	1	1	C3	162
/home/jovyan/spatial-technology-platform/AB/6GP002/6GP002/plate_1/input_ph/round_1/plate-1_round-1_well-C3_tile-163.nd2	1	1	C3	163
/home/jovyan/spatial-technology-platform/AB/6GP002/6GP002/plate_1/input_ph/round_1/plate-1_round-1_well-C3_tile-164.nd2	1	1	C3	164
/home/jovyan/spatial-technology-platform/AB/6GP002/6GP002/plate_1/input_ph/round_1/plate-1_round-1_well-C3_tile-165.nd2	1	1	C3	165
/home/jovyan/spatial-technology-platform/AB/6GP002/6GP002/plate_1/input_ph/round_1/plate-1_round-1_well-C3_tile-166.nd2	1	1	C3	166
/home/jovyan/spatial-technology-platform/AB/6GP002/6GP002/plate_1/input_ph/round_1/plate-1_round-1_well-C3_tile-167.nd2	1	1	C3	167
/home/jovyan/spatial-technology-platform/AB/6GP002/6GP002/plate_1/input_ph/round_1/plate-1_round-1_well-C3_tile-168.nd2	1	1	C3	168
/home/jovyan/spatial-technology-platform/AB/6GP002/6GP002/plate_1/input_ph/round_1/plate-1_round-1_well-C3_tile-169.nd2	1	1	C3	169
/home/jovyan/spatial-technology-platform/AB/6GP002/6GP002/plate_1/input_ph/round_1/plate-1_round-1_well-C3_tile-170.nd2	1	1	C3	170
/home/jovyan/spatial-technology-platform/AB/6GP002/6GP002/plate_1/input_ph/round_1/plate-1_round-1_well-C3_tile-171.nd2	1	1	C3	171
/home/jovyan/spatial-technology-platform/AB/6GP002/6GP002/plate_1/input_ph/round_1/plate-1_round-1_well-C3_tile-172.nd2	1	1	C3	172
/home/jovyan/spatial-technology-platform/AB/6GP002/6GP002/plate_1/input_ph/round_1/plate-1_round-1_well-C3_tile-173.nd2	1	1	C3	173
/home/jovyan/spatial-technology-platform/AB/6GP002/6GP002/plate_1/input_ph/round_1/plate-1_round-1_well-C3_tile-174.nd2	1	1	C3	174
/home/jovyan/spatial-technology-platform/AB/6GP002/6GP002/plate_1/input_ph/round_1/plate-1_round-1_well-C3_tile-175.nd2	1	1	C3	175
/home/jovyan/spatial-technology-platform/AB/6GP002/6GP002/plate_1/input_ph/round_1/plate-1_round-1_well-C3_tile-176.nd2	1	1	C3	176
/home/jovyan/spatial-technology-platform/AB/6GP002/6GP002/plate_1/input_ph/round_1/plate-1_round-1_well-C3_tile-177.nd2	1	1	C3	177
/home/jovyan/spatial-technology-platform/AB/6GP002/6GP002/plate_1/input_ph/round_1/plate-1_round-1_well-C3_tile-178.nd2	1	1	C3	178
/home/jovyan/spatial-technology-platform/AB/6GP002/6GP002/plate_1/input_ph/round_1/plate-1_round-1_well-C3_tile-179.nd2	1	1	C3	179
/home/jovyan/spatial-technology-platform/AB/6GP002/6GP002/plate_1/input_ph/round_1/plate-1_round-1_well-C3_tile-180.nd2	1	1	C3	180
/home/jovyan/spatial-technology-platform/AB/6GP002/6GP002/plate_1/input_ph/round_1/plate-1_round-1_well-C3_tile-181.nd2	1	1	C3	181
/home/jovyan/spatial-technology-platform/AB/6GP002/6GP002/plate_1/input_ph/round_1/plate-1_round-1_well-C3_tile-182.nd2	1	1	C3	182
/home/jovyan/spatial-technology-platform/AB/6GP002/6GP002/plate_1/input_ph/round_1/plate-1_round-1_well-C3_tile-183.nd2	1	1	C3	183
/home/jovyan/spatial-technology-platform/AB/6GP002/6GP002/plate_1/input_ph/round_1/plate-1_round-1_well-C3_tile-184.nd2	1	1	C3	184
/home/jovyan/spatial-technology-platform/AB/6GP002/6GP002/plate_1/input_ph/round_1/plate-1_round-1_well-C3_tile-185.nd2	1	1	C3	185
/home/jovyan/spatial-technology-platform/AB/6GP002/6GP002/plate_1/input_ph/round_1/plate-1_round-1_well-C3_tile-186.nd2	1	1	C3	186
/home/jovyan/spatial-technology-platform/AB/6GP002/6GP002/plate_1/input_ph/round_1/plate-1_round-1_well-C3_tile-187.nd2	1	1	C3	187
/home/jovyan/spatial-technology-platform/AB/6GP002/6GP002/plate_1/input_ph/round_1/plate-1_round-1_well-C3_tile-188.nd2	1	1	C3	188
/home/jovyan/spatial-technology-platform/AB/6GP002/6GP002/plate_1/input_ph/round_1/plate-1_round-1_well-C3_tile-189.nd2	1	1	C3	189
/home/jovyan/spatial-technology-platform/AB/6GP002/6GP002/plate_1/input_ph/round_1/plate-1_round-1_well-C3_tile-190.nd2	1	1	C3	190
/home/jovyan/spatial-technology-platform/AB/6GP002/6GP002/plate_1/input_ph/round_1/plate-1_round-1_well-C3_tile-191.nd2	1	1	C3	191
/home/jovyan/spatial-technology-platform/AB/6GP002/6GP002/plate_1/input_ph/round_1/plate-1_round-1_well-C3_tile-192.nd2	1	1	C3	192
/home/jovyan/spatial-technology-platform/AB/6GP002/6GP002/plate_1/input_ph/round_1/plate-1_round-1_well-C3_tile-193.nd2	1	1	C3	193
/home/jovyan/spatial-technology-platform/AB/6GP002/6GP002/plate_1/input_ph/round_1/plate-1_round-1_well-C3_tile-194.nd2	1	1	C3	194
/home/jovyan/spatial-technology-platform/AB/6GP002/6GP002/plate_1/input_ph/round_1/plate-1_round-1_well-C3_tile-195.nd2	1	1	C3	195
/home/jovyan/spatial-technology-platform/AB/6GP002/6GP002/plate_1/input_ph/round_1/plate-1_round-1_well-C3_tile-196.nd2	1	1	C3	196
/home/jovyan/spatial-technology-platform/AB/6GP002/6GP002/plate_1/input_ph/round_1/plate-1_round-1_well-C3_tile-197.nd2	1	1	C3	197
/home/jovyan/spatial-technology-platform/AB/6GP002/6GP002/plate_1/input_ph/round_1/plate-1_round-1_well-C3_tile-198.nd2	1	1	C3	198
/home/jovyan/spatial-technology-platform/AB/6GP002/6GP002/plate_1/input_ph/round_1/plate-1_round-1_well-C3_tile-199.nd2	1	1	C3	199
/home/jovyan/spatial-technology-platform/AB/6GP002/6GP002/plate_1/input_ph/round_1/plate-1_round-1_well-C3_tile-200.nd2	1	1	C3	200
/home/jovyan/spatial-technology-platform/AB/6GP002/6GP002/plate_1/input_ph/round_1/plate-1_round-1_well-C3_tile-201.nd2	1	1	C3	201
/home/jovyan/spatial-technology-platform/AB/6GP002/6GP002/plate_1/input_ph/round_1/plate-1_round-1_well-C3_tile-202.nd2	1	1	C3	202
/home/jovyan/spatial-technology-platform/AB/6GP002/6GP002/plate_1/input_ph/round_1/plate-1_round-1_well-C3_tile-203.nd2	1	1	C3	203
/home/jovyan/spatial-technology-platform/AB/6GP002/6GP002/plate_1/input_ph/round_1/plate-1_round-1_well-C3_tile-204.nd2	1	1	C3	204
/home/jovyan/spatial-technology-platform/AB/6GP002/6GP002/plate_1/input_ph/round_1/plate-1_round-1_well-C3_tile-205.nd2	1	1	C3	205
/home/jovyan/spatial-technology-platform/AB/6GP002/6GP002/plate_1/input_ph/round_1/plate-1_round-1_well-C3_tile-206.nd2	1	1	C3	206
/home/jovyan/spatial-technology-platform/AB/6GP002/6GP002/plate_1/input_ph/round_1/plate-1_round-1_well-C3_tile-207.nd2	1	1	C3	207
/home/jovyan/spatial-technology-platform/AB/6GP002/6GP002/plate_1/input_ph/round_1/plate-1_round-1_well-C3_tile-208.nd2	1	1	C3	208
/home/jovyan/spatial-technology-platform/AB/6GP002/6GP002/plate_1/input_ph/round_1/plate-1_round-1_well-C3_tile-209.nd2	1	1	C3	209
/home/jovyan/spatial-technology-platform/AB/6GP002/6GP002/plate_1/input_ph/round_1/plate-1_round-1_well-C3_tile-210.nd2	1	1	C3	210
/home/jovyan/spatial-technology-platform/AB/6GP002/6GP002/plate_1/input_ph/round_1/plate-1_round-1_well-C3_tile-211.nd2	1	1	C3	211
/home/jovyan/spatial-technology-platform/AB/6GP002/6GP002/plate_1/input_ph/round_1/plate-1_round-1_well-C3_tile-212.nd2	1	1	C3	212
/home/jovyan/spatial-technology-platform/AB/6GP002/6GP002/plate_1/input_ph/round_1/plate-1_round-1_well-C3_tile-213.nd2	1	1	C3	213
/home/jovyan/spatial-technology-platform/AB/6GP002/6GP002/plate_1/input_ph/round_1/plate-1_round-1_well-C3_tile-214.nd2	1	1	C3	214
/home/jovyan/spatial-technology-platform/AB/6GP002/6GP002/plate_1/input_ph/round_1/plate-1_round-1_well-C3_tile-215.nd2	1	1	C3	215
/home/jovyan/spatial-technology-platform/AB/6GP002/6GP002/plate_1/input_ph/round_1/plate-1_round-1_well-C3_tile-216.nd2	1	1	C3	216
/home/jovyan/spatial-technology-platform/AB/6GP002/6GP002/plate_1/input_ph/round_1/plate-1_round-1_well-C3_tile-217.nd2	1	1	C3	217
/home/jovyan/spatial-technology-platform/AB/6GP002/6GP002/plate_1/input_ph/round_1/plate-1_round-1_well-C3_tile-218.nd2	1	1	C3	218
/home/jovyan/spatial-technology-platform/AB/6GP002/6GP002/plate_1/input_ph/round_1/plate-1_round-1_well-C3_tile-219.nd2	1	1	C3	219
/home/jovyan/spatial-technology-platform/AB/6GP002/6GP002/plate_1/input_ph/round_1/plate-1_round-1_well-C3_tile-220.nd2	1	1	C3	220
/home/jovyan/spatial-technology-platform/AB/6GP002/6GP002/plate_1/input_ph/round_1/plate-1_round-1_well-C3_tile-221.nd2	1	1	C3	221
/home/jovyan/spatial-technology-platform/AB/6GP002/6GP002/plate_1/input_ph/round_1/plate-1_round-1_well-C3_tile-222.nd2	1	1	C3	222
/home/jovyan/spatial-technology-platform/AB/6GP002/6GP002/plate_1/input_ph/round_1/plate-1_round-1_well-C3_tile-223.nd2	1	1	C3	223
/home/jovyan/spatial-technology-platform/AB/6GP002/6GP002/plate_1/input_ph/round_1/plate-1_round-1_well-C3_tile-224.nd2	1	1	C3	224
/home/jovyan/spatial-technology-platform/AB/6GP002/6GP002/plate_1/input_ph/round_1/plate-1_round-1_well-C3_tile-225.nd2	1	1	C3	225
/home/jovyan/spatial-technology-platform/AB/6GP002/6GP002/plate_1/input_ph/round_1/plate-1_round-1_well-C3_tile-226.nd2	1	1	C3	226
/home/jovyan/spatial-technology-platform/AB/6GP002/6GP002/plate_1/input_ph/round_1/plate-1_round-1_well-C3_tile-227.nd2	1	1	C3	227
/home/jovyan/spatial-technology-platform/AB/6GP002/6GP002/plate_1/input_ph/round_1/plate-1_round-1_well-C3_tile-228.nd2	1	1	C3	228
/home/jovyan/spatial-technology-platform/AB/6GP002/6GP002/plate_1/input_ph/round_1/plate-1_round-1_well-C3_tile-229.nd2	1	1	C3	229
/home/jovyan/spatial-technology-platform/AB/6GP002/6GP002/plate_1/input_ph/round_1/plate-1_round-1_well-C3_tile-230.nd2	1	1	C3	230
/home/jovyan/spatial-technology-platform/AB/6GP002/6GP002/plate_1/input_ph/round_1/plate-1_round-1_well-C3_tile-231.nd2	1	1	C3	231
/home/jovyan/spatial-technology-platform/AB/6GP002/6GP002/plate_1/input_ph/round_1/plate-1_round-1_well-C3_tile-232.nd2	1	1	C3	232
/home/jovyan/spatial-technology-platform/AB/6GP002/6GP002/plate_1/input_ph/round_1/plate-1_round-1_well-C3_tile-233.nd2	1	1	C3	233
/home/jovyan/spatial-technology-platform/AB/6GP002/6GP002/plate_1/input_ph/round_1/plate-1_round-1_well-C3_tile-234.nd2	1	1	C3	234
/home/jovyan/spatial-technology-platform/AB/6GP002/6GP002/plate_1/input_ph/round_1/plate-1_round-1_well-C3_tile-235.nd2	1	1	C3	235
/home/jovyan/spatial-technology-platform/AB/6GP002/6GP002/plate_1/input_ph/round_1/plate-1_round-1_well-C3_tile-236.nd2	1	1	C3	236
/home/jovyan/spatial-technology-platform/AB/6GP002/6GP002/plate_1/input_ph/round_1/plate-1_round-1_well-C3_tile-237.nd2	1	1	C3	237
/home/jovyan/spatial-technology-platform/AB/6GP002/6GP002/plate_1/input_ph/round_1/plate-1_round-1_well-C3_tile-238.nd2	1	1	C3	238
/home/jovyan/spatial-technology-platform/AB/6GP002/6GP002/plate_1/input_ph/round_1/plate-1_round-1_well-C3_tile-239.nd2	1	1	C3	239
/home/jovyan/spatial-technology-platform/AB/6GP002/6GP002/plate_1/input_ph/round_1/plate-1_round-1_well-C3_tile-240.nd2	1	1	C3	240
/home/jovyan/spatial-technology-platform/AB/6GP002/6GP002/plate_1/input_ph/round_1/plate-1_round-1_well-C3_tile-241.nd2	1	1	C3	241
/home/jovyan/spatial-technology-platform/AB/6GP002/6GP002/plate_1/input_ph/round_1/plate-1_round-1_well-C3_tile-242.nd2	1	1	C3	242
/home/jovyan/spatial-technology-platform/AB/6GP002/6GP002/plate_1/input_ph/round_1/plate-1_round-1_well-C3_tile-243.nd2	1	1	C3	243
/home/jovyan/spatial-technology-platform/AB/6GP002/6GP002/plate_1/input_ph/round_1/plate-1_round-1_well-C3_tile-244.nd2	1	1	C3	244
/home/jovyan/spatial-technology-platform/AB/6GP002/6GP002/plate_1/input_ph/round_1/plate-1_round-1_well-C3_tile-245.nd2	1	1	C3	245
/home/jovyan/spatial-technology-platform/AB/6GP002/6GP002/plate_1/input_ph/round_1/plate-1_round-1_well-C3_tile-246.nd2	1	1	C3	246
/home/jovyan/spatial-technology-platform/AB/6GP002/6GP002/plate_1/input_ph/round_1/plate-1_round-1_well-C3_tile-247.nd2	1	1	C3	247
/home/jovyan/spatial-technology-platform/AB/6GP002/6GP002/plate_1/input_ph/round_1/plate-1_round-1_well-C3_tile-248.nd2	1	1	C3	248
/home/jovyan/spatial-technology-platform/AB/6GP002/6GP002/plate_1/input_ph/round_1/plate-1_round-1_well-C3_tile-249.nd2	1	1	C3	249
/home/jovyan/spatial-technology-platform/AB/6GP002/6GP002/plate_1/input_ph/round_1/plate-1_round-1_well-C3_tile-250.nd2	1	1	C3	250
/home/jovyan/spatial-technology-platform/AB/6GP002/6GP002/plate_1/input_ph/round_1/plate-1_round-1_well-C3_tile-251.nd2	1	1	C3	251
/home/jovyan/spatial-technology-platform/AB/6GP002/6GP002/plate_1/input_ph/round_1/plate-1_round-1_well-C3_tile-252.nd2	1	1	C3	252
/home/jovyan/spatial-technology-platform/AB/6GP002/6GP002/plate_1/input_ph/round_1/plate-1_round-1_well-C3_tile-253.nd2	1	1	C3	253
/home/jovyan/spatial-technology-platform/AB/6GP002/6GP002/plate_1/input_ph/round_1/plate-1_round-1_well-C3_tile-254.nd2	1	1	C3	254
/home/jovyan/spatial-technology-platform/AB/6GP002/6GP002/plate_1/input_ph/round_1/plate-1_round-1_well-C3_tile-255.nd2	1	1	C3	255
/home/jovyan/spatial-technology-platform/AB/6GP002/6GP002/plate_1/input_ph/round_1/plate-1_round-1_well-C3_tile-256.nd2	1	1	C3	256
/home/jovyan/spatial-technology-platform/AB/6GP002/6GP002/plate_1/input_ph/round_1/plate-1_round-1_well-C3_tile-257.nd2	1	1	C3	257
/home/jovyan/spatial-technology-platform/AB/6GP002/6GP002/plate_1/input_ph/round_1/plate-1_round-1_well-C3_tile-258.nd2	1	1	C3	258
/home/jovyan/spatial-technology-platform/AB/6GP002/6GP002/plate_1/input_ph/round_1/plate-1_round-1_well-C3_tile-259.nd2	1	1	C3	259
/home/jovyan/spatial-technology-platform/AB/6GP002/6GP002/plate_1/input_ph/round_1/plate-1_round-1_well-C3_tile-260.nd2	1	1	C3	260
/home/jovyan/spatial-technology-platform/AB/6GP002/6GP002/plate_1/input_ph/round_1/plate-1_round-1_well-C3_tile-261.nd2	1	1	C3	261
/home/jovyan/spatial-technology-platform/AB/6GP002/6GP002/plate_1/input_ph/round_1/plate-1_round-1_well-C3_tile-262.nd2	1	1	C3	262
/home/jovyan/spatial-technology-platform/AB/6GP002/6GP002/plate_1/input_ph/round_1/plate-1_round-1_well-C3_tile-263.nd2	1	1	C3	263
/home/jovyan/spatial-technology-platform/AB/6GP002/6GP002/plate_1/input_ph/round_1/plate-1_round-1_well-C3_tile-264.nd2	1	1	C3	264
/home/jovyan/spatial-technology-platform/AB/6GP002/6GP002/plate_1/input_ph/round_1/plate-1_round-1_well-C3_tile-265.nd2	1	1	C3	265
/home/jovyan/spatial-technology-platform/AB/6GP002/6GP002/plate_1/input_ph/round_1/plate-1_round-1_well-C3_tile-266.nd2	1	1	C3	266
/home/jovyan/spatial-technology-platform/AB/6GP002/6GP002/plate_1/input_ph/round_1/plate-1_round-1_well-C3_tile-267.nd2	1	1	C3	267
/home/jovyan/spatial-technology-platform/AB/6GP002/6GP002/plate_1/input_ph/round_1/plate-1_round-1_well-C3_tile-268.nd2	1	1	C3	268
/home/jovyan/spatial-technology-platform/AB/6GP002/6GP002/plate_1/input_ph/round_1/plate-1_round-1_well-C3_tile-269.nd2	1	1	C3	269
/home/jovyan/spatial-technology-platform/AB/6GP002/6GP002/plate_1/input_ph/round_1/plate-1_round-1_well-C3_tile-270.nd2	1	1	C3	270
/home/jovyan/spatial-technology-platform/AB/6GP002/6GP002/plate_1/input_ph/round_1/plate-1_round-1_well-C3_tile-271.nd2	1	1	C3	271
/home/jovyan/spatial-technology-platform/AB/6GP002/6GP002/plate_1/input_ph/round_1/plate-1_round-1_well-C3_tile-272.nd2	1	1	C3	272
/home/jovyan/spatial-technology-platform/AB/6GP002/6GP002/plate_1/input_ph/round_1/plate-1_round-1_well-C3_tile-273.nd2	1	1	C3	273
/home/jovyan/spatial-technology-platform/AB/6GP002/6GP002/plate_1/input_ph/round_1/plate-1_round-1_well-C3_tile-274.nd2	1	1	C3	274
/home/jovyan/spatial-technology-platform/AB/6GP002/6GP002/plate_1/input_ph/round_1/plate-1_round-1_well-C3_tile-275.nd2	1	1	C3	275
/home/jovyan/spatial-technology-platform/AB/6GP002/6GP002/plate_1/input_ph/round_1/plate-1_round-1_well-C3_tile-276.nd2	1	1	C3	276
/home/jovyan/spatial-technology-platform/AB/6GP002/6GP002/plate_1/input_ph/round_1/plate-1_round-1_well-C3_tile-277.nd2	1	1	C3	277
/home/jovyan/spatial-technology-platform/AB/6GP002/6GP002/plate_1/input_ph/round_1/plate-1_round-1_well-C3_tile-278.nd2	1	1	C3	278
/home/jovyan/spatial-technology-platform/AB/6GP002/6GP002/plate_1/input_ph/round_1/plate-1_round-1_well-C3_tile-279.nd2	1	1	C3	279
/home/jovyan/spatial-technology-platform/AB/6GP002/6GP002/plate_1/input_ph/round_1/plate-1_round-1_well-C3_tile-280.nd2	1	1	C3	280
/home/jovyan/spatial-technology-platform/AB/6GP002/6GP002/plate_1/input_ph/round_1/plate-1_round-1_well-C3_tile-281.nd2	1	1	C3	281
/home/jovyan/spatial-technology-platform/AB/6GP002/6GP002/plate_1/input_ph/round_1/plate-1_round-1_well-C3_tile-282.nd2	1	1	C3	282
/home/jovyan/spatial-technology-platform/AB/6GP002/6GP002/plate_1/input_ph/round_1/plate-1_round-1_well-C3_tile-283.nd2	1	1	C3	283
/home/jovyan/spatial-technology-platform/AB/6GP002/6GP002/plate_1/input_ph/round_1/plate-1_round-1_well-C3_tile-284.nd2	1	1	C3	284
/home/jovyan/spatial-technology-platform/AB/6GP002/6GP002/plate_1/input_ph/round_1/plate-1_round-1_well-C3_tile-285.nd2	1	1	C3	285
/home/jovyan/spatial-technology-platform/AB/6GP002/6GP002/plate_1/input_ph/round_1/plate-1_round-1_well-C3_tile-286.nd2	1	1	C3	286
/home/jovyan/spatial-technology-platform/AB/6GP002/6GP002/plate_1/input_ph/round_1/plate-1_round-1_well-C3_tile-287.nd2	1	1	C3	287
/home/jovyan/spatial-technology-platform/AB/6GP002/6GP002/plate_1/input_ph/round_1/plate-1_round-1_well-C3_tile-288.nd2	1	1	C3	288
/home/jovyan/spatial-technology-platform/AB/6GP002/6GP002/plate_1/input_ph/round_1/plate-1_round-1_well-C3_tile-289.nd2	1	1	C3	289
/home/jovyan/spatial-technology-platform/AB/6GP002/6GP002/plate_1/input_ph/round_1/plate-1_round-1_well-C3_tile-290.nd2	1	1	C3	290
/home/jovyan/spatial-technology-platform/AB/6GP002/6GP002/plate_1/input_ph/round_1/plate-1_round-1_well-C3_tile-291.nd2	1	1	C3	291
/home/jovyan/spatial-technology-platform/AB/6GP002/6GP002/plate_1/input_ph/round_1/plate-1_round-1_well-C3_tile-292.nd2	1	1	C3	292
/home/jovyan/spatial-technology-platform/AB/6GP002/6GP002/plate_1/input_ph/round_1/plate-1_round-1_well-C3_tile-293.nd2	1	1	C3	293
/home/jovyan/spatial-technology-platform/AB/6GP002/6GP002/plate_1/input_ph/round_1/plate-1_round-1_well-C3_tile-294.nd2	1	1	C3	294
/home/jovyan/spatial-technology-platform/AB/6GP002/6GP002/plate_1/input_ph/round_1/plate-1_round-1_well-C3_tile-295.nd2	1	1	C3	295
/home/jovyan/spatial-technology-platform/AB/6GP002/6GP002/plate_1/input_ph/round_1/plate-1_round-1_well-C3_tile-296.nd2	1	1	C3	296
/home/jovyan/spatial-technology-platform/AB/6GP002/6GP002/plate_1/input_ph/round_1/plate-1_round-1_well-C3_tile-297.nd2	1	1	C3	297
/home/jovyan/spatial-technology-platform/AB/6GP002/6GP002/plate_1/input_ph/round_1/plate-1_round-1_well-C3_tile-298.nd2	1	1	C3	298
/home/jovyan/spatial-technology-platform/AB/6GP002/6GP002/plate_1/input_ph/round_1/plate-1_round-1_well-C3_tile-299.nd2	1	1	C3	299
/home/jovyan/spatial-technology-platform/AB/6GP002/6GP002/plate_1/input_ph/round_1/plate-1_round-1_well-C3_tile-300.nd2	1	1	C3	300
/home/jovyan/spatial-technology-platform/AB/6GP002/6GP002/plate_1/input_ph/round_1/plate-1_round-1_well-C3_tile-301.nd2	1	1	C3	301
/home/jovyan/spatial-technology-platform/AB/6GP002/6GP002/plate_1/input_ph/round_1/plate-1_round-1_well-C3_tile-302.nd2	1	1	C3	302
/home/jovyan/spatial-technology-platform/AB/6GP002/6GP002/plate_1/input_ph/round_1/plate-1_round-1_well-C3_tile-303.nd2	1	1	C3	303
/home/jovyan/spatial-technology-platform/AB/6GP002/6GP002/plate_1/input_ph/round_1/plate-1_round-1_well-C3_tile-304.nd2	1	1	C3	304
/home/jovyan/spatial-technology-platform/AB/6GP002/6GP002/plate_1/input_ph/round_1/plate-1_round-1_well-C3_tile-305.nd2	1	1	C3	305
/home/jovyan/spatial-technology-platform/AB/6GP002/6GP002/plate_1/input_ph/round_1/plate-1_round-1_well-C3_tile-306.nd2	1	1	C3	306
/home/jovyan/spatial-technology-platform/AB/6GP002/6GP002/plate_1/input_ph/round_1/plate-1_round-1_well-C3_tile-307.nd2	1	1	C3	307
/home/jovyan/spatial-technology-platform/AB/6GP002/6GP002/plate_1/input_ph/round_1/plate-1_round-1_well-C3_tile-308.nd2	1	1	C3	308
/home/jovyan/spatial-technology-platform/AB/6GP002/6GP002/plate_1/input_ph/round_1/plate-1_round-1_well-C3_tile-309.nd2	1	1	C3	309
/home/jovyan/spatial-technology-platform/AB/6GP002/6GP002/plate_1/input_ph/round_1/plate-1_round-1_well-C3_tile-310.nd2	1	1	C3	310
/home/jovyan/spatial-technology-platform/AB/6GP002/6GP002/plate_1/input_ph/round_1/plate-1_round-1_well-C3_tile-311.nd2	1	1	C3	311
/home/jovyan/spatial-technology-platform/AB/6GP002/6GP002/plate_1/input_ph/round_1/plate-1_round-1_well-C3_tile-312.nd2	1	1	C3	312
/home/jovyan/spatial-technology-platform/AB/6GP002/6GP002/plate_1/input_ph/round_1/plate-1_round-1_well-C3_tile-313.nd2	1	1	C3	313
/home/jovyan/spatial-technology-platform/AB/6GP002/6GP002/plate_1/input_ph/round_1/plate-1_round-1_well-C3_tile-314.nd2	1	1	C3	314
/home/jovyan/spatial-technology-platform/AB/6GP002/6GP002/plate_1/input_ph/round_1/plate-1_round-1_well-C3_tile-315.nd2	1	1	C3	315
/home/jovyan/spatial-technology-platform/AB/6GP002/6GP002/plate_1/input_ph/round_1/plate-1_round-1_well-C3_tile-316.nd2	1	1	C3	316
/home/jovyan/spatial-technology-platform/AB/6GP002/6GP002/plate_1/input_ph/round_1/plate-1_round-1_well-C3_tile-317.nd2	1	1	C3	317
/home/jovyan/spatial-technology-platform/AB/6GP002/6GP002/plate_1/input_ph/round_1/plate-1_round-1_well-C3_tile-318.nd2	1	1	C3	318
/home/jovyan/spatial-technology-platform/AB/6GP002/6GP002/plate_1/input_ph/round_1/plate-1_round-1_well-C3_tile-319.nd2	1	1	C3	319
/home/jovyan/spatial-technology-platform/AB/6GP002/6GP002/plate_1/input_ph/round_1/plate-1_round-1_well-C3_tile-320.nd2	1	1	C3	320
/home/jovyan/spatial-technology-platform/AB/6GP002/6GP002/plate_1/input_ph/round_1/plate-1_round-1_well-C3_tile-321.nd2	1	1	C3	321
/home/jovyan/spatial-technology-platform/AB/6GP002/6GP002/plate_1/input_ph/round_1/plate-1_round-1_well-C3_tile-322.nd2	1	1	C3	322
/home/jovyan/spatial-technology-platform/AB/6GP002/6GP002/plate_1/input_ph/round_1/plate-1_round-1_well-C3_tile-323.nd2	1	1	C3	323
/home/jovyan/spatial-technology-platform/AB/6GP002/6GP002/plate_1/input_ph/round_1/plate-1_round-1_well-C3_tile-324.nd2	1	1	C3	324
/home/jovyan/spatial-technology-platform/AB/6GP002/6GP002/plate_1/input_ph/round_1/plate-1_round-1_well-C3_tile-325.nd2	1	1	C3	325
/home/jovyan/spatial-technology-platform/AB/6GP002/6GP002/plate_1/input_ph/round_1/plate-1_round-1_well-C3_tile-326.nd2	1	1	C3	326
/home/jovyan/spatial-technology-platform/AB/6GP002/6GP002/plate_1/input_ph/round_1/plate-1_round-1_well-C3_tile-327.nd2	1	1	C3	327
/home/jovyan/spatial-technology-platform/AB/6GP002/6GP002/plate_1/input_ph/round_1/plate-1_round-1_well-C3_tile-328.nd2	1	1	C3	328
/home/jovyan/spatial-technology-platform/AB/6GP002/6GP002/plate_1/input_ph/round_1/plate-1_round-1_well-C3_tile-329.nd2	1	1	C3	329
/home/jovyan/spatial-technology-platform/AB/6GP002/6GP002/plate_1/input_ph/round_1/plate-1_round-1_well-C3_tile-330.nd2	1	1	C3	330
/home/jovyan/spatial-technology-platform/AB/6GP002/6GP002/plate_1/input_ph/round_1/plate-1_round-1_well-C3_tile-331.nd2	1	1	C3	331
/home/jovyan/spatial-technology-platform/AB/6GP002/6GP002/plate_1/input_ph/round_1/plate-1_round-1_well-C3_tile-332.nd2	1	1	C3	332
/home/jovyan/spatial-technology-platform/AB/6GP002/6GP002/plate_1/input_ph/round_1/plate-1_round-1_well-C3_tile-333.nd2	1	1	C3	333
/home/jovyan/spatial-technology-platform/AB/6GP002/6GP002/plate_1/input_ph/round_1/plate-1_round-1_well-C3_tile-334.nd2	1	1	C3	334
/home/jovyan/spatial-technology-platform/AB/6GP002/6GP002/plate_1/input_ph/round_1/plate-1_round-1_well-C3_tile-335.nd2	1	1	C3	335
/home/jovyan/spatial-technology-platform/AB/6GP002/6GP002/plate_1/input_ph/round_1/plate-1_round-1_well-C3_tile-336.nd2	1	1	C3	336
/home/jovyan/spatial-technology-platform/AB/6GP002/6GP002/plate_1/input_ph/round_1/plate-1_round-1_well-C3_tile-337.nd2	1	1	C3	337
/home/jovyan/spatial-technology-platform/AB/6GP002/6GP002/plate_1/input_ph/round_1/plate-1_round-1_well-C3_tile-338.nd2	1	1	C3	338
/home/jovyan/spatial-technology-platform/AB/6GP002/6GP002/plate_1/input_ph/round_1/plate-1_round-1_well-C3_tile-339.nd2	1	1	C3	339
/home/jovyan/spatial-technology-platform/AB/6GP002/6GP002/plate_1/input_ph/round_1/plate-1_round-1_well-C3_tile-340.nd2	1	1	C3	340
/home/jovyan/spatial-technology-platform/AB/6GP002/6GP002/plate_1/input_ph/round_1/plate-1_round-1_well-C3_tile-341.nd2	1	1	C3	341
/home/jovyan/spatial-technology-platform/AB/6GP002/6GP002/plate_1/input_ph/round_1/plate-1_round-1_well-C3_tile-342.nd2	1	1	C3	342
/home/jovyan/spatial-technology-platform/AB/6GP002/6GP002/plate_1/input_ph/round_1/plate-1_round-1_well-C3_tile-343.nd2	1	1	C3	343
/home/jovyan/spatial-technology-platform/AB/6GP002/6GP002/plate_1/input_ph/round_1/plate-1_round-1_well-C3_tile-344.nd2	1	1	C3	344
/home/jovyan/spatial-technology-platform/AB/6GP002/6GP002/plate_1/input_ph/round_1/plate-1_round-1_well-C3_tile-345.nd2	1	1	C3	345
/home/jovyan/spatial-technology-platform/AB/6GP002/6GP002/plate_1/input_ph/round_1/plate-1_round-1_well-C3_tile-346.nd2	1	1	C3	346
/home/jovyan/spatial-technology-platform/AB/6GP002/6GP002/plate_1/input_ph/round_1/plate-1_round-1_well-C3_tile-347.nd2	1	1	C3	347
/home/jovyan/spatial-technology-platform/AB/6GP002/6GP002/plate_1/input_ph/round_1/plate-1_round-1_well-C3_tile-348.nd2	1	1	C3	348
/home/jovyan/spatial-technology-platform/AB/6GP002/6GP002/plate_1/input_ph/round_1/plate-1_round-1_well-C4_tile-0.nd2	1	1	C4	0
/home/jovyan/spatial-technology-platform/AB/6GP002/6GP002/plate_1/input_ph/round_1/plate-1_round-1_well-C4_tile-1.nd2	1	1	C4	1
/home/jovyan/spatial-technology-platform/AB/6GP002/6GP002/plate_1/input_ph/round_1/plate-1_round-1_well-C4_tile-2.nd2	1	1	C4	2
/home/jovyan/spatial-technology-platform/AB/6GP002/6GP002/plate_1/input_ph/round_1/plate-1_round-1_well-C4_tile-3.nd2	1	1	C4	3
/home/jovyan/spatial-technology-platform/AB/6GP002/6GP002/plate_1/input_ph/round_1/plate-1_round-1_well-C4_tile-4.nd2	1	1	C4	4
/home/jovyan/spatial-technology-platform/AB/6GP002/6GP002/plate_1/input_ph/round_1/plate-1_round-1_well-C4_tile-5.nd2	1	1	C4	5
/home/jovyan/spatial-technology-platform/AB/6GP002/6GP002/plate_1/input_ph/round_1/plate-1_round-1_well-C4_tile-6.nd2	1	1	C4	6
/home/jovyan/spatial-technology-platform/AB/6GP002/6GP002/plate_1/input_ph/round_1/plate-1_round-1_well-C4_tile-7.nd2	1	1	C4	7
/home/jovyan/spatial-technology-platform/AB/6GP002/6GP002/plate_1/input_ph/round_1/plate-1_round-1_well-C4_tile-8.nd2	1	1	C4	8
/home/jovyan/spatial-technology-platform/AB/6GP002/6GP002/plate_1/input_ph/round_1/plate-1_round-1_well-C4_tile-9.nd2	1	1	C4	9
/home/jovyan/spatial-technology-platform/AB/6GP002/6GP002/plate_1/input_ph/round_1/plate-1_round-1_well-C4_tile-10.nd2	1	1	C4	10
/home/jovyan/spatial-technology-platform/AB/6GP002/6GP002/plate_1/input_ph/round_1/plate-1_round-1_well-C4_tile-11.nd2	1	1	C4	11
/home/jovyan/spatial-technology-platform/AB/6GP002/6GP002/plate_1/input_ph/round_1/plate-1_round-1_well-C4_tile-12.nd2	1	1	C4	12
/home/jovyan/spatial-technology-platform/AB/6GP002/6GP002/plate_1/input_ph/round_1/plate-1_round-1_well-C4_tile-13.nd2	1	1	C4	13
/home/jovyan/spatial-technology-platform/AB/6GP002/6GP002/plate_1/input_ph/round_1/plate-1_round-1_well-C4_tile-14.nd2	1	1	C4	14
/home/jovyan/spatial-technology-platform/AB/6GP002/6GP002/plate_1/input_ph/round_1/plate-1_round-1_well-C4_tile-15.nd2	1	1	C4	15
/home/jovyan/spatial-technology-platform/AB/6GP002/6GP002/plate_1/input_ph/round_1/plate-1_round-1_well-C4_tile-16.nd2	1	1	C4	16
/home/jovyan/spatial-technology-platform/AB/6GP002/6GP002/plate_1/input_ph/round_1/plate-1_round-1_well-C4_tile-17.nd2	1	1	C4	17
/home/jovyan/spatial-technology-platform/AB/6GP002/6GP002/plate_1/input_ph/round_1/plate-1_round-1_well-C4_tile-18.nd2	1	1	C4	18
/home/jovyan/spatial-technology-platform/AB/6GP002/6GP002/plate_1/input_ph/round_1/plate-1_round-1_well-C4_tile-19.nd2	1	1	C4	19
/home/jovyan/spatial-technology-platform/AB/6GP002/6GP002/plate_1/input_ph/round_1/plate-1_round-1_well-C4_tile-20.nd2	1	1	C4	20
/home/jovyan/spatial-technology-platform/AB/6GP002/6GP002/plate_1/input_ph/round_1/plate-1_round-1_well-C4_tile-21.nd2	1	1	C4	21
/home/jovyan/spatial-technology-platform/AB/6GP002/6GP002/plate_1/input_ph/round_1/plate-1_round-1_well-C4_tile-22.nd2	1	1	C4	22
/home/jovyan/spatial-technology-platform/AB/6GP002/6GP002/plate_1/input_ph/round_1/plate-1_round-1_well-C4_tile-23.nd2	1	1	C4	23
/home/jovyan/spatial-technology-platform/AB/6GP002/6GP002/plate_1/input_ph/round_1/plate-1_round-1_well-C4_tile-24.nd2	1	1	C4	24
/home/jovyan/spatial-technology-platform/AB/6GP002/6GP002/plate_1/input_ph/round_1/plate-1_round-1_well-C4_tile-25.nd2	1	1	C4	25
/home/jovyan/spatial-technology-platform/AB/6GP002/6GP002/plate_1/input_ph/round_1/plate-1_round-1_well-C4_tile-26.nd2	1	1	C4	26
/home/jovyan/spatial-technology-platform/AB/6GP002/6GP002/plate_1/input_ph/round_1/plate-1_round-1_well-C4_tile-27.nd2	1	1	C4	27
/home/jovyan/spatial-technology-platform/AB/6GP002/6GP002/plate_1/input_ph/round_1/plate-1_round-1_well-C4_tile-28.nd2	1	1	C4	28
/home/jovyan/spatial-technology-platform/AB/6GP002/6GP002/plate_1/input_ph/round_1/plate-1_round-1_well-C4_tile-29.nd2	1	1	C4	29
/home/jovyan/spatial-technology-platform/AB/6GP002/6GP002/plate_1/input_ph/round_1/plate-1_round-1_well-C4_tile-30.nd2	1	1	C4	30
/home/jovyan/spatial-technology-platform/AB/6GP002/6GP002/plate_1/input_ph/round_1/plate-1_round-1_well-C4_tile-31.nd2	1	1	C4	31
/home/jovyan/spatial-technology-platform/AB/6GP002/6GP002/plate_1/input_ph/round_1/plate-1_round-1_well-C4_tile-32.nd2	1	1	C4	32
/home/jovyan/spatial-technology-platform/AB/6GP002/6GP002/plate_1/input_ph/round_1/plate-1_round-1_well-C4_tile-33.nd2	1	1	C4	33
/home/jovyan/spatial-technology-platform/AB/6GP002/6GP002/plate_1/input_ph/round_1/plate-1_round-1_well-C4_tile-34.nd2	1	1	C4	34
/home/jovyan/spatial-technology-platform/AB/6GP002/6GP002/plate_1/input_ph/round_1/plate-1_round-1_well-C4_tile-35.nd2	1	1	C4	35
/home/jovyan/spatial-technology-platform/AB/6GP002/6GP002/plate_1/input_ph/round_1/plate-1_round-1_well-C4_tile-36.nd2	1	1	C4	36
/home/jovyan/spatial-technology-platform/AB/6GP002/6GP002/plate_1/input_ph/round_1/plate-1_round-1_well-C4_tile-37.nd2	1	1	C4	37
/home/jovyan/spatial-technology-platform/AB/6GP002/6GP002/plate_1/input_ph/round_1/plate-1_round-1_well-C4_tile-38.nd2	1	1	C4	38
/home/jovyan/spatial-technology-platform/AB/6GP002/6GP002/plate_1/input_ph/round_1/plate-1_round-1_well-C4_tile-39.nd2	1	1	C4	39
/home/jovyan/spatial-technology-platform/AB/6GP002/6GP002/plate_1/input_ph/round_1/plate-1_round-1_well-C4_tile-40.nd2	1	1	C4	40
/home/jovyan/spatial-technology-platform/AB/6GP002/6GP002/plate_1/input_ph/round_1/plate-1_round-1_well-C4_tile-41.nd2	1	1	C4	41
/home/jovyan/spatial-technology-platform/AB/6GP002/6GP002/plate_1/input_ph/round_1/plate-1_round-1_well-C4_tile-42.nd2	1	1	C4	42
/home/jovyan/spatial-technology-platform/AB/6GP002/6GP002/plate_1/input_ph/round_1/plate-1_round-1_well-C4_tile-43.nd2	1	1	C4	43
/home/jovyan/spatial-technology-platform/AB/6GP002/6GP002/plate_1/input_ph/round_1/plate-1_round-1_well-C4_tile-44.nd2	1	1	C4	44
/home/jovyan/spatial-technology-platform/AB/6GP002/6GP002/plate_1/input_ph/round_1/plate-1_round-1_well-C4_tile-45.nd2	1	1	C4	45
/home/jovyan/spatial-technology-platform/AB/6GP002/6GP002/plate_1/input_ph/round_1/plate-1_round-1_well-C4_tile-46.nd2	1	1	C4	46
/home/jovyan/spatial-technology-platform/AB/6GP002/6GP002/plate_1/input_ph/round_1/plate-1_round-1_well-C4_tile-47.nd2	1	1	C4	47
/home/jovyan/spatial-technology-platform/AB/6GP002/6GP002/plate_1/input_ph/round_1/plate-1_round-1_well-C4_tile-48.nd2	1	1	C4	48
/home/jovyan/spatial-technology-platform/AB/6GP002/6GP002/plate_1/input_ph/round_1/plate-1_round-1_well-C4_tile-49.nd2	1	1	C4	49
/home/jovyan/spatial-technology-platform/AB/6GP002/6GP002/plate_1/input_ph/round_1/plate-1_round-1_well-C4_tile-50.nd2	1	1	C4	50
/home/jovyan/spatial-technology-platform/AB/6GP002/6GP002/plate_1/input_ph/round_1/plate-1_round-1_well-C4_tile-51.nd2	1	1	C4	51
/home/jovyan/spatial-technology-platform/AB/6GP002/6GP002/plate_1/input_ph/round_1/plate-1_round-1_well-C4_tile-52.nd2	1	1	C4	52
/home/jovyan/spatial-technology-platform/AB/6GP002/6GP002/plate_1/input_ph/round_1/plate-1_round-1_well-C4_tile-53.nd2	1	1	C4	53
/home/jovyan/spatial-technology-platform/AB/6GP002/6GP002/plate_1/input_ph/round_1/plate-1_round-1_well-C4_tile-54.nd2	1	1	C4	54
/home/jovyan/spatial-technology-platform/AB/6GP002/6GP002/plate_1/input_ph/round_1/plate-1_round-1_well-C4_tile-55.nd2	1	1	C4	55
/home/jovyan/spatial-technology-platform/AB/6GP002/6GP002/plate_1/input_ph/round_1/plate-1_round-1_well-C4_tile-56.nd2	1	1	C4	56
/home/jovyan/spatial-technology-platform/AB/6GP002/6GP002/plate_1/input_ph/round_1/plate-1_round-1_well-C4_tile-57.nd2	1	1	C4	57
/home/jovyan/spatial-technology-platform/AB/6GP002/6GP002/plate_1/input_ph/round_1/plate-1_round-1_well-C4_tile-58.nd2	1	1	C4	58
/home/jovyan/spatial-technology-platform/AB/6GP002/6GP002/plate_1/input_ph/round_1/plate-1_round-1_well-C4_tile-59.nd2	1	1	C4	59
/home/jovyan/spatial-technology-platform/AB/6GP002/6GP002/plate_1/input_ph/round_1/plate-1_round-1_well-C4_tile-60.nd2	1	1	C4	60
/home/jovyan/spatial-technology-platform/AB/6GP002/6GP002/plate_1/input_ph/round_1/plate-1_round-1_well-C4_tile-61.nd2	1	1	C4	61
/home/jovyan/spatial-technology-platform/AB/6GP002/6GP002/plate_1/input_ph/round_1/plate-1_round-1_well-C4_tile-62.nd2	1	1	C4	62
/home/jovyan/spatial-technology-platform/AB/6GP002/6GP002/plate_1/input_ph/round_1/plate-1_round-1_well-C4_tile-63.nd2	1	1	C4	63
/home/jovyan/spatial-technology-platform/AB/6GP002/6GP002/plate_1/input_ph/round_1/plate-1_round-1_well-C4_tile-64.nd2	1	1	C4	64
/home/jovyan/spatial-technology-platform/AB/6GP002/6GP002/plate_1/input_ph/round_1/plate-1_round-1_well-C4_tile-65.nd2	1	1	C4	65
/home/jovyan/spatial-technology-platform/AB/6GP002/6GP002/plate_1/input_ph/round_1/plate-1_round-1_well-C4_tile-66.nd2	1	1	C4	66
/home/jovyan/spatial-technology-platform/AB/6GP002/6GP002/plate_1/input_ph/round_1/plate-1_round-1_well-C4_tile-67.nd2	1	1	C4	67
/home/jovyan/spatial-technology-platform/AB/6GP002/6GP002/plate_1/input_ph/round_1/plate-1_round-1_well-C4_tile-68.nd2	1	1	C4	68
/home/jovyan/spatial-technology-platform/AB/6GP002/6GP002/plate_1/input_ph/round_1/plate-1_round-1_well-C4_tile-69.nd2	1	1	C4	69
/home/jovyan/spatial-technology-platform/AB/6GP002/6GP002/plate_1/input_ph/round_1/plate-1_round-1_well-C4_tile-70.nd2	1	1	C4	70
/home/jovyan/spatial-technology-platform/AB/6GP002/6GP002/plate_1/input_ph/round_1/plate-1_round-1_well-C4_tile-71.nd2	1	1	C4	71
/home/jovyan/spatial-technology-platform/AB/6GP002/6GP002/plate_1/input_ph/round_1/plate-1_round-1_well-C4_tile-72.nd2	1	1	C4	72
/home/jovyan/spatial-technology-platform/AB/6GP002/6GP002/plate_1/input_ph/round_1/plate-1_round-1_well-C4_tile-73.nd2	1	1	C4	73
/home/jovyan/spatial-technology-platform/AB/6GP002/6GP002/plate_1/input_ph/round_1/plate-1_round-1_well-C4_tile-74.nd2	1	1	C4	74
/home/jovyan/spatial-technology-platform/AB/6GP002/6GP002/plate_1/input_ph/round_1/plate-1_round-1_well-C4_tile-75.nd2	1	1	C4	75
/home/jovyan/spatial-technology-platform/AB/6GP002/6GP002/plate_1/input_ph/round_1/plate-1_round-1_well-C4_tile-76.nd2	1	1	C4	76
/home/jovyan/spatial-technology-platform/AB/6GP002/6GP002/plate_1/input_ph/round_1/plate-1_round-1_well-C4_tile-77.nd2	1	1	C4	77
/home/jovyan/spatial-technology-platform/AB/6GP002/6GP002/plate_1/input_ph/round_1/plate-1_round-1_well-C4_tile-78.nd2	1	1	C4	78
/home/jovyan/spatial-technology-platform/AB/6GP002/6GP002/plate_1/input_ph/round_1/plate-1_round-1_well-C4_tile-79.nd2	1	1	C4	79
/home/jovyan/spatial-technology-platform/AB/6GP002/6GP002/plate_1/input_ph/round_1/plate-1_round-1_well-C4_tile-80.nd2	1	1	C4	80
/home/jovyan/spatial-technology-platform/AB/6GP002/6GP002/plate_1/input_ph/round_1/plate-1_round-1_well-C4_tile-81.nd2	1	1	C4	81
/home/jovyan/spatial-technology-platform/AB/6GP002/6GP002/plate_1/input_ph/round_1/plate-1_round-1_well-C4_tile-82.nd2	1	1	C4	82
/home/jovyan/spatial-technology-platform/AB/6GP002/6GP002/plate_1/input_ph/round_1/plate-1_round-1_well-C4_tile-83.nd2	1	1	C4	83
/home/jovyan/spatial-technology-platform/AB/6GP002/6GP002/plate_1/input_ph/round_1/plate-1_round-1_well-C4_tile-84.nd2	1	1	C4	84
/home/jovyan/spatial-technology-platform/AB/6GP002/6GP002/plate_1/input_ph/round_1/plate-1_round-1_well-C4_tile-85.nd2	1	1	C4	85
/home/jovyan/spatial-technology-platform/AB/6GP002/6GP002/plate_1/input_ph/round_1/plate-1_round-1_well-C4_tile-86.nd2	1	1	C4	86
/home/jovyan/spatial-technology-platform/AB/6GP002/6GP002/plate_1/input_ph/round_1/plate-1_round-1_well-C4_tile-87.nd2	1	1	C4	87
/home/jovyan/spatial-technology-platform/AB/6GP002/6GP002/plate_1/input_ph/round_1/plate-1_round-1_well-C4_tile-88.nd2	1	1	C4	88
/home/jovyan/spatial-technology-platform/AB/6GP002/6GP002/plate_1/input_ph/round_1/plate-1_round-1_well-C4_tile-89.nd2	1	1	C4	89
/home/jovyan/spatial-technology-platform/AB/6GP002/6GP002/plate_1/input_ph/round_1/plate-1_round-1_well-C4_tile-90.nd2	1	1	C4	90
/home/jovyan/spatial-technology-platform/AB/6GP002/6GP002/plate_1/input_ph/round_1/plate-1_round-1_well-C4_tile-91.nd2	1	1	C4	91
/home/jovyan/spatial-technology-platform/AB/6GP002/6GP002/plate_1/input_ph/round_1/plate-1_round-1_well-C4_tile-92.nd2	1	1	C4	92
/home/jovyan/spatial-technology-platform/AB/6GP002/6GP002/plate_1/input_ph/round_1/plate-1_round-1_well-C4_tile-93.nd2	1	1	C4	93
/home/jovyan/spatial-technology-platform/AB/6GP002/6GP002/plate_1/input_ph/round_1/plate-1_round-1_well-C4_tile-94.nd2	1	1	C4	94
/home/jovyan/spatial-technology-platform/AB/6GP002/6GP002/plate_1/input_ph/round_1/plate-1_round-1_well-C4_tile-95.nd2	1	1	C4	95
/home/jovyan/spatial-technology-platform/AB/6GP002/6GP002/plate_1/input_ph/round_1/plate-1_round-1_well-C4_tile-96.nd2	1	1	C4	96
/home/jovyan/spatial-technology-platform/AB/6GP002/6GP002/plate_1/input_ph/round_1/plate-1_round-1_well-C4_tile-97.nd2	1	1	C4	97
/home/jovyan/spatial-technology-platform/AB/6GP002/6GP002/plate_1/input_ph/round_1/plate-1_round-1_well-C4_tile-98.nd2	1	1	C4	98
/home/jovyan/spatial-technology-platform/AB/6GP002/6GP002/plate_1/input_ph/round_1/plate-1_round-1_well-C4_tile-99.nd2	1	1	C4	99
/home/jovyan/spatial-technology-platform/AB/6GP002/6GP002/plate_1/input_ph/round_1/plate-1_round-1_well-C4_tile-100.nd2	1	1	C4	100
/home/jovyan/spatial-technology-platform/AB/6GP002/6GP002/plate_1/input_ph/round_1/plate-1_round-1_well-C4_tile-101.nd2	1	1	C4	101
/home/jovyan/spatial-technology-platform/AB/6GP002/6GP002/plate_1/input_ph/round_1/plate-1_round-1_well-C4_tile-102.nd2	1	1	C4	102
/home/jovyan/spatial-technology-platform/AB/6GP002/6GP002/plate_1/input_ph/round_1/plate-1_round-1_well-C4_tile-103.nd2	1	1	C4	103
/home/jovyan/spatial-technology-platform/AB/6GP002/6GP002/plate_1/input_ph/round_1/plate-1_round-1_well-C4_tile-104.nd2	1	1	C4	104
/home/jovyan/spatial-technology-platform/AB/6GP002/6GP002/plate_1/input_ph/round_1/plate-1_round-1_well-C4_tile-105.nd2	1	1	C4	105
/home/jovyan/spatial-technology-platform/AB/6GP002/6GP002/plate_1/input_ph/round_1/plate-1_round-1_well-C4_tile-106.nd2	1	1	C4	106
/home/jovyan/spatial-technology-platform/AB/6GP002/6GP002/plate_1/input_ph/round_1/plate-1_round-1_well-C4_tile-107.nd2	1	1	C4	107
/home/jovyan/spatial-technology-platform/AB/6GP002/6GP002/plate_1/input_ph/round_1/plate-1_round-1_well-C4_tile-108.nd2	1	1	C4	108
/home/jovyan/spatial-technology-platform/AB/6GP002/6GP002/plate_1/input_ph/round_1/plate-1_round-1_well-C4_tile-109.nd2	1	1	C4	109
/home/jovyan/spatial-technology-platform/AB/6GP002/6GP002/plate_1/input_ph/round_1/plate-1_round-1_well-C4_tile-110.nd2	1	1	C4	110
/home/jovyan/spatial-technology-platform/AB/6GP002/6GP002/plate_1/input_ph/round_1/plate-1_round-1_well-C4_tile-111.nd2	1	1	C4	111
/home/jovyan/spatial-technology-platform/AB/6GP002/6GP002/plate_1/input_ph/round_1/plate-1_round-1_well-C4_tile-112.nd2	1	1	C4	112
/home/jovyan/spatial-technology-platform/AB/6GP002/6GP002/plate_1/input_ph/round_1/plate-1_round-1_well-C4_tile-113.nd2	1	1	C4	113
/home/jovyan/spatial-technology-platform/AB/6GP002/6GP002/plate_1/input_ph/round_1/plate-1_round-1_well-C4_tile-114.nd2	1	1	C4	114
/home/jovyan/spatial-technology-platform/AB/6GP002/6GP002/plate_1/input_ph/round_1/plate-1_round-1_well-C4_tile-115.nd2	1	1	C4	115
/home/jovyan/spatial-technology-platform/AB/6GP002/6GP002/plate_1/input_ph/round_1/plate-1_round-1_well-C4_tile-116.nd2	1	1	C4	116
/home/jovyan/spatial-technology-platform/AB/6GP002/6GP002/plate_1/input_ph/round_1/plate-1_round-1_well-C4_tile-117.nd2	1	1	C4	117
/home/jovyan/spatial-technology-platform/AB/6GP002/6GP002/plate_1/input_ph/round_1/plate-1_round-1_well-C4_tile-118.nd2	1	1	C4	118
/home/jovyan/spatial-technology-platform/AB/6GP002/6GP002/plate_1/input_ph/round_1/plate-1_round-1_well-C4_tile-119.nd2	1	1	C4	119
/home/jovyan/spatial-technology-platform/AB/6GP002/6GP002/plate_1/input_ph/round_1/plate-1_round-1_well-C4_tile-120.nd2	1	1	C4	120
/home/jovyan/spatial-technology-platform/AB/6GP002/6GP002/plate_1/input_ph/round_1/plate-1_round-1_well-C4_tile-121.nd2	1	1	C4	121
/home/jovyan/spatial-technology-platform/AB/6GP002/6GP002/plate_1/input_ph/round_1/plate-1_round-1_well-C4_tile-122.nd2	1	1	C4	122
/home/jovyan/spatial-technology-platform/AB/6GP002/6GP002/plate_1/input_ph/round_1/plate-1_round-1_well-C4_tile-123.nd2	1	1	C4	123
/home/jovyan/spatial-technology-platform/AB/6GP002/6GP002/plate_1/input_ph/round_1/plate-1_round-1_well-C4_tile-124.nd2	1	1	C4	124
/home/jovyan/spatial-technology-platform/AB/6GP002/6GP002/plate_1/input_ph/round_1/plate-1_round-1_well-C4_tile-125.nd2	1	1	C4	125
/home/jovyan/spatial-technology-platform/AB/6GP002/6GP002/plate_1/input_ph/round_1/plate-1_round-1_well-C4_tile-126.nd2	1	1	C4	126
/home/jovyan/spatial-technology-platform/AB/6GP002/6GP002/plate_1/input_ph/round_1/plate-1_round-1_well-C4_tile-127.nd2	1	1	C4	127
/home/jovyan/spatial-technology-platform/AB/6GP002/6GP002/plate_1/input_ph/round_1/plate-1_round-1_well-C4_tile-128.nd2	1	1	C4	128
/home/jovyan/spatial-technology-platform/AB/6GP002/6GP002/plate_1/input_ph/round_1/plate-1_round-1_well-C4_tile-129.nd2	1	1	C4	129
/home/jovyan/spatial-technology-platform/AB/6GP002/6GP002/plate_1/input_ph/round_1/plate-1_round-1_well-C4_tile-130.nd2	1	1	C4	130
/home/jovyan/spatial-technology-platform/AB/6GP002/6GP002/plate_1/input_ph/round_1/plate-1_round-1_well-C4_tile-131.nd2	1	1	C4	131
/home/jovyan/spatial-technology-platform/AB/6GP002/6GP002/plate_1/input_ph/round_1/plate-1_round-1_well-C4_tile-132.nd2	1	1	C4	132
/home/jovyan/spatial-technology-platform/AB/6GP002/6GP002/plate_1/input_ph/round_1/plate-1_round-1_well-C4_tile-133.nd2	1	1	C4	133
/home/jovyan/spatial-technology-platform/AB/6GP002/6GP002/plate_1/input_ph/round_1/plate-1_round-1_well-C4_tile-134.nd2	1	1	C4	134
/home/jovyan/spatial-technology-platform/AB/6GP002/6GP002/plate_1/input_ph/round_1/plate-1_round-1_well-C4_tile-135.nd2	1	1	C4	135
/home/jovyan/spatial-technology-platform/AB/6GP002/6GP002/plate_1/input_ph/round_1/plate-1_round-1_well-C4_tile-136.nd2	1	1	C4	136
/home/jovyan/spatial-technology-platform/AB/6GP002/6GP002/plate_1/input_ph/round_1/plate-1_round-1_well-C4_tile-137.nd2	1	1	C4	137
/home/jovyan/spatial-technology-platform/AB/6GP002/6GP002/plate_1/input_ph/round_1/plate-1_round-1_well-C4_tile-138.nd2	1	1	C4	138
/home/jovyan/spatial-technology-platform/AB/6GP002/6GP002/plate_1/input_ph/round_1/plate-1_round-1_well-C4_tile-139.nd2	1	1	C4	139
/home/jovyan/spatial-technology-platform/AB/6GP002/6GP002/plate_1/input_ph/round_1/plate-1_round-1_well-C4_tile-140.nd2	1	1	C4	140
/home/jovyan/spatial-technology-platform/AB/6GP002/6GP002/plate_1/input_ph/round_1/plate-1_round-1_well-C4_tile-141.nd2	1	1	C4	141
/home/jovyan/spatial-technology-platform/AB/6GP002/6GP002/plate_1/input_ph/round_1/plate-1_round-1_well-C4_tile-142.nd2	1	1	C4	142
/home/jovyan/spatial-technology-platform/AB/6GP002/6GP002/plate_1/input_ph/round_1/plate-1_round-1_well-C4_tile-143.nd2	1	1	C4	143
/home/jovyan/spatial-technology-platform/AB/6GP002/6GP002/plate_1/input_ph/round_1/plate-1_round-1_well-C4_tile-144.nd2	1	1	C4	144
/home/jovyan/spatial-technology-platform/AB/6GP002/6GP002/plate_1/input_ph/round_1/plate-1_round-1_well-C4_tile-145.nd2	1	1	C4	145
/home/jovyan/spatial-technology-platform/AB/6GP002/6GP002/plate_1/input_ph/round_1/plate-1_round-1_well-C4_tile-146.nd2	1	1	C4	146
/home/jovyan/spatial-technology-platform/AB/6GP002/6GP002/plate_1/input_ph/round_1/plate-1_round-1_well-C4_tile-147.nd2	1	1	C4	147
/home/jovyan/spatial-technology-platform/AB/6GP002/6GP002/plate_1/input_ph/round_1/plate-1_round-1_well-C4_tile-148.nd2	1	1	C4	148
/home/jovyan/spatial-technology-platform/AB/6GP002/6GP002/plate_1/input_ph/round_1/plate-1_round-1_well-C4_tile-149.nd2	1	1	C4	149
/home/jovyan/spatial-technology-platform/AB/6GP002/6GP002/plate_1/input_ph/round_1/plate-1_round-1_well-C4_tile-150.nd2	1	1	C4	150
/home/jovyan/spatial-technology-platform/AB/6GP002/6GP002/plate_1/input_ph/round_1/plate-1_round-1_well-C4_tile-151.nd2	1	1	C4	151
/home/jovyan/spatial-technology-platform/AB/6GP002/6GP002/plate_1/input_ph/round_1/plate-1_round-1_well-C4_tile-152.nd2	1	1	C4	152
/home/jovyan/spatial-technology-platform/AB/6GP002/6GP002/plate_1/input_ph/round_1/plate-1_round-1_well-C4_tile-153.nd2	1	1	C4	153
/home/jovyan/spatial-technology-platform/AB/6GP002/6GP002/plate_1/input_ph/round_1/plate-1_round-1_well-C4_tile-154.nd2	1	1	C4	154
/home/jovyan/spatial-technology-platform/AB/6GP002/6GP002/plate_1/input_ph/round_1/plate-1_round-1_well-C4_tile-155.nd2	1	1	C4	155
/home/jovyan/spatial-technology-platform/AB/6GP002/6GP002/plate_1/input_ph/round_1/plate-1_round-1_well-C4_tile-156.nd2	1	1	C4	156
/home/jovyan/spatial-technology-platform/AB/6GP002/6GP002/plate_1/input_ph/round_1/plate-1_round-1_well-C4_tile-157.nd2	1	1	C4	157
/home/jovyan/spatial-technology-platform/AB/6GP002/6GP002/plate_1/input_ph/round_1/plate-1_round-1_well-C4_tile-158.nd2	1	1	C4	158
/home/jovyan/spatial-technology-platform/AB/6GP002/6GP002/plate_1/input_ph/round_1/plate-1_round-1_well-C4_tile-159.nd2	1	1	C4	159
/home/jovyan/spatial-technology-platform/AB/6GP002/6GP002/plate_1/input_ph/round_1/plate-1_round-1_well-C4_tile-160.nd2	1	1	C4	160
/home/jovyan/spatial-technology-platform/AB/6GP002/6GP002/plate_1/input_ph/round_1/plate-1_round-1_well-C4_tile-161.nd2	1	1	C4	161
/home/jovyan/spatial-technology-platform/AB/6GP002/6GP002/plate_1/input_ph/round_1/plate-1_round-1_well-C4_tile-162.nd2	1	1	C4	162
/home/jovyan/spatial-technology-platform/AB/6GP002/6GP002/plate_1/input_ph/round_1/plate-1_round-1_well-C4_tile-163.nd2	1	1	C4	163
/home/jovyan/spatial-technology-platform/AB/6GP002/6GP002/plate_1/input_ph/round_1/plate-1_round-1_well-C4_tile-164.nd2	1	1	C4	164
/home/jovyan/spatial-technology-platform/AB/6GP002/6GP002/plate_1/input_ph/round_1/plate-1_round-1_well-C4_tile-165.nd2	1	1	C4	165
/home/jovyan/spatial-technology-platform/AB/6GP002/6GP002/plate_1/input_ph/round_1/plate-1_round-1_well-C4_tile-166.nd2	1	1	C4	166
/home/jovyan/spatial-technology-platform/AB/6GP002/6GP002/plate_1/input_ph/round_1/plate-1_round-1_well-C4_tile-167.nd2	1	1	C4	167
/home/jovyan/spatial-technology-platform/AB/6GP002/6GP002/plate_1/input_ph/round_1/plate-1_round-1_well-C4_tile-168.nd2	1	1	C4	168
/home/jovyan/spatial-technology-platform/AB/6GP002/6GP002/plate_1/input_ph/round_1/plate-1_round-1_well-C4_tile-169.nd2	1	1	C4	169
/home/jovyan/spatial-technology-platform/AB/6GP002/6GP002/plate_1/input_ph/round_1/plate-1_round-1_well-C4_tile-170.nd2	1	1	C4	170
/home/jovyan/spatial-technology-platform/AB/6GP002/6GP002/plate_1/input_ph/round_1/plate-1_round-1_well-C4_tile-171.nd2	1	1	C4	171
/home/jovyan/spatial-technology-platform/AB/6GP002/6GP002/plate_1/input_ph/round_1/plate-1_round-1_well-C4_tile-172.nd2	1	1	C4	172
/home/jovyan/spatial-technology-platform/AB/6GP002/6GP002/plate_1/input_ph/round_1/plate-1_round-1_well-C4_tile-173.nd2	1	1	C4	173
/home/jovyan/spatial-technology-platform/AB/6GP002/6GP002/plate_1/input_ph/round_1/plate-1_round-1_well-C4_tile-174.nd2	1	1	C4	174
/home/jovyan/spatial-technology-platform/AB/6GP002/6GP002/plate_1/input_ph/round_1/plate-1_round-1_well-C4_tile-175.nd2	1	1	C4	175
/home/jovyan/spatial-technology-platform/AB/6GP002/6GP002/plate_1/input_ph/round_1/plate-1_round-1_well-C4_tile-176.nd2	1	1	C4	176
/home/jovyan/spatial-technology-platform/AB/6GP002/6GP002/plate_1/input_ph/round_1/plate-1_round-1_well-C4_tile-177.nd2	1	1	C4	177
/home/jovyan/spatial-technology-platform/AB/6GP002/6GP002/plate_1/input_ph/round_1/plate-1_round-1_well-C4_tile-178.nd2	1	1	C4	178
/home/jovyan/spatial-technology-platform/AB/6GP002/6GP002/plate_1/input_ph/round_1/plate-1_round-1_well-C4_tile-179.nd2	1	1	C4	179
/home/jovyan/spatial-technology-platform/AB/6GP002/6GP002/plate_1/input_ph/round_1/plate-1_round-1_well-C4_tile-180.nd2	1	1	C4	180
/home/jovyan/spatial-technology-platform/AB/6GP002/6GP002/plate_1/input_ph/round_1/plate-1_round-1_well-C4_tile-181.nd2	1	1	C4	181
/home/jovyan/spatial-technology-platform/AB/6GP002/6GP002/plate_1/input_ph/round_1/plate-1_round-1_well-C4_tile-182.nd2	1	1	C4	182
/home/jovyan/spatial-technology-platform/AB/6GP002/6GP002/plate_1/input_ph/round_1/plate-1_round-1_well-C4_tile-183.nd2	1	1	C4	183
/home/jovyan/spatial-technology-platform/AB/6GP002/6GP002/plate_1/input_ph/round_1/plate-1_round-1_well-C4_tile-184.nd2	1	1	C4	184
/home/jovyan/spatial-technology-platform/AB/6GP002/6GP002/plate_1/input_ph/round_1/plate-1_round-1_well-C4_tile-185.nd2	1	1	C4	185
/home/jovyan/spatial-technology-platform/AB/6GP002/6GP002/plate_1/input_ph/round_1/plate-1_round-1_well-C4_tile-186.nd2	1	1	C4	186
/home/jovyan/spatial-technology-platform/AB/6GP002/6GP002/plate_1/input_ph/round_1/plate-1_round-1_well-C4_tile-187.nd2	1	1	C4	187
/home/jovyan/spatial-technology-platform/AB/6GP002/6GP002/plate_1/input_ph/round_1/plate-1_round-1_well-C4_tile-188.nd2	1	1	C4	188
/home/jovyan/spatial-technology-platform/AB/6GP002/6GP002/plate_1/input_ph/round_1/plate-1_round-1_well-C4_tile-189.nd2	1	1	C4	189
/home/jovyan/spatial-technology-platform/AB/6GP002/6GP002/plate_1/input_ph/round_1/plate-1_round-1_well-C4_tile-190.nd2	1	1	C4	190
/home/jovyan/spatial-technology-platform/AB/6GP002/6GP002/plate_1/input_ph/round_1/plate-1_round-1_well-C4_tile-191.nd2	1	1	C4	191
/home/jovyan/spatial-technology-platform/AB/6GP002/6GP002/plate_1/input_ph/round_1/plate-1_round-1_well-C4_tile-192.nd2	1	1	C4	192
/home/jovyan/spatial-technology-platform/AB/6GP002/6GP002/plate_1/input_ph/round_1/plate-1_round-1_well-C4_tile-193.nd2	1	1	C4	193
/home/jovyan/spatial-technology-platform/AB/6GP002/6GP002/plate_1/input_ph/round_1/plate-1_round-1_well-C4_tile-194.nd2	1	1	C4	194
/home/jovyan/spatial-technology-platform/AB/6GP002/6GP002/plate_1/input_ph/round_1/plate-1_round-1_well-C4_tile-195.nd2	1	1	C4	195
/home/jovyan/spatial-technology-platform/AB/6GP002/6GP002/plate_1/input_ph/round_1/plate-1_round-1_well-C4_tile-196.nd2	1	1	C4	196
/home/jovyan/spatial-technology-platform/AB/6GP002/6GP002/plate_1/input_ph/round_1/plate-1_round-1_well-C4_tile-197.nd2	1	1	C4	197
/home/jovyan/spatial-technology-platform/AB/6GP002/6GP002/plate_1/input_ph/round_1/plate-1_round-1_well-C4_tile-198.nd2	1	1	C4	198
/home/jovyan/spatial-technology-platform/AB/6GP002/6GP002/plate_1/input_ph/round_1/plate-1_round-1_well-C4_tile-199.nd2	1	1	C4	199
/home/jovyan/spatial-technology-platform/AB/6GP002/6GP002/plate_1/input_ph/round_1/plate-1_round-1_well-C4_tile-200.nd2	1	1	C4	200
/home/jovyan/spatial-technology-platform/AB/6GP002/6GP002/plate_1/input_ph/round_1/plate-1_round-1_well-C4_tile-201.nd2	1	1	C4	201
/home/jovyan/spatial-technology-platform/AB/6GP002/6GP002/plate_1/input_ph/round_1/plate-1_round-1_well-C4_tile-202.nd2	1	1	C4	202
/home/jovyan/spatial-technology-platform/AB/6GP002/6GP002/plate_1/input_ph/round_1/plate-1_round-1_well-C4_tile-203.nd2	1	1	C4	203
/home/jovyan/spatial-technology-platform/AB/6GP002/6GP002/plate_1/input_ph/round_1/plate-1_round-1_well-C4_tile-204.nd2	1	1	C4	204
/home/jovyan/spatial-technology-platform/AB/6GP002/6GP002/plate_1/input_ph/round_1/plate-1_round-1_well-C4_tile-205.nd2	1	1	C4	205
/home/jovyan/spatial-technology-platform/AB/6GP002/6GP002/plate_1/input_ph/round_1/plate-1_round-1_well-C4_tile-206.nd2	1	1	C4	206
/home/jovyan/spatial-technology-platform/AB/6GP002/6GP002/plate_1/input_ph/round_1/plate-1_round-1_well-C4_tile-207.nd2	1	1	C4	207
/home/jovyan/spatial-technology-platform/AB/6GP002/6GP002/plate_1/input_ph/round_1/plate-1_round-1_well-C4_tile-208.nd2	1	1	C4	208
/home/jovyan/spatial-technology-platform/AB/6GP002/6GP002/plate_1/input_ph/round_1/plate-1_round-1_well-C4_tile-209.nd2	1	1	C4	209
/home/jovyan/spatial-technology-platform/AB/6GP002/6GP002/plate_1/input_ph/round_1/plate-1_round-1_well-C4_tile-210.nd2	1	1	C4	210
/home/jovyan/spatial-technology-platform/AB/6GP002/6GP002/plate_1/input_ph/round_1/plate-1_round-1_well-C4_tile-211.nd2	1	1	C4	211
/home/jovyan/spatial-technology-platform/AB/6GP002/6GP002/plate_1/input_ph/round_1/plate-1_round-1_well-C4_tile-212.nd2	1	1	C4	212
/home/jovyan/spatial-technology-platform/AB/6GP002/6GP002/plate_1/input_ph/round_1/plate-1_round-1_well-C4_tile-213.nd2	1	1	C4	213
/home/jovyan/spatial-technology-platform/AB/6GP002/6GP002/plate_1/input_ph/round_1/plate-1_round-1_well-C4_tile-214.nd2	1	1	C4	214
/home/jovyan/spatial-technology-platform/AB/6GP002/6GP002/plate_1/input_ph/round_1/plate-1_round-1_well-C4_tile-215.nd2	1	1	C4	215
/home/jovyan/spatial-technology-platform/AB/6GP002/6GP002/plate_1/input_ph/round_1/plate-1_round-1_well-C4_tile-216.nd2	1	1	C4	216
/home/jovyan/spatial-technology-platform/AB/6GP002/6GP002/plate_1/input_ph/round_1/plate-1_round-1_well-C4_tile-217.nd2	1	1	C4	217
/home/jovyan/spatial-technology-platform/AB/6GP002/6GP002/plate_1/input_ph/round_1/plate-1_round-1_well-C4_tile-218.nd2	1	1	C4	218
/home/jovyan/spatial-technology-platform/AB/6GP002/6GP002/plate_1/input_ph/round_1/plate-1_round-1_well-C4_tile-219.nd2	1	1	C4	219
/home/jovyan/spatial-technology-platform/AB/6GP002/6GP002/plate_1/input_ph/round_1/plate-1_round-1_well-C4_tile-220.nd2	1	1	C4	220
/home/jovyan/spatial-technology-platform/AB/6GP002/6GP002/plate_1/input_ph/round_1/plate-1_round-1_well-C4_tile-221.nd2	1	1	C4	221
/home/jovyan/spatial-technology-platform/AB/6GP002/6GP002/plate_1/input_ph/round_1/plate-1_round-1_well-C4_tile-222.nd2	1	1	C4	222
/home/jovyan/spatial-technology-platform/AB/6GP002/6GP002/plate_1/input_ph/round_1/plate-1_round-1_well-C4_tile-223.nd2	1	1	C4	223
/home/jovyan/spatial-technology-platform/AB/6GP002/6GP002/plate_1/input_ph/round_1/plate-1_round-1_well-C4_tile-224.nd2	1	1	C4	224
/home/jovyan/spatial-technology-platform/AB/6GP002/6GP002/plate_1/input_ph/round_1/plate-1_round-1_well-C4_tile-225.nd2	1	1	C4	225
/home/jovyan/spatial-technology-platform/AB/6GP002/6GP002/plate_1/input_ph/round_1/plate-1_round-1_well-C4_tile-226.nd2	1	1	C4	226
/home/jovyan/spatial-technology-platform/AB/6GP002/6GP002/plate_1/input_ph/round_1/plate-1_round-1_well-C4_tile-227.nd2	1	1	C4	227
/home/jovyan/spatial-technology-platform/AB/6GP002/6GP002/plate_1/input_ph/round_1/plate-1_round-1_well-C4_tile-228.nd2	1	1	C4	228
/home/jovyan/spatial-technology-platform/AB/6GP002/6GP002/plate_1/input_ph/round_1/plate-1_round-1_well-C4_tile-229.nd2	1	1	C4	229
/home/jovyan/spatial-technology-platform/AB/6GP002/6GP002/plate_1/input_ph/round_1/plate-1_round-1_well-C4_tile-230.nd2	1	1	C4	230
/home/jovyan/spatial-technology-platform/AB/6GP002/6GP002/plate_1/input_ph/round_1/plate-1_round-1_well-C4_tile-231.nd2	1	1	C4	231
/home/jovyan/spatial-technology-platform/AB/6GP002/6GP002/plate_1/input_ph/round_1/plate-1_round-1_well-C4_tile-232.nd2	1	1	C4	232
/home/jovyan/spatial-technology-platform/AB/6GP002/6GP002/plate_1/input_ph/round_1/plate-1_round-1_well-C4_tile-233.nd2	1	1	C4	233
/home/jovyan/spatial-technology-platform/AB/6GP002/6GP002/plate_1/input_ph/round_1/plate-1_round-1_well-C4_tile-234.nd2	1	1	C4	234
/home/jovyan/spatial-technology-platform/AB/6GP002/6GP002/plate_1/input_ph/round_1/plate-1_round-1_well-C4_tile-235.nd2	1	1	C4	235
/home/jovyan/spatial-technology-platform/AB/6GP002/6GP002/plate_1/input_ph/round_1/plate-1_round-1_well-C4_tile-236.nd2	1	1	C4	236
/home/jovyan/spatial-technology-platform/AB/6GP002/6GP002/plate_1/input_ph/round_1/plate-1_round-1_well-C4_tile-237.nd2	1	1	C4	237
/home/jovyan/spatial-technology-platform/AB/6GP002/6GP002/plate_1/input_ph/round_1/plate-1_round-1_well-C4_tile-238.nd2	1	1	C4	238
/home/jovyan/spatial-technology-platform/AB/6GP002/6GP002/plate_1/input_ph/round_1/plate-1_round-1_well-C4_tile-239.nd2	1	1	C4	239
/home/jovyan/spatial-technology-platform/AB/6GP002/6GP002/plate_1/input_ph/round_1/plate-1_round-1_well-C4_tile-240.nd2	1	1	C4	240
/home/jovyan/spatial-technology-platform/AB/6GP002/6GP002/plate_1/input_ph/round_1/plate-1_round-1_well-C4_tile-241.nd2	1	1	C4	241
/home/jovyan/spatial-technology-platform/AB/6GP002/6GP002/plate_1/input_ph/round_1/plate-1_round-1_well-C4_tile-242.nd2	1	1	C4	242
/home/jovyan/spatial-technology-platform/AB/6GP002/6GP002/plate_1/input_ph/round_1/plate-1_round-1_well-C4_tile-243.nd2	1	1	C4	243
/home/jovyan/spatial-technology-platform/AB/6GP002/6GP002/plate_1/input_ph/round_1/plate-1_round-1_well-C4_tile-244.nd2	1	1	C4	244
/home/jovyan/spatial-technology-platform/AB/6GP002/6GP002/plate_1/input_ph/round_1/plate-1_round-1_well-C4_tile-245.nd2	1	1	C4	245
/home/jovyan/spatial-technology-platform/AB/6GP002/6GP002/plate_1/input_ph/round_1/plate-1_round-1_well-C4_tile-246.nd2	1	1	C4	246
/home/jovyan/spatial-technology-platform/AB/6GP002/6GP002/plate_1/input_ph/round_1/plate-1_round-1_well-C4_tile-247.nd2	1	1	C4	247
/home/jovyan/spatial-technology-platform/AB/6GP002/6GP002/plate_1/input_ph/round_1/plate-1_round-1_well-C4_tile-248.nd2	1	1	C4	248
/home/jovyan/spatial-technology-platform/AB/6GP002/6GP002/plate_1/input_ph/round_1/plate-1_round-1_well-C4_tile-249.nd2	1	1	C4	249
/home/jovyan/spatial-technology-platform/AB/6GP002/6GP002/plate_1/input_ph/round_1/plate-1_round-1_well-C4_tile-250.nd2	1	1	C4	250
/home/jovyan/spatial-technology-platform/AB/6GP002/6GP002/plate_1/input_ph/round_1/plate-1_round-1_well-C4_tile-251.nd2	1	1	C4	251
/home/jovyan/spatial-technology-platform/AB/6GP002/6GP002/plate_1/input_ph/round_1/plate-1_round-1_well-C4_tile-252.nd2	1	1	C4	252
/home/jovyan/spatial-technology-platform/AB/6GP002/6GP002/plate_1/input_ph/round_1/plate-1_round-1_well-C4_tile-253.nd2	1	1	C4	253
/home/jovyan/spatial-technology-platform/AB/6GP002/6GP002/plate_1/input_ph/round_1/plate-1_round-1_well-C4_tile-254.nd2	1	1	C4	254
/home/jovyan/spatial-technology-platform/AB/6GP002/6GP002/plate_1/input_ph/round_1/plate-1_round-1_well-C4_tile-255.nd2	1	1	C4	255
/home/jovyan/spatial-technology-platform/AB/6GP002/6GP002/plate_1/input_ph/round_1/plate-1_round-1_well-C4_tile-256.nd2	1	1	C4	256
/home/jovyan/spatial-technology-platform/AB/6GP002/6GP002/plate_1/input_ph/round_1/plate-1_round-1_well-C4_tile-257.nd2	1	1	C4	257
/home/jovyan/spatial-technology-platform/AB/6GP002/6GP002/plate_1/input_ph/round_1/plate-1_round-1_well-C4_tile-258.nd2	1	1	C4	258
/home/jovyan/spatial-technology-platform/AB/6GP002/6GP002/plate_1/input_ph/round_1/plate-1_round-1_well-C4_tile-259.nd2	1	1	C4	259
/home/jovyan/spatial-technology-platform/AB/6GP002/6GP002/plate_1/input_ph/round_1/plate-1_round-1_well-C4_tile-260.nd2	1	1	C4	260
/home/jovyan/spatial-technology-platform/AB/6GP002/6GP002/plate_1/input_ph/round_1/plate-1_round-1_well-C4_tile-261.nd2	1	1	C4	261
/home/jovyan/spatial-technology-platform/AB/6GP002/6GP002/plate_1/input_ph/round_1/plate-1_round-1_well-C4_tile-262.nd2	1	1	C4	262
/home/jovyan/spatial-technology-platform/AB/6GP002/6GP002/plate_1/input_ph/round_1/plate-1_round-1_well-C4_tile-263.nd2	1	1	C4	263
/home/jovyan/spatial-technology-platform/AB/6GP002/6GP002/plate_1/input_ph/round_1/plate-1_round-1_well-C4_tile-264.nd2	1	1	C4	264
/home/jovyan/spatial-technology-platform/AB/6GP002/6GP002/plate_1/input_ph/round_1/plate-1_round-1_well-C4_tile-265.nd2	1	1	C4	265
/home/jovyan/spatial-technology-platform/AB/6GP002/6GP002/plate_1/input_ph/round_1/plate-1_round-1_well-C4_tile-266.nd2	1	1	C4	266
/home/jovyan/spatial-technology-platform/AB/6GP002/6GP002/plate_1/input_ph/round_1/plate-1_round-1_well-C4_tile-267.nd2	1	1	C4	267
/home/jovyan/spatial-technology-platform/AB/6GP002/6GP002/plate_1/input_ph/round_1/plate-1_round-1_well-C4_tile-268.nd2	1	1	C4	268
/home/jovyan/spatial-technology-platform/AB/6GP002/6GP002/plate_1/input_ph/round_1/plate-1_round-1_well-C4_tile-269.nd2	1	1	C4	269
/home/jovyan/spatial-technology-platform/AB/6GP002/6GP002/plate_1/input_ph/round_1/plate-1_round-1_well-C4_tile-270.nd2	1	1	C4	270
/home/jovyan/spatial-technology-platform/AB/6GP002/6GP002/plate_1/input_ph/round_1/plate-1_round-1_well-C4_tile-271.nd2	1	1	C4	271
/home/jovyan/spatial-technology-platform/AB/6GP002/6GP002/plate_1/input_ph/round_1/plate-1_round-1_well-C4_tile-272.nd2	1	1	C4	272
/home/jovyan/spatial-technology-platform/AB/6GP002/6GP002/plate_1/input_ph/round_1/plate-1_round-1_well-C4_tile-273.nd2	1	1	C4	273
/home/jovyan/spatial-technology-platform/AB/6GP002/6GP002/plate_1/input_ph/round_1/plate-1_round-1_well-C4_tile-274.nd2	1	1	C4	274
/home/jovyan/spatial-technology-platform/AB/6GP002/6GP002/plate_1/input_ph/round_1/plate-1_round-1_well-C4_tile-275.nd2	1	1	C4	275
/home/jovyan/spatial-technology-platform/AB/6GP002/6GP002/plate_1/input_ph/round_1/plate-1_round-1_well-C4_tile-276.nd2	1	1	C4	276
/home/jovyan/spatial-technology-platform/AB/6GP002/6GP002/plate_1/input_ph/round_1/plate-1_round-1_well-C4_tile-277.nd2	1	1	C4	277
/home/jovyan/spatial-technology-platform/AB/6GP002/6GP002/plate_1/input_ph/round_1/plate-1_round-1_well-C4_tile-278.nd2	1	1	C4	278
/home/jovyan/spatial-technology-platform/AB/6GP002/6GP002/plate_1/input_ph/round_1/plate-1_round-1_well-C4_tile-279.nd2	1	1	C4	279
/home/jovyan/spatial-technology-platform/AB/6GP002/6GP002/plate_1/input_ph/round_1/plate-1_round-1_well-C4_tile-280.nd2	1	1	C4	280
/home/jovyan/spatial-technology-platform/AB/6GP002/6GP002/plate_1/input_ph/round_1/plate-1_round-1_well-C4_tile-281.nd2	1	1	C4	281
/home/jovyan/spatial-technology-platform/AB/6GP002/6GP002/plate_1/input_ph/round_1/plate-1_round-1_well-C4_tile-282.nd2	1	1	C4	282
/home/jovyan/spatial-technology-platform/AB/6GP002/6GP002/plate_1/input_ph/round_1/plate-1_round-1_well-C4_tile-283.nd2	1	1	C4	283
/home/jovyan/spatial-technology-platform/AB/6GP002/6GP002/plate_1/input_ph/round_1/plate-1_round-1_well-C4_tile-284.nd2	1	1	C4	284
/home/jovyan/spatial-technology-platform/AB/6GP002/6GP002/plate_1/input_ph/round_1/plate-1_round-1_well-C4_tile-285.nd2	1	1	C4	285
/home/jovyan/spatial-technology-platform/AB/6GP002/6GP002/plate_1/input_ph/round_1/plate-1_round-1_well-C4_tile-286.nd2	1	1	C4	286
/home/jovyan/spatial-technology-platform/AB/6GP002/6GP002/plate_1/input_ph/round_1/plate-1_round-1_well-C4_tile-287.nd2	1	1	C4	287
/home/jovyan/spatial-technology-platform/AB/6GP002/6GP002/plate_1/input_ph/round_1/plate-1_round-1_well-C4_tile-288.nd2	1	1	C4	288
/home/jovyan/spatial-technology-platform/AB/6GP002/6GP002/plate_1/input_ph/round_1/plate-1_round-1_well-C4_tile-289.nd2	1	1	C4	289
/home/jovyan/spatial-technology-platform/AB/6GP002/6GP002/plate_1/input_ph/round_1/plate-1_round-1_well-C4_tile-290.nd2	1	1	C4	290
/home/jovyan/spatial-technology-platform/AB/6GP002/6GP002/plate_1/input_ph/round_1/plate-1_round-1_well-C4_tile-291.nd2	1	1	C4	291
/home/jovyan/spatial-technology-platform/AB/6GP002/6GP002/plate_1/input_ph/round_1/plate-1_round-1_well-C4_tile-292.nd2	1	1	C4	292
/home/jovyan/spatial-technology-platform/AB/6GP002/6GP002/plate_1/input_ph/round_1/plate-1_round-1_well-C4_tile-293.nd2	1	1	C4	293
/home/jovyan/spatial-technology-platform/AB/6GP002/6GP002/plate_1/input_ph/round_1/plate-1_round-1_well-C4_tile-294.nd2	1	1	C4	294
/home/jovyan/spatial-technology-platform/AB/6GP002/6GP002/plate_1/input_ph/round_1/plate-1_round-1_well-C4_tile-295.nd2	1	1	C4	295
/home/jovyan/spatial-technology-platform/AB/6GP002/6GP002/plate_1/input_ph/round_1/plate-1_round-1_well-C4_tile-296.nd2	1	1	C4	296
/home/jovyan/spatial-technology-platform/AB/6GP002/6GP002/plate_1/input_ph/round_1/plate-1_round-1_well-C4_tile-297.nd2	1	1	C4	297
/home/jovyan/spatial-technology-platform/AB/6GP002/6GP002/plate_1/input_ph/round_1/plate-1_round-1_well-C4_tile-298.nd2	1	1	C4	298
/home/jovyan/spatial-technology-platform/AB/6GP002/6GP002/plate_1/input_ph/round_1/plate-1_round-1_well-C4_tile-299.nd2	1	1	C4	299
/home/jovyan/spatial-technology-platform/AB/6GP002/6GP002/plate_1/input_ph/round_1/plate-1_round-1_well-C4_tile-300.nd2	1	1	C4	300
/home/jovyan/spatial-technology-platform/AB/6GP002/6GP002/plate_1/input_ph/round_1/plate-1_round-1_well-C4_tile-301.nd2	1	1	C4	301
/home/jovyan/spatial-technology-platform/AB/6GP002/6GP002/plate_1/input_ph/round_1/plate-1_round-1_well-C4_tile-302.nd2	1	1	C4	302
/home/jovyan/spatial-technology-platform/AB/6GP002/6GP002/plate_1/input_ph/round_1/plate-1_round-1_well-C4_tile-303.nd2	1	1	C4	303
/home/jovyan/spatial-technology-platform/AB/6GP002/6GP002/plate_1/input_ph/round_1/plate-1_round-1_well-C4_tile-304.nd2	1	1	C4	304
/home/jovyan/spatial-technology-platform/AB/6GP002/6GP002/plate_1/input_ph/round_1/plate-1_round-1_well-C4_tile-305.nd2	1	1	C4	305
/home/jovyan/spatial-technology-platform/AB/6GP002/6GP002/plate_1/input_ph/round_1/plate-1_round-1_well-C4_tile-306.nd2	1	1	C4	306
/home/jovyan/spatial-technology-platform/AB/6GP002/6GP002/plate_1/input_ph/round_1/plate-1_round-1_well-C4_tile-307.nd2	1	1	C4	307
/home/jovyan/spatial-technology-platform/AB/6GP002/6GP002/plate_1/input_ph/round_1/plate-1_round-1_well-C4_tile-308.nd2	1	1	C4	308
/home/jovyan/spatial-technology-platform/AB/6GP002/6GP002/plate_1/input_ph/round_1/plate-1_round-1_well-C4_tile-309.nd2	1	1	C4	309
/home/jovyan/spatial-technology-platform/AB/6GP002/6GP002/plate_1/input_ph/round_1/plate-1_round-1_well-C4_tile-310.nd2	1	1	C4	310
/home/jovyan/spatial-technology-platform/AB/6GP002/6GP002/plate_1/input_ph/round_1/plate-1_round-1_well-C4_tile-311.nd2	1	1	C4	311
/home/jovyan/spatial-technology-platform/AB/6GP002/6GP002/plate_1/input_ph/round_1/plate-1_round-1_well-C4_tile-312.nd2	1	1	C4	312
/home/jovyan/spatial-technology-platform/AB/6GP002/6GP002/plate_1/input_ph/round_1/plate-1_round-1_well-C4_tile-313.nd2	1	1	C4	313
/home/jovyan/spatial-technology-platform/AB/6GP002/6GP002/plate_1/input_ph/round_1/plate-1_round-1_well-C4_tile-314.nd2	1	1	C4	314
/home/jovyan/spatial-technology-platform/AB/6GP002/6GP002/plate_1/input_ph/round_1/plate-1_round-1_well-C4_tile-315.nd2	1	1	C4	315
/home/jovyan/spatial-technology-platform/AB/6GP002/6GP002/plate_1/input_ph/round_1/plate-1_round-1_well-C4_tile-316.nd2	1	1	C4	316
/home/jovyan/spatial-technology-platform/AB/6GP002/6GP002/plate_1/input_ph/round_1/plate-1_round-1_well-C4_tile-317.nd2	1	1	C4	317
/home/jovyan/spatial-technology-platform/AB/6GP002/6GP002/plate_1/input_ph/round_1/plate-1_round-1_well-C4_tile-318.nd2	1	1	C4	318
/home/jovyan/spatial-technology-platform/AB/6GP002/6GP002/plate_1/input_ph/round_1/plate-1_round-1_well-C4_tile-319.nd2	1	1	C4	319
/home/jovyan/spatial-technology-platform/AB/6GP002/6GP002/plate_1/input_ph/round_1/plate-1_round-1_well-C4_tile-320.nd2	1	1	C4	320
/home/jovyan/spatial-technology-platform/AB/6GP002/6GP002/plate_1/input_ph/round_1/plate-1_round-1_well-C4_tile-321.nd2	1	1	C4	321
/home/jovyan/spatial-technology-platform/AB/6GP002/6GP002/plate_1/input_ph/round_1/plate-1_round-1_well-C4_tile-322.nd2	1	1	C4	322
/home/jovyan/spatial-technology-platform/AB/6GP002/6GP002/plate_1/input_ph/round_1/plate-1_round-1_well-C4_tile-323.nd2	1	1	C4	323
/home/jovyan/spatial-technology-platform/AB/6GP002/6GP002/plate_1/input_ph/round_1/plate-1_round-1_well-C4_tile-324.nd2	1	1	C4	324
/home/jovyan/spatial-technology-platform/AB/6GP002/6GP002/plate_1/input_ph/round_1/plate-1_round-1_well-C4_tile-325.nd2	1	1	C4	325
/home/jovyan/spatial-technology-platform/AB/6GP002/6GP002/plate_1/input_ph/round_1/plate-1_round-1_well-C4_tile-326.nd2	1	1	C4	326
/home/jovyan/spatial-technology-platform/AB/6GP002/6GP002/plate_1/input_ph/round_1/plate-1_round-1_well-C4_tile-327.nd2	1	1	C4	327
/home/jovyan/spatial-technology-platform/AB/6GP002/6GP002/plate_1/input_ph/round_1/plate-1_round-1_well-C4_tile-328.nd2	1	1	C4	328
/home/jovyan/spatial-technology-platform/AB/6GP002/6GP002/plate_1/input_ph/round_1/plate-1_round-1_well-C4_tile-329.nd2	1	1	C4	329
/home/jovyan/spatial-technology-platform/AB/6GP002/6GP002/plate_1/input_ph/round_1/plate-1_round-1_well-C4_tile-330.nd2	1	1	C4	330
/home/jovyan/spatial-technology-platform/AB/6GP002/6GP002/plate_1/input_ph/round_1/plate-1_round-1_well-C4_tile-331.nd2	1	1	C4	331
/home/jovyan/spatial-technology-platform/AB/6GP002/6GP002/plate_1/input_ph/round_1/plate-1_round-1_well-C4_tile-332.nd2	1	1	C4	332
/home/jovyan/spatial-technology-platform/AB/6GP002/6GP002/plate_1/input_ph/round_1/plate-1_round-1_well-C4_tile-333.nd2	1	1	C4	333
/home/jovyan/spatial-technology-platform/AB/6GP002/6GP002/plate_1/input_ph/round_1/plate-1_round-1_well-C4_tile-334.nd2	1	1	C4	334
/home/jovyan/spatial-technology-platform/AB/6GP002/6GP002/plate_1/input_ph/round_1/plate-1_round-1_well-C4_tile-335.nd2	1	1	C4	335
/home/jovyan/spatial-technology-platform/AB/6GP002/6GP002/plate_1/input_ph/round_1/plate-1_round-1_well-C4_tile-336.nd2	1	1	C4	336
/home/jovyan/spatial-technology-platform/AB/6GP002/6GP002/plate_1/input_ph/round_1/plate-1_round-1_well-C4_tile-337.nd2	1	1	C4	337
/home/jovyan/spatial-technology-platform/AB/6GP002/6GP002/plate_1/input_ph/round_1/plate-1_round-1_well-C4_tile-338.nd2	1	1	C4	338
/home/jovyan/spatial-technology-platform/AB/6GP002/6GP002/plate_1/input_ph/round_1/plate-1_round-1_well-C4_tile-339.nd2	1	1	C4	339
/home/jovyan/spatial-technology-platform/AB/6GP002/6GP002/plate_1/input_ph/round_1/plate-1_round-1_well-C4_tile-340.nd2	1	1	C4	340
/home/jovyan/spatial-technology-platform/AB/6GP002/6GP002/plate_1/input_ph/round_1/plate-1_round-1_well-C4_tile-341.nd2	1	1	C4	341
/home/jovyan/spatial-technology-platform/AB/6GP002/6GP002/plate_1/input_ph/round_1/plate-1_round-1_well-C4_tile-342.nd2	1	1	C4	342
/home/jovyan/spatial-technology-platform/AB/6GP002/6GP002/plate_1/input_ph/round_1/plate-1_round-1_well-C4_tile-343.nd2	1	1	C4	343
/home/jovyan/spatial-technology-platform/AB/6GP002/6GP002/plate_1/input_ph/round_1/plate-1_round-1_well-C4_tile-344.nd2	1	1	C4	344
/home/jovyan/spatial-technology-platform/AB/6GP002/6GP002/plate_1/input_ph/round_1/plate-1_round-1_well-C4_tile-345.nd2	1	1	C4	345
/home/jovyan/spatial-technology-platform/AB/6GP002/6GP002/plate_1/input_ph/round_1/plate-1_round-1_well-C4_tile-346.nd2	1	1	C4	346
/home/jovyan/spatial-technology-platform/AB/6GP002/6GP002/plate_1/input_ph/round_1/plate-1_round-1_well-C4_tile-347.nd2	1	1	C4	347
/home/jovyan/spatial-technology-platform/AB/6GP002/6GP002/plate_1/input_ph/round_1/plate-1_round-1_well-C4_tile-348.nd2	1	1	C4	348
