plate	cycle	well	tile
1	1	A1	0
1	1	A1	1
1	1	A1	2
1	1	A1	3
1	1	A1	4
1	1	A1	5
1	1	A1	6
1	1	A1	7
1	1	A1	8
1	1	A1	9
1	1	A1	10
1	1	A1	11
1	1	A1	12
1	1	A1	13
1	1	A1	14
1	1	A1	15
1	1	A1	16
1	1	A1	17
1	1	A1	18
1	1	A1	19
1	1	A1	20
1	1	A1	21
1	1	A1	22
1	1	A1	23
1	1	A1	24
1	1	A1	25
1	1	A1	26
1	1	A1	27
1	1	A1	28
1	1	A1	29
1	1	A1	30
1	1	A1	31
1	1	A1	32
1	1	A1	33
1	1	A1	34
1	1	A1	35
1	1	A1	36
1	1	A1	37
1	1	A1	38
1	1	A1	39
1	1	A1	40
1	1	A1	41
1	1	A1	42
1	1	A1	43
1	1	A1	44
1	1	A1	45
1	1	A1	46
1	1	A1	47
1	1	A1	48
1	1	A1	49
1	1	A1	50
1	1	A1	51
1	1	A1	52
1	1	A1	53
1	1	A1	54
1	1	A1	55
1	1	A1	56
1	1	A1	57
1	1	A1	58
1	1	A1	59
1	1	A1	60
1	1	A1	61
1	1	A1	62
1	1	A1	63
1	1	A1	64
1	1	A1	65
1	1	A1	66
1	1	A1	67
1	1	A1	68
1	1	A1	69
1	1	A1	70
1	1	A1	71
1	1	A1	72
1	1	A1	73
1	1	A1	74
1	1	A1	75
1	1	A1	76
1	1	A1	77
1	1	A1	78
1	1	A1	79
1	1	A1	80
1	1	A1	81
1	1	A1	82
1	1	A1	83
1	1	A1	84
1	1	A1	85
1	1	A1	86
1	1	A1	87
1	1	A1	88
1	1	A1	89
1	1	A1	90
1	1	A1	91
1	1	A1	92
1	1	A1	93
1	1	A1	94
1	1	A1	95
1	1	A1	96
1	1	A1	97
1	1	A1	98
1	1	A1	99
1	1	A1	100
1	1	A1	101
1	1	A1	102
1	1	A1	103
1	1	A1	104
1	1	A1	105
1	1	A1	106
1	1	A1	107
1	1	A1	108
1	1	A1	109
1	1	A1	110
1	1	A1	111
1	1	A1	112
1	1	A1	113
1	1	A1	114
1	1	A1	115
1	1	A1	116
1	1	A1	117
1	1	A1	118
1	1	A1	119
1	1	A1	120
1	1	A1	121
1	1	A1	122
1	1	A1	123
1	1	A1	124
1	1	A1	125
1	1	A1	126
1	1	A1	127
1	1	A1	128
1	1	A1	129
1	1	A1	130
1	1	A1	131
1	1	A1	132
1	1	A1	133
1	1	A1	134
1	1	A1	135
1	1	A1	136
1	1	A1	137
1	1	A1	138
1	1	A1	139
1	1	A1	140
1	1	A1	141
1	1	A1	142
1	1	A1	143
1	1	A1	144
1	1	A1	145
1	1	A1	146
1	1	A1	147
1	1	A1	148
1	1	A1	149
1	1	A1	150
1	1	A1	151
1	1	A1	152
1	1	A1	153
1	1	A1	154
1	1	A1	155
1	1	A1	156
1	1	A1	157
1	1	A1	158
1	1	A1	159
1	1	A1	160
1	1	A1	161
1	1	A1	162
1	1	A1	163
1	1	A1	164
1	1	A1	165
1	1	A1	166
1	1	A1	167
1	1	A1	168
1	1	A1	169
1	1	A1	170
1	1	A1	171
1	1	A1	172
1	1	A1	173
1	1	A1	174
1	1	A1	175
1	1	A1	176
1	1	A1	177
1	1	A1	178
1	1	A1	179
1	1	A1	180
1	1	A1	181
1	1	A1	182
1	1	A1	183
1	1	A1	184
1	1	A1	185
1	1	A1	186
1	1	A1	187
1	1	A1	188
1	1	A1	189
1	1	A1	190
1	1	A1	191
1	1	A1	192
1	1	A1	193
1	1	A1	194
1	1	A1	195
1	1	A1	196
1	1	A1	197
1	1	A1	198
1	1	A1	199
1	1	A1	200
1	1	A1	201
1	1	A1	202
1	1	A1	203
1	1	A1	204
1	1	A1	205
1	1	A1	206
1	1	A1	207
1	1	A1	208
1	1	A1	209
1	1	A1	210
1	1	A1	211
1	1	A1	212
1	1	A1	213
1	1	A1	214
1	1	A1	215
1	1	A1	216
1	1	A1	217
1	1	A1	218
1	1	A1	219
1	1	A1	220
1	1	A1	221
1	1	A1	222
1	1	A1	223
1	1	A1	224
1	1	A1	225
1	1	A1	226
1	1	A1	227
1	1	A1	228
1	1	A1	229
1	1	A1	230
1	1	A1	231
1	1	A1	232
1	1	A1	233
1	1	A1	234
1	1	A1	235
1	1	A1	236
1	1	A1	237
1	1	A1	238
1	1	A1	239
1	1	A1	240
1	1	A1	241
1	1	A1	242
1	1	A1	243
1	1	A1	244
1	1	A1	245
1	1	A1	246
1	1	A1	247
1	1	A1	248
1	1	A1	249
1	1	A1	250
1	1	A1	251
1	1	A1	252
1	1	A1	253
1	1	A1	254
1	1	A1	255
1	1	A1	256
1	1	A1	257
1	1	A1	258
1	1	A1	259
1	1	A1	260
1	1	A1	261
1	1	A1	262
1	1	A1	263
1	1	A1	264
1	1	A1	265
1	1	A1	266
1	1	A1	267
1	1	A1	268
1	1	A1	269
1	1	A1	270
1	1	A1	271
1	1	A1	272
1	1	A1	273
1	1	A1	274
1	1	A1	275
1	1	A1	276
1	1	A1	277
1	1	A1	278
1	1	A1	279
1	1	A1	280
1	1	A1	281
1	1	A1	282
1	1	A1	283
1	1	A1	284
1	1	A1	285
1	1	A1	286
1	1	A1	287
1	1	A1	288
1	1	A1	289
1	1	A1	290
1	1	A1	291
1	1	A1	292
1	1	A1	293
1	1	A1	294
1	1	A1	295
1	1	A1	296
1	1	A1	297
1	1	A1	298
1	1	A1	299
1	1	A1	300
1	1	A1	301
1	1	A1	302
1	1	A1	303
1	1	A1	304
1	1	A1	305
1	1	A1	306
1	1	A1	307
1	1	A1	308
1	1	A1	309
1	1	A1	310
1	1	A1	311
1	1	A1	312
1	1	A1	313
1	1	A1	314
1	1	A1	315
1	1	A1	316
1	1	A1	317
1	1	A1	318
1	1	A1	319
1	1	A1	320
1	1	A1	321
1	1	A1	322
1	1	A1	323
1	1	A1	324
1	1	A1	325
1	1	A1	326
1	1	A1	327
1	1	A1	328
1	1	A1	329
1	1	A1	330
1	1	A1	331
1	1	A1	332
1	1	A1	333
1	1	A1	334
1	1	A1	335
1	1	A1	336
1	1	A1	337
1	1	A1	338
1	1	A1	339
1	1	A1	340
1	1	A1	341
1	1	A1	342
1	1	A1	343
1	1	A1	344
1	1	A1	345
1	1	A1	346
1	1	A1	347
1	1	A1	348
1	1	A2	0
1	1	A2	1
1	1	A2	2
1	1	A2	3
1	1	A2	4
1	1	A2	5
1	1	A2	6
1	1	A2	7
1	1	A2	8
1	1	A2	9
1	1	A2	10
1	1	A2	11
1	1	A2	12
1	1	A2	13
1	1	A2	14
1	1	A2	15
1	1	A2	16
1	1	A2	17
1	1	A2	18
1	1	A2	19
1	1	A2	20
1	1	A2	21
1	1	A2	22
1	1	A2	23
1	1	A2	24
1	1	A2	25
1	1	A2	26
1	1	A2	27
1	1	A2	28
1	1	A2	29
1	1	A2	30
1	1	A2	31
1	1	A2	32
1	1	A2	33
1	1	A2	34
1	1	A2	35
1	1	A2	36
1	1	A2	37
1	1	A2	38
1	1	A2	39
1	1	A2	40
1	1	A2	41
1	1	A2	42
1	1	A2	43
1	1	A2	44
1	1	A2	45
1	1	A2	46
1	1	A2	47
1	1	A2	48
1	1	A2	49
1	1	A2	50
1	1	A2	51
1	1	A2	52
1	1	A2	53
1	1	A2	54
1	1	A2	55
1	1	A2	56
1	1	A2	57
1	1	A2	58
1	1	A2	59
1	1	A2	60
1	1	A2	61
1	1	A2	62
1	1	A2	63
1	1	A2	64
1	1	A2	65
1	1	A2	66
1	1	A2	67
1	1	A2	68
1	1	A2	69
1	1	A2	70
1	1	A2	71
1	1	A2	72
1	1	A2	73
1	1	A2	74
1	1	A2	75
1	1	A2	76
1	1	A2	77
1	1	A2	78
1	1	A2	79
1	1	A2	80
1	1	A2	81
1	1	A2	82
1	1	A2	83
1	1	A2	84
1	1	A2	85
1	1	A2	86
1	1	A2	87
1	1	A2	88
1	1	A2	89
1	1	A2	90
1	1	A2	91
1	1	A2	92
1	1	A2	93
1	1	A2	94
1	1	A2	95
1	1	A2	96
1	1	A2	97
1	1	A2	98
1	1	A2	99
1	1	A2	100
1	1	A2	101
1	1	A2	102
1	1	A2	103
1	1	A2	104
1	1	A2	105
1	1	A2	106
1	1	A2	107
1	1	A2	108
1	1	A2	109
1	1	A2	110
1	1	A2	111
1	1	A2	112
1	1	A2	113
1	1	A2	114
1	1	A2	115
1	1	A2	116
1	1	A2	117
1	1	A2	118
1	1	A2	119
1	1	A2	120
1	1	A2	121
1	1	A2	122
1	1	A2	123
1	1	A2	124
1	1	A2	125
1	1	A2	126
1	1	A2	127
1	1	A2	128
1	1	A2	129
1	1	A2	130
1	1	A2	131
1	1	A2	132
1	1	A2	133
1	1	A2	134
1	1	A2	135
1	1	A2	136
1	1	A2	137
1	1	A2	138
1	1	A2	139
1	1	A2	140
1	1	A2	141
1	1	A2	142
1	1	A2	143
1	1	A2	144
1	1	A2	145
1	1	A2	146
1	1	A2	147
1	1	A2	148
1	1	A2	149
1	1	A2	150
1	1	A2	151
1	1	A2	152
1	1	A2	153
1	1	A2	154
1	1	A2	155
1	1	A2	156
1	1	A2	157
1	1	A2	158
1	1	A2	159
1	1	A2	160
1	1	A2	161
1	1	A2	162
1	1	A2	163
1	1	A2	164
1	1	A2	165
1	1	A2	166
1	1	A2	167
1	1	A2	168
1	1	A2	169
1	1	A2	170
1	1	A2	171
1	1	A2	172
1	1	A2	173
1	1	A2	174
1	1	A2	175
1	1	A2	176
1	1	A2	177
1	1	A2	178
1	1	A2	179
1	1	A2	180
1	1	A2	181
1	1	A2	182
1	1	A2	183
1	1	A2	184
1	1	A2	185
1	1	A2	186
1	1	A2	187
1	1	A2	188
1	1	A2	189
1	1	A2	190
1	1	A2	191
1	1	A2	192
1	1	A2	193
1	1	A2	194
1	1	A2	195
1	1	A2	196
1	1	A2	197
1	1	A2	198
1	1	A2	199
1	1	A2	200
1	1	A2	201
1	1	A2	202
1	1	A2	203
1	1	A2	204
1	1	A2	205
1	1	A2	206
1	1	A2	207
1	1	A2	208
1	1	A2	209
1	1	A2	210
1	1	A2	211
1	1	A2	212
1	1	A2	213
1	1	A2	214
1	1	A2	215
1	1	A2	216
1	1	A2	217
1	1	A2	218
1	1	A2	219
1	1	A2	220
1	1	A2	221
1	1	A2	222
1	1	A2	223
1	1	A2	224
1	1	A2	225
1	1	A2	226
1	1	A2	227
1	1	A2	228
1	1	A2	229
1	1	A2	230
1	1	A2	231
1	1	A2	232
1	1	A2	233
1	1	A2	234
1	1	A2	235
1	1	A2	236
1	1	A2	237
1	1	A2	238
1	1	A2	239
1	1	A2	240
1	1	A2	241
1	1	A2	242
1	1	A2	243
1	1	A2	244
1	1	A2	245
1	1	A2	246
1	1	A2	247
1	1	A2	248
1	1	A2	249
1	1	A2	250
1	1	A2	251
1	1	A2	252
1	1	A2	253
1	1	A2	254
1	1	A2	255
1	1	A2	256
1	1	A2	257
1	1	A2	258
1	1	A2	259
1	1	A2	260
1	1	A2	261
1	1	A2	262
1	1	A2	263
1	1	A2	264
1	1	A2	265
1	1	A2	266
1	1	A2	267
1	1	A2	268
1	1	A2	269
1	1	A2	270
1	1	A2	271
1	1	A2	272
1	1	A2	273
1	1	A2	274
1	1	A2	275
1	1	A2	276
1	1	A2	277
1	1	A2	278
1	1	A2	279
1	1	A2	280
1	1	A2	281
1	1	A2	282
1	1	A2	283
1	1	A2	284
1	1	A2	285
1	1	A2	286
1	1	A2	287
1	1	A2	288
1	1	A2	289
1	1	A2	290
1	1	A2	291
1	1	A2	292
1	1	A2	293
1	1	A2	294
1	1	A2	295
1	1	A2	296
1	1	A2	297
1	1	A2	298
1	1	A2	299
1	1	A2	300
1	1	A2	301
1	1	A2	302
1	1	A2	303
1	1	A2	304
1	1	A2	305
1	1	A2	306
1	1	A2	307
1	1	A2	308
1	1	A2	309
1	1	A2	310
1	1	A2	311
1	1	A2	312
1	1	A2	313
1	1	A2	314
1	1	A2	315
1	1	A2	316
1	1	A2	317
1	1	A2	318
1	1	A2	319
1	1	A2	320
1	1	A2	321
1	1	A2	322
1	1	A2	323
1	1	A2	324
1	1	A2	325
1	1	A2	326
1	1	A2	327
1	1	A2	328
1	1	A2	329
1	1	A2	330
1	1	A2	331
1	1	A2	332
1	1	A2	333
1	1	A2	334
1	1	A2	335
1	1	A2	336
1	1	A2	337
1	1	A2	338
1	1	A2	339
1	1	A2	340
1	1	A2	341
1	1	A2	342
1	1	A2	343
1	1	A2	344
1	1	A2	345
1	1	A2	346
1	1	A2	347
1	1	A2	348
1	1	C2	0
1	1	C2	1
1	1	C2	2
1	1	C2	3
1	1	C2	4
1	1	C2	5
1	1	C2	6
1	1	C2	7
1	1	C2	8
1	1	C2	9
1	1	C2	10
1	1	C2	11
1	1	C2	12
1	1	C2	13
1	1	C2	14
1	1	C2	15
1	1	C2	16
1	1	C2	17
1	1	C2	18
1	1	C2	19
1	1	C2	20
1	1	C2	21
1	1	C2	22
1	1	C2	23
1	1	C2	24
1	1	C2	25
1	1	C2	26
1	1	C2	27
1	1	C2	28
1	1	C2	29
1	1	C2	30
1	1	C2	31
1	1	C2	32
1	1	C2	33
1	1	C2	34
1	1	C2	35
1	1	C2	36
1	1	C2	37
1	1	C2	38
1	1	C2	39
1	1	C2	40
1	1	C2	41
1	1	C2	42
1	1	C2	43
1	1	C2	44
1	1	C2	45
1	1	C2	46
1	1	C2	47
1	1	C2	48
1	1	C2	49
1	1	C2	50
1	1	C2	51
1	1	C2	52
1	1	C2	53
1	1	C2	54
1	1	C2	55
1	1	C2	56
1	1	C2	57
1	1	C2	58
1	1	C2	59
1	1	C2	60
1	1	C2	61
1	1	C2	62
1	1	C2	63
1	1	C2	64
1	1	C2	65
1	1	C2	66
1	1	C2	67
1	1	C2	68
1	1	C2	69
1	1	C2	70
1	1	C2	71
1	1	C2	72
1	1	C2	73
1	1	C2	74
1	1	C2	75
1	1	C2	76
1	1	C2	77
1	1	C2	78
1	1	C2	79
1	1	C2	80
1	1	C2	81
1	1	C2	82
1	1	C2	83
1	1	C2	84
1	1	C2	85
1	1	C2	86
1	1	C2	87
1	1	C2	88
1	1	C2	89
1	1	C2	90
1	1	C2	91
1	1	C2	92
1	1	C2	93
1	1	C2	94
1	1	C2	95
1	1	C2	96
1	1	C2	97
1	1	C2	98
1	1	C2	99
1	1	C2	100
1	1	C2	101
1	1	C2	102
1	1	C2	103
1	1	C2	104
1	1	C2	105
1	1	C2	106
1	1	C2	107
1	1	C2	108
1	1	C2	109
1	1	C2	110
1	1	C2	111
1	1	C2	112
1	1	C2	113
1	1	C2	114
1	1	C2	115
1	1	C2	116
1	1	C2	117
1	1	C2	118
1	1	C2	119
1	1	C2	120
1	1	C2	121
1	1	C2	122
1	1	C2	123
1	1	C2	124
1	1	C2	125
1	1	C2	126
1	1	C2	127
1	1	C2	128
1	1	C2	129
1	1	C2	130
1	1	C2	131
1	1	C2	132
1	1	C2	133
1	1	C2	134
1	1	C2	135
1	1	C2	136
1	1	C2	137
1	1	C2	138
1	1	C2	139
1	1	C2	140
1	1	C2	141
1	1	C2	142
1	1	C2	143
1	1	C2	144
1	1	C2	145
1	1	C2	146
1	1	C2	147
1	1	C2	148
1	1	C2	149
1	1	C2	150
1	1	C2	151
1	1	C2	152
1	1	C2	153
1	1	C2	154
1	1	C2	155
1	1	C2	156
1	1	C2	157
1	1	C2	158
1	1	C2	159
1	1	C2	160
1	1	C2	161
1	1	C2	162
1	1	C2	163
1	1	C2	164
1	1	C2	165
1	1	C2	166
1	1	C2	167
1	1	C2	168
1	1	C2	169
1	1	C2	170
1	1	C2	171
1	1	C2	172
1	1	C2	173
1	1	C2	174
1	1	C2	175
1	1	C2	176
1	1	C2	177
1	1	C2	178
1	1	C2	179
1	1	C2	180
1	1	C2	181
1	1	C2	182
1	1	C2	183
1	1	C2	184
1	1	C2	185
1	1	C2	186
1	1	C2	187
1	1	C2	188
1	1	C2	189
1	1	C2	190
1	1	C2	191
1	1	C2	192
1	1	C2	193
1	1	C2	194
1	1	C2	195
1	1	C2	196
1	1	C2	197
1	1	C2	198
1	1	C2	199
1	1	C2	200
1	1	C2	201
1	1	C2	202
1	1	C2	203
1	1	C2	204
1	1	C2	205
1	1	C2	206
1	1	C2	207
1	1	C2	208
1	1	C2	209
1	1	C2	210
1	1	C2	211
1	1	C2	212
1	1	C2	213
1	1	C2	214
1	1	C2	215
1	1	C2	216
1	1	C2	217
1	1	C2	218
1	1	C2	219
1	1	C2	220
1	1	C2	221
1	1	C2	222
1	1	C2	223
1	1	C2	224
1	1	C2	225
1	1	C2	226
1	1	C2	227
1	1	C2	228
1	1	C2	229
1	1	C2	230
1	1	C2	231
1	1	C2	232
1	1	C2	233
1	1	C2	234
1	1	C2	235
1	1	C2	236
1	1	C2	237
1	1	C2	238
1	1	C2	239
1	1	C2	240
1	1	C2	241
1	1	C2	242
1	1	C2	243
1	1	C2	244
1	1	C2	245
1	1	C2	246
1	1	C2	247
1	1	C2	248
1	1	C2	249
1	1	C2	250
1	1	C2	251
1	1	C2	252
1	1	C2	253
1	1	C2	254
1	1	C2	255
1	1	C2	256
1	1	C2	257
1	1	C2	258
1	1	C2	259
1	1	C2	260
1	1	C2	261
1	1	C2	262
1	1	C2	263
1	1	C2	264
1	1	C2	265
1	1	C2	266
1	1	C2	267
1	1	C2	268
1	1	C2	269
1	1	C2	270
1	1	C2	271
1	1	C2	272
1	1	C2	273
1	1	C2	274
1	1	C2	275
1	1	C2	276
1	1	C2	277
1	1	C2	278
1	1	C2	279
1	1	C2	280
1	1	C2	281
1	1	C2	282
1	1	C2	283
1	1	C2	284
1	1	C2	285
1	1	C2	286
1	1	C2	287
1	1	C2	288
1	1	C2	289
1	1	C2	290
1	1	C2	291
1	1	C2	292
1	1	C2	293
1	1	C2	294
1	1	C2	295
1	1	C2	296
1	1	C2	297
1	1	C2	298
1	1	C2	299
1	1	C2	300
1	1	C2	301
1	1	C2	302
1	1	C2	303
1	1	C2	304
1	1	C2	305
1	1	C2	306
1	1	C2	307
1	1	C2	308
1	1	C2	309
1	1	C2	310
1	1	C2	311
1	1	C2	312
1	1	C2	313
1	1	C2	314
1	1	C2	315
1	1	C2	316
1	1	C2	317
1	1	C2	318
1	1	C2	319
1	1	C2	320
1	1	C2	321
1	1	C2	322
1	1	C2	323
1	1	C2	324
1	1	C2	325
1	1	C2	326
1	1	C2	327
1	1	C2	328
1	1	C2	329
1	1	C2	330
1	1	C2	331
1	1	C2	332
1	1	C2	333
1	1	C2	334
1	1	C2	335
1	1	C2	336
1	1	C2	337
1	1	C2	338
1	1	C2	339
1	1	C2	340
1	1	C2	341
1	1	C2	342
1	1	C2	343
1	1	C2	344
1	1	C2	345
1	1	C2	346
1	1	C2	347
1	1	C2	348
1	1	C3	0
1	1	C3	1
1	1	C3	2
1	1	C3	3
1	1	C3	4
1	1	C3	5
1	1	C3	6
1	1	C3	7
1	1	C3	8
1	1	C3	9
1	1	C3	10
1	1	C3	11
1	1	C3	12
1	1	C3	13
1	1	C3	14
1	1	C3	15
1	1	C3	16
1	1	C3	17
1	1	C3	18
1	1	C3	19
1	1	C3	20
1	1	C3	21
1	1	C3	22
1	1	C3	23
1	1	C3	24
1	1	C3	25
1	1	C3	26
1	1	C3	27
1	1	C3	28
1	1	C3	29
1	1	C3	30
1	1	C3	31
1	1	C3	32
1	1	C3	33
1	1	C3	34
1	1	C3	35
1	1	C3	36
1	1	C3	37
1	1	C3	38
1	1	C3	39
1	1	C3	40
1	1	C3	41
1	1	C3	42
1	1	C3	43
1	1	C3	44
1	1	C3	45
1	1	C3	46
1	1	C3	47
1	1	C3	48
1	1	C3	49
1	1	C3	50
1	1	C3	51
1	1	C3	52
1	1	C3	53
1	1	C3	54
1	1	C3	55
1	1	C3	56
1	1	C3	57
1	1	C3	58
1	1	C3	59
1	1	C3	60
1	1	C3	61
1	1	C3	62
1	1	C3	63
1	1	C3	64
1	1	C3	65
1	1	C3	66
1	1	C3	67
1	1	C3	68
1	1	C3	69
1	1	C3	70
1	1	C3	71
1	1	C3	72
1	1	C3	73
1	1	C3	74
1	1	C3	75
1	1	C3	76
1	1	C3	77
1	1	C3	78
1	1	C3	79
1	1	C3	80
1	1	C3	81
1	1	C3	82
1	1	C3	83
1	1	C3	84
1	1	C3	85
1	1	C3	86
1	1	C3	87
1	1	C3	88
1	1	C3	89
1	1	C3	90
1	1	C3	91
1	1	C3	92
1	1	C3	93
1	1	C3	94
1	1	C3	95
1	1	C3	96
1	1	C3	97
1	1	C3	98
1	1	C3	99
1	1	C3	100
1	1	C3	101
1	1	C3	102
1	1	C3	103
1	1	C3	104
1	1	C3	105
1	1	C3	106
1	1	C3	107
1	1	C3	108
1	1	C3	109
1	1	C3	110
1	1	C3	111
1	1	C3	112
1	1	C3	113
1	1	C3	114
1	1	C3	115
1	1	C3	116
1	1	C3	117
1	1	C3	118
1	1	C3	119
1	1	C3	120
1	1	C3	121
1	1	C3	122
1	1	C3	123
1	1	C3	124
1	1	C3	125
1	1	C3	126
1	1	C3	127
1	1	C3	128
1	1	C3	129
1	1	C3	130
1	1	C3	131
1	1	C3	132
1	1	C3	133
1	1	C3	134
1	1	C3	135
1	1	C3	136
1	1	C3	137
1	1	C3	138
1	1	C3	139
1	1	C3	140
1	1	C3	141
1	1	C3	142
1	1	C3	143
1	1	C3	144
1	1	C3	145
1	1	C3	146
1	1	C3	147
1	1	C3	148
1	1	C3	149
1	1	C3	150
1	1	C3	151
1	1	C3	152
1	1	C3	153
1	1	C3	154
1	1	C3	155
1	1	C3	156
1	1	C3	157
1	1	C3	158
1	1	C3	159
1	1	C3	160
1	1	C3	161
1	1	C3	162
1	1	C3	163
1	1	C3	164
1	1	C3	165
1	1	C3	166
1	1	C3	167
1	1	C3	168
1	1	C3	169
1	1	C3	170
1	1	C3	171
1	1	C3	172
1	1	C3	173
1	1	C3	174
1	1	C3	175
1	1	C3	176
1	1	C3	177
1	1	C3	178
1	1	C3	179
1	1	C3	180
1	1	C3	181
1	1	C3	182
1	1	C3	183
1	1	C3	184
1	1	C3	185
1	1	C3	186
1	1	C3	187
1	1	C3	188
1	1	C3	189
1	1	C3	190
1	1	C3	191
1	1	C3	192
1	1	C3	193
1	1	C3	194
1	1	C3	195
1	1	C3	196
1	1	C3	197
1	1	C3	198
1	1	C3	199
1	1	C3	200
1	1	C3	201
1	1	C3	202
1	1	C3	203
1	1	C3	204
1	1	C3	205
1	1	C3	206
1	1	C3	207
1	1	C3	208
1	1	C3	209
1	1	C3	210
1	1	C3	211
1	1	C3	212
1	1	C3	213
1	1	C3	214
1	1	C3	215
1	1	C3	216
1	1	C3	217
1	1	C3	218
1	1	C3	219
1	1	C3	220
1	1	C3	221
1	1	C3	222
1	1	C3	223
1	1	C3	224
1	1	C3	225
1	1	C3	226
1	1	C3	227
1	1	C3	228
1	1	C3	229
1	1	C3	230
1	1	C3	231
1	1	C3	232
1	1	C3	233
1	1	C3	234
1	1	C3	235
1	1	C3	236
1	1	C3	237
1	1	C3	238
1	1	C3	239
1	1	C3	240
1	1	C3	241
1	1	C3	242
1	1	C3	243
1	1	C3	244
1	1	C3	245
1	1	C3	246
1	1	C3	247
1	1	C3	248
1	1	C3	249
1	1	C3	250
1	1	C3	251
1	1	C3	252
1	1	C3	253
1	1	C3	254
1	1	C3	255
1	1	C3	256
1	1	C3	257
1	1	C3	258
1	1	C3	259
1	1	C3	260
1	1	C3	261
1	1	C3	262
1	1	C3	263
1	1	C3	264
1	1	C3	265
1	1	C3	266
1	1	C3	267
1	1	C3	268
1	1	C3	269
1	1	C3	270
1	1	C3	271
1	1	C3	272
1	1	C3	273
1	1	C3	274
1	1	C3	275
1	1	C3	276
1	1	C3	277
1	1	C3	278
1	1	C3	279
1	1	C3	280
1	1	C3	281
1	1	C3	282
1	1	C3	283
1	1	C3	284
1	1	C3	285
1	1	C3	286
1	1	C3	287
1	1	C3	288
1	1	C3	289
1	1	C3	290
1	1	C3	291
1	1	C3	292
1	1	C3	293
1	1	C3	294
1	1	C3	295
1	1	C3	296
1	1	C3	297
1	1	C3	298
1	1	C3	299
1	1	C3	300
1	1	C3	301
1	1	C3	302
1	1	C3	303
1	1	C3	304
1	1	C3	305
1	1	C3	306
1	1	C3	307
1	1	C3	308
1	1	C3	309
1	1	C3	310
1	1	C3	311
1	1	C3	312
1	1	C3	313
1	1	C3	314
1	1	C3	315
1	1	C3	316
1	1	C3	317
1	1	C3	318
1	1	C3	319
1	1	C3	320
1	1	C3	321
1	1	C3	322
1	1	C3	323
1	1	C3	324
1	1	C3	325
1	1	C3	326
1	1	C3	327
1	1	C3	328
1	1	C3	329
1	1	C3	330
1	1	C3	331
1	1	C3	332
1	1	C3	333
1	1	C3	334
1	1	C3	335
1	1	C3	336
1	1	C3	337
1	1	C3	338
1	1	C3	339
1	1	C3	340
1	1	C3	341
1	1	C3	342
1	1	C3	343
1	1	C3	344
1	1	C3	345
1	1	C3	346
1	1	C3	347
1	1	C3	348
1	1	C4	0
1	1	C4	1
1	1	C4	2
1	1	C4	3
1	1	C4	4
1	1	C4	5
1	1	C4	6
1	1	C4	7
1	1	C4	8
1	1	C4	9
1	1	C4	10
1	1	C4	11
1	1	C4	12
1	1	C4	13
1	1	C4	14
1	1	C4	15
1	1	C4	16
1	1	C4	17
1	1	C4	18
1	1	C4	19
1	1	C4	20
1	1	C4	21
1	1	C4	22
1	1	C4	23
1	1	C4	24
1	1	C4	25
1	1	C4	26
1	1	C4	27
1	1	C4	28
1	1	C4	29
1	1	C4	30
1	1	C4	31
1	1	C4	32
1	1	C4	33
1	1	C4	34
1	1	C4	35
1	1	C4	36
1	1	C4	37
1	1	C4	38
1	1	C4	39
1	1	C4	40
1	1	C4	41
1	1	C4	42
1	1	C4	43
1	1	C4	44
1	1	C4	45
1	1	C4	46
1	1	C4	47
1	1	C4	48
1	1	C4	49
1	1	C4	50
1	1	C4	51
1	1	C4	52
1	1	C4	53
1	1	C4	54
1	1	C4	55
1	1	C4	56
1	1	C4	57
1	1	C4	58
1	1	C4	59
1	1	C4	60
1	1	C4	61
1	1	C4	62
1	1	C4	63
1	1	C4	64
1	1	C4	65
1	1	C4	66
1	1	C4	67
1	1	C4	68
1	1	C4	69
1	1	C4	70
1	1	C4	71
1	1	C4	72
1	1	C4	73
1	1	C4	74
1	1	C4	75
1	1	C4	76
1	1	C4	77
1	1	C4	78
1	1	C4	79
1	1	C4	80
1	1	C4	81
1	1	C4	82
1	1	C4	83
1	1	C4	84
1	1	C4	85
1	1	C4	86
1	1	C4	87
1	1	C4	88
1	1	C4	89
1	1	C4	90
1	1	C4	91
1	1	C4	92
1	1	C4	93
1	1	C4	94
1	1	C4	95
1	1	C4	96
1	1	C4	97
1	1	C4	98
1	1	C4	99
1	1	C4	100
1	1	C4	101
1	1	C4	102
1	1	C4	103
1	1	C4	104
1	1	C4	105
1	1	C4	106
1	1	C4	107
1	1	C4	108
1	1	C4	109
1	1	C4	110
1	1	C4	111
1	1	C4	112
1	1	C4	113
1	1	C4	114
1	1	C4	115
1	1	C4	116
1	1	C4	117
1	1	C4	118
1	1	C4	119
1	1	C4	120
1	1	C4	121
1	1	C4	122
1	1	C4	123
1	1	C4	124
1	1	C4	125
1	1	C4	126
1	1	C4	127
1	1	C4	128
1	1	C4	129
1	1	C4	130
1	1	C4	131
1	1	C4	132
1	1	C4	133
1	1	C4	134
1	1	C4	135
1	1	C4	136
1	1	C4	137
1	1	C4	138
1	1	C4	139
1	1	C4	140
1	1	C4	141
1	1	C4	142
1	1	C4	143
1	1	C4	144
1	1	C4	145
1	1	C4	146
1	1	C4	147
1	1	C4	148
1	1	C4	149
1	1	C4	150
1	1	C4	151
1	1	C4	152
1	1	C4	153
1	1	C4	154
1	1	C4	155
1	1	C4	156
1	1	C4	157
1	1	C4	158
1	1	C4	159
1	1	C4	160
1	1	C4	161
1	1	C4	162
1	1	C4	163
1	1	C4	164
1	1	C4	165
1	1	C4	166
1	1	C4	167
1	1	C4	168
1	1	C4	169
1	1	C4	170
1	1	C4	171
1	1	C4	172
1	1	C4	173
1	1	C4	174
1	1	C4	175
1	1	C4	176
1	1	C4	177
1	1	C4	178
1	1	C4	179
1	1	C4	180
1	1	C4	181
1	1	C4	182
1	1	C4	183
1	1	C4	184
1	1	C4	185
1	1	C4	186
1	1	C4	187
1	1	C4	188
1	1	C4	189
1	1	C4	190
1	1	C4	191
1	1	C4	192
1	1	C4	193
1	1	C4	194
1	1	C4	195
1	1	C4	196
1	1	C4	197
1	1	C4	198
1	1	C4	199
1	1	C4	200
1	1	C4	201
1	1	C4	202
1	1	C4	203
1	1	C4	204
1	1	C4	205
1	1	C4	206
1	1	C4	207
1	1	C4	208
1	1	C4	209
1	1	C4	210
1	1	C4	211
1	1	C4	212
1	1	C4	213
1	1	C4	214
1	1	C4	215
1	1	C4	216
1	1	C4	217
1	1	C4	218
1	1	C4	219
1	1	C4	220
1	1	C4	221
1	1	C4	222
1	1	C4	223
1	1	C4	224
1	1	C4	225
1	1	C4	226
1	1	C4	227
1	1	C4	228
1	1	C4	229
1	1	C4	230
1	1	C4	231
1	1	C4	232
1	1	C4	233
1	1	C4	234
1	1	C4	235
1	1	C4	236
1	1	C4	237
1	1	C4	238
1	1	C4	239
1	1	C4	240
1	1	C4	241
1	1	C4	242
1	1	C4	243
1	1	C4	244
1	1	C4	245
1	1	C4	246
1	1	C4	247
1	1	C4	248
1	1	C4	249
1	1	C4	250
1	1	C4	251
1	1	C4	252
1	1	C4	253
1	1	C4	254
1	1	C4	255
1	1	C4	256
1	1	C4	257
1	1	C4	258
1	1	C4	259
1	1	C4	260
1	1	C4	261
1	1	C4	262
1	1	C4	263
1	1	C4	264
1	1	C4	265
1	1	C4	266
1	1	C4	267
1	1	C4	268
1	1	C4	269
1	1	C4	270
1	1	C4	271
1	1	C4	272
1	1	C4	273
1	1	C4	274
1	1	C4	275
1	1	C4	276
1	1	C4	277
1	1	C4	278
1	1	C4	279
1	1	C4	280
1	1	C4	281
1	1	C4	282
1	1	C4	283
1	1	C4	284
1	1	C4	285
1	1	C4	286
1	1	C4	287
1	1	C4	288
1	1	C4	289
1	1	C4	290
1	1	C4	291
1	1	C4	292
1	1	C4	293
1	1	C4	294
1	1	C4	295
1	1	C4	296
1	1	C4	297
1	1	C4	298
1	1	C4	299
1	1	C4	300
1	1	C4	301
1	1	C4	302
1	1	C4	303
1	1	C4	304
1	1	C4	305
1	1	C4	306
1	1	C4	307
1	1	C4	308
1	1	C4	309
1	1	C4	310
1	1	C4	311
1	1	C4	312
1	1	C4	313
1	1	C4	314
1	1	C4	315
1	1	C4	316
1	1	C4	317
1	1	C4	318
1	1	C4	319
1	1	C4	320
1	1	C4	321
1	1	C4	322
1	1	C4	323
1	1	C4	324
1	1	C4	325
1	1	C4	326
1	1	C4	327
1	1	C4	328
1	1	C4	329
1	1	C4	330
1	1	C4	331
1	1	C4	332
1	1	C4	333
1	1	C4	334
1	1	C4	335
1	1	C4	336
1	1	C4	337
1	1	C4	338
1	1	C4	339
1	1	C4	340
1	1	C4	341
1	1	C4	342
1	1	C4	343
1	1	C4	344
1	1	C4	345
1	1	C4	346
1	1	C4	347
1	1	C4	348
1	2	A1	0
1	2	A1	1
1	2	A1	2
1	2	A1	3
1	2	A1	4
1	2	A1	5
1	2	A1	6
1	2	A1	7
1	2	A1	8
1	2	A1	9
1	2	A1	10
1	2	A1	11
1	2	A1	12
1	2	A1	13
1	2	A1	14
1	2	A1	15
1	2	A1	16
1	2	A1	17
1	2	A1	18
1	2	A1	19
1	2	A1	20
1	2	A1	21
1	2	A1	22
1	2	A1	23
1	2	A1	24
1	2	A1	25
1	2	A1	26
1	2	A1	27
1	2	A1	28
1	2	A1	29
1	2	A1	30
1	2	A1	31
1	2	A1	32
1	2	A1	33
1	2	A1	34
1	2	A1	35
1	2	A1	36
1	2	A1	37
1	2	A1	38
1	2	A1	39
1	2	A1	40
1	2	A1	41
1	2	A1	42
1	2	A1	43
1	2	A1	44
1	2	A1	45
1	2	A1	46
1	2	A1	47
1	2	A1	48
1	2	A1	49
1	2	A1	50
1	2	A1	51
1	2	A1	52
1	2	A1	53
1	2	A1	54
1	2	A1	55
1	2	A1	56
1	2	A1	57
1	2	A1	58
1	2	A1	59
1	2	A1	60
1	2	A1	61
1	2	A1	62
1	2	A1	63
1	2	A1	64
1	2	A1	65
1	2	A1	66
1	2	A1	67
1	2	A1	68
1	2	A1	69
1	2	A1	70
1	2	A1	71
1	2	A1	72
1	2	A1	73
1	2	A1	74
1	2	A1	75
1	2	A1	76
1	2	A1	77
1	2	A1	78
1	2	A1	79
1	2	A1	80
1	2	A1	81
1	2	A1	82
1	2	A1	83
1	2	A1	84
1	2	A1	85
1	2	A1	86
1	2	A1	87
1	2	A1	88
1	2	A1	89
1	2	A1	90
1	2	A1	91
1	2	A1	92
1	2	A1	93
1	2	A1	94
1	2	A1	95
1	2	A1	96
1	2	A1	97
1	2	A1	98
1	2	A1	99
1	2	A1	100
1	2	A1	101
1	2	A1	102
1	2	A1	103
1	2	A1	104
1	2	A1	105
1	2	A1	106
1	2	A1	107
1	2	A1	108
1	2	A1	109
1	2	A1	110
1	2	A1	111
1	2	A1	112
1	2	A1	113
1	2	A1	114
1	2	A1	115
1	2	A1	116
1	2	A1	117
1	2	A1	118
1	2	A1	119
1	2	A1	120
1	2	A1	121
1	2	A1	122
1	2	A1	123
1	2	A1	124
1	2	A1	125
1	2	A1	126
1	2	A1	127
1	2	A1	128
1	2	A1	129
1	2	A1	130
1	2	A1	131
1	2	A1	132
1	2	A1	133
1	2	A1	134
1	2	A1	135
1	2	A1	136
1	2	A1	137
1	2	A1	138
1	2	A1	139
1	2	A1	140
1	2	A1	141
1	2	A1	142
1	2	A1	143
1	2	A1	144
1	2	A1	145
1	2	A1	146
1	2	A1	147
1	2	A1	148
1	2	A1	149
1	2	A1	150
1	2	A1	151
1	2	A1	152
1	2	A1	153
1	2	A1	154
1	2	A1	155
1	2	A1	156
1	2	A1	157
1	2	A1	158
1	2	A1	159
1	2	A1	160
1	2	A1	161
1	2	A1	162
1	2	A1	163
1	2	A1	164
1	2	A1	165
1	2	A1	166
1	2	A1	167
1	2	A1	168
1	2	A1	169
1	2	A1	170
1	2	A1	171
1	2	A1	172
1	2	A1	173
1	2	A1	174
1	2	A1	175
1	2	A1	176
1	2	A1	177
1	2	A1	178
1	2	A1	179
1	2	A1	180
1	2	A1	181
1	2	A1	182
1	2	A1	183
1	2	A1	184
1	2	A1	185
1	2	A1	186
1	2	A1	187
1	2	A1	188
1	2	A1	189
1	2	A1	190
1	2	A1	191
1	2	A1	192
1	2	A1	193
1	2	A1	194
1	2	A1	195
1	2	A1	196
1	2	A1	197
1	2	A1	198
1	2	A1	199
1	2	A1	200
1	2	A1	201
1	2	A1	202
1	2	A1	203
1	2	A1	204
1	2	A1	205
1	2	A1	206
1	2	A1	207
1	2	A1	208
1	2	A1	209
1	2	A1	210
1	2	A1	211
1	2	A1	212
1	2	A1	213
1	2	A1	214
1	2	A1	215
1	2	A1	216
1	2	A1	217
1	2	A1	218
1	2	A1	219
1	2	A1	220
1	2	A1	221
1	2	A1	222
1	2	A1	223
1	2	A1	224
1	2	A1	225
1	2	A1	226
1	2	A1	227
1	2	A1	228
1	2	A1	229
1	2	A1	230
1	2	A1	231
1	2	A1	232
1	2	A1	233
1	2	A1	234
1	2	A1	235
1	2	A1	236
1	2	A1	237
1	2	A1	238
1	2	A1	239
1	2	A1	240
1	2	A1	241
1	2	A1	242
1	2	A1	243
1	2	A1	244
1	2	A1	245
1	2	A1	246
1	2	A1	247
1	2	A1	248
1	2	A1	249
1	2	A1	250
1	2	A1	251
1	2	A1	252
1	2	A1	253
1	2	A1	254
1	2	A1	255
1	2	A1	256
1	2	A1	257
1	2	A1	258
1	2	A1	259
1	2	A1	260
1	2	A1	261
1	2	A1	262
1	2	A1	263
1	2	A1	264
1	2	A1	265
1	2	A1	266
1	2	A1	267
1	2	A1	268
1	2	A1	269
1	2	A1	270
1	2	A1	271
1	2	A1	272
1	2	A1	273
1	2	A1	274
1	2	A1	275
1	2	A1	276
1	2	A1	277
1	2	A1	278
1	2	A1	279
1	2	A1	280
1	2	A1	281
1	2	A1	282
1	2	A1	283
1	2	A1	284
1	2	A1	285
1	2	A1	286
1	2	A1	287
1	2	A1	288
1	2	A1	289
1	2	A1	290
1	2	A1	291
1	2	A1	292
1	2	A1	293
1	2	A1	294
1	2	A1	295
1	2	A1	296
1	2	A1	297
1	2	A1	298
1	2	A1	299
1	2	A1	300
1	2	A1	301
1	2	A1	302
1	2	A1	303
1	2	A1	304
1	2	A1	305
1	2	A1	306
1	2	A1	307
1	2	A1	308
1	2	A1	309
1	2	A1	310
1	2	A1	311
1	2	A1	312
1	2	A1	313
1	2	A1	314
1	2	A1	315
1	2	A1	316
1	2	A1	317
1	2	A1	318
1	2	A1	319
1	2	A1	320
1	2	A1	321
1	2	A1	322
1	2	A1	323
1	2	A1	324
1	2	A1	325
1	2	A1	326
1	2	A1	327
1	2	A1	328
1	2	A1	329
1	2	A1	330
1	2	A1	331
1	2	A1	332
1	2	A1	333
1	2	A1	334
1	2	A1	335
1	2	A1	336
1	2	A1	337
1	2	A1	338
1	2	A1	339
1	2	A1	340
1	2	A1	341
1	2	A1	342
1	2	A1	343
1	2	A1	344
1	2	A1	345
1	2	A1	346
1	2	A1	347
1	2	A1	348
1	2	A2	0
1	2	A2	1
1	2	A2	2
1	2	A2	3
1	2	A2	4
1	2	A2	5
1	2	A2	6
1	2	A2	7
1	2	A2	8
1	2	A2	9
1	2	A2	10
1	2	A2	11
1	2	A2	12
1	2	A2	13
1	2	A2	14
1	2	A2	15
1	2	A2	16
1	2	A2	17
1	2	A2	18
1	2	A2	19
1	2	A2	20
1	2	A2	21
1	2	A2	22
1	2	A2	23
1	2	A2	24
1	2	A2	25
1	2	A2	26
1	2	A2	27
1	2	A2	28
1	2	A2	29
1	2	A2	30
1	2	A2	31
1	2	A2	32
1	2	A2	33
1	2	A2	34
1	2	A2	35
1	2	A2	36
1	2	A2	37
1	2	A2	38
1	2	A2	39
1	2	A2	40
1	2	A2	41
1	2	A2	42
1	2	A2	43
1	2	A2	44
1	2	A2	45
1	2	A2	46
1	2	A2	47
1	2	A2	48
1	2	A2	49
1	2	A2	50
1	2	A2	51
1	2	A2	52
1	2	A2	53
1	2	A2	54
1	2	A2	55
1	2	A2	56
1	2	A2	57
1	2	A2	58
1	2	A2	59
1	2	A2	60
1	2	A2	61
1	2	A2	62
1	2	A2	63
1	2	A2	64
1	2	A2	65
1	2	A2	66
1	2	A2	67
1	2	A2	68
1	2	A2	69
1	2	A2	70
1	2	A2	71
1	2	A2	72
1	2	A2	73
1	2	A2	74
1	2	A2	75
1	2	A2	76
1	2	A2	77
1	2	A2	78
1	2	A2	79
1	2	A2	80
1	2	A2	81
1	2	A2	82
1	2	A2	83
1	2	A2	84
1	2	A2	85
1	2	A2	86
1	2	A2	87
1	2	A2	88
1	2	A2	89
1	2	A2	90
1	2	A2	91
1	2	A2	92
1	2	A2	93
1	2	A2	94
1	2	A2	95
1	2	A2	96
1	2	A2	97
1	2	A2	98
1	2	A2	99
1	2	A2	100
1	2	A2	101
1	2	A2	102
1	2	A2	103
1	2	A2	104
1	2	A2	105
1	2	A2	106
1	2	A2	107
1	2	A2	108
1	2	A2	109
1	2	A2	110
1	2	A2	111
1	2	A2	112
1	2	A2	113
1	2	A2	114
1	2	A2	115
1	2	A2	116
1	2	A2	117
1	2	A2	118
1	2	A2	119
1	2	A2	120
1	2	A2	121
1	2	A2	122
1	2	A2	123
1	2	A2	124
1	2	A2	125
1	2	A2	126
1	2	A2	127
1	2	A2	128
1	2	A2	129
1	2	A2	130
1	2	A2	131
1	2	A2	132
1	2	A2	133
1	2	A2	134
1	2	A2	135
1	2	A2	136
1	2	A2	137
1	2	A2	138
1	2	A2	139
1	2	A2	140
1	2	A2	141
1	2	A2	142
1	2	A2	143
1	2	A2	144
1	2	A2	145
1	2	A2	146
1	2	A2	147
1	2	A2	148
1	2	A2	149
1	2	A2	150
1	2	A2	151
1	2	A2	152
1	2	A2	153
1	2	A2	154
1	2	A2	155
1	2	A2	156
1	2	A2	157
1	2	A2	158
1	2	A2	159
1	2	A2	160
1	2	A2	161
1	2	A2	162
1	2	A2	163
1	2	A2	164
1	2	A2	165
1	2	A2	166
1	2	A2	167
1	2	A2	168
1	2	A2	169
1	2	A2	170
1	2	A2	171
1	2	A2	172
1	2	A2	173
1	2	A2	174
1	2	A2	175
1	2	A2	176
1	2	A2	177
1	2	A2	178
1	2	A2	179
1	2	A2	180
1	2	A2	181
1	2	A2	182
1	2	A2	183
1	2	A2	184
1	2	A2	185
1	2	A2	186
1	2	A2	187
1	2	A2	188
1	2	A2	189
1	2	A2	190
1	2	A2	191
1	2	A2	192
1	2	A2	193
1	2	A2	194
1	2	A2	195
1	2	A2	196
1	2	A2	197
1	2	A2	198
1	2	A2	199
1	2	A2	200
1	2	A2	201
1	2	A2	202
1	2	A2	203
1	2	A2	204
1	2	A2	205
1	2	A2	206
1	2	A2	207
1	2	A2	208
1	2	A2	209
1	2	A2	210
1	2	A2	211
1	2	A2	212
1	2	A2	213
1	2	A2	214
1	2	A2	215
1	2	A2	216
1	2	A2	217
1	2	A2	218
1	2	A2	219
1	2	A2	220
1	2	A2	221
1	2	A2	222
1	2	A2	223
1	2	A2	224
1	2	A2	225
1	2	A2	226
1	2	A2	227
1	2	A2	228
1	2	A2	229
1	2	A2	230
1	2	A2	231
1	2	A2	232
1	2	A2	233
1	2	A2	234
1	2	A2	235
1	2	A2	236
1	2	A2	237
1	2	A2	238
1	2	A2	239
1	2	A2	240
1	2	A2	241
1	2	A2	242
1	2	A2	243
1	2	A2	244
1	2	A2	245
1	2	A2	246
1	2	A2	247
1	2	A2	248
1	2	A2	249
1	2	A2	250
1	2	A2	251
1	2	A2	252
1	2	A2	253
1	2	A2	254
1	2	A2	255
1	2	A2	256
1	2	A2	257
1	2	A2	258
1	2	A2	259
1	2	A2	260
1	2	A2	261
1	2	A2	262
1	2	A2	263
1	2	A2	264
1	2	A2	265
1	2	A2	266
1	2	A2	267
1	2	A2	268
1	2	A2	269
1	2	A2	270
1	2	A2	271
1	2	A2	272
1	2	A2	273
1	2	A2	274
1	2	A2	275
1	2	A2	276
1	2	A2	277
1	2	A2	278
1	2	A2	279
1	2	A2	280
1	2	A2	281
1	2	A2	282
1	2	A2	283
1	2	A2	284
1	2	A2	285
1	2	A2	286
1	2	A2	287
1	2	A2	288
1	2	A2	289
1	2	A2	290
1	2	A2	291
1	2	A2	292
1	2	A2	293
1	2	A2	294
1	2	A2	295
1	2	A2	296
1	2	A2	297
1	2	A2	298
1	2	A2	299
1	2	A2	300
1	2	A2	301
1	2	A2	302
1	2	A2	303
1	2	A2	304
1	2	A2	305
1	2	A2	306
1	2	A2	307
1	2	A2	308
1	2	A2	309
1	2	A2	310
1	2	A2	311
1	2	A2	312
1	2	A2	313
1	2	A2	314
1	2	A2	315
1	2	A2	316
1	2	A2	317
1	2	A2	318
1	2	A2	319
1	2	A2	320
1	2	A2	321
1	2	A2	322
1	2	A2	323
1	2	A2	324
1	2	A2	325
1	2	A2	326
1	2	A2	327
1	2	A2	328
1	2	A2	329
1	2	A2	330
1	2	A2	331
1	2	A2	332
1	2	A2	333
1	2	A2	334
1	2	A2	335
1	2	A2	336
1	2	A2	337
1	2	A2	338
1	2	A2	339
1	2	A2	340
1	2	A2	341
1	2	A2	342
1	2	A2	343
1	2	A2	344
1	2	A2	345
1	2	A2	346
1	2	A2	347
1	2	A2	348
1	2	C2	0
1	2	C2	1
1	2	C2	2
1	2	C2	3
1	2	C2	4
1	2	C2	5
1	2	C2	6
1	2	C2	7
1	2	C2	8
1	2	C2	9
1	2	C2	10
1	2	C2	11
1	2	C2	12
1	2	C2	13
1	2	C2	14
1	2	C2	15
1	2	C2	16
1	2	C2	17
1	2	C2	18
1	2	C2	19
1	2	C2	20
1	2	C2	21
1	2	C2	22
1	2	C2	23
1	2	C2	24
1	2	C2	25
1	2	C2	26
1	2	C2	27
1	2	C2	28
1	2	C2	29
1	2	C2	30
1	2	C2	31
1	2	C2	32
1	2	C2	33
1	2	C2	34
1	2	C2	35
1	2	C2	36
1	2	C2	37
1	2	C2	38
1	2	C2	39
1	2	C2	40
1	2	C2	41
1	2	C2	42
1	2	C2	43
1	2	C2	44
1	2	C2	45
1	2	C2	46
1	2	C2	47
1	2	C2	48
1	2	C2	49
1	2	C2	50
1	2	C2	51
1	2	C2	52
1	2	C2	53
1	2	C2	54
1	2	C2	55
1	2	C2	56
1	2	C2	57
1	2	C2	58
1	2	C2	59
1	2	C2	60
1	2	C2	61
1	2	C2	62
1	2	C2	63
1	2	C2	64
1	2	C2	65
1	2	C2	66
1	2	C2	67
1	2	C2	68
1	2	C2	69
1	2	C2	70
1	2	C2	71
1	2	C2	72
1	2	C2	73
1	2	C2	74
1	2	C2	75
1	2	C2	76
1	2	C2	77
1	2	C2	78
1	2	C2	79
1	2	C2	80
1	2	C2	81
1	2	C2	82
1	2	C2	83
1	2	C2	84
1	2	C2	85
1	2	C2	86
1	2	C2	87
1	2	C2	88
1	2	C2	89
1	2	C2	90
1	2	C2	91
1	2	C2	92
1	2	C2	93
1	2	C2	94
1	2	C2	95
1	2	C2	96
1	2	C2	97
1	2	C2	98
1	2	C2	99
1	2	C2	100
1	2	C2	101
1	2	C2	102
1	2	C2	103
1	2	C2	104
1	2	C2	105
1	2	C2	106
1	2	C2	107
1	2	C2	108
1	2	C2	109
1	2	C2	110
1	2	C2	111
1	2	C2	112
1	2	C2	113
1	2	C2	114
1	2	C2	115
1	2	C2	116
1	2	C2	117
1	2	C2	118
1	2	C2	119
1	2	C2	120
1	2	C2	121
1	2	C2	122
1	2	C2	123
1	2	C2	124
1	2	C2	125
1	2	C2	126
1	2	C2	127
1	2	C2	128
1	2	C2	129
1	2	C2	130
1	2	C2	131
1	2	C2	132
1	2	C2	133
1	2	C2	134
1	2	C2	135
1	2	C2	136
1	2	C2	137
1	2	C2	138
1	2	C2	139
1	2	C2	140
1	2	C2	141
1	2	C2	142
1	2	C2	143
1	2	C2	144
1	2	C2	145
1	2	C2	146
1	2	C2	147
1	2	C2	148
1	2	C2	149
1	2	C2	150
1	2	C2	151
1	2	C2	152
1	2	C2	153
1	2	C2	154
1	2	C2	155
1	2	C2	156
1	2	C2	157
1	2	C2	158
1	2	C2	159
1	2	C2	160
1	2	C2	161
1	2	C2	162
1	2	C2	163
1	2	C2	164
1	2	C2	165
1	2	C2	166
1	2	C2	167
1	2	C2	168
1	2	C2	169
1	2	C2	170
1	2	C2	171
1	2	C2	172
1	2	C2	173
1	2	C2	174
1	2	C2	175
1	2	C2	176
1	2	C2	177
1	2	C2	178
1	2	C2	179
1	2	C2	180
1	2	C2	181
1	2	C2	182
1	2	C2	183
1	2	C2	184
1	2	C2	185
1	2	C2	186
1	2	C2	187
1	2	C2	188
1	2	C2	189
1	2	C2	190
1	2	C2	191
1	2	C2	192
1	2	C2	193
1	2	C2	194
1	2	C2	195
1	2	C2	196
1	2	C2	197
1	2	C2	198
1	2	C2	199
1	2	C2	200
1	2	C2	201
1	2	C2	202
1	2	C2	203
1	2	C2	204
1	2	C2	205
1	2	C2	206
1	2	C2	207
1	2	C2	208
1	2	C2	209
1	2	C2	210
1	2	C2	211
1	2	C2	212
1	2	C2	213
1	2	C2	214
1	2	C2	215
1	2	C2	216
1	2	C2	217
1	2	C2	218
1	2	C2	219
1	2	C2	220
1	2	C2	221
1	2	C2	222
1	2	C2	223
1	2	C2	224
1	2	C2	225
1	2	C2	226
1	2	C2	227
1	2	C2	228
1	2	C2	229
1	2	C2	230
1	2	C2	231
1	2	C2	232
1	2	C2	233
1	2	C2	234
1	2	C2	235
1	2	C2	236
1	2	C2	237
1	2	C2	238
1	2	C2	239
1	2	C2	240
1	2	C2	241
1	2	C2	242
1	2	C2	243
1	2	C2	244
1	2	C2	245
1	2	C2	246
1	2	C2	247
1	2	C2	248
1	2	C2	249
1	2	C2	250
1	2	C2	251
1	2	C2	252
1	2	C2	253
1	2	C2	254
1	2	C2	255
1	2	C2	256
1	2	C2	257
1	2	C2	258
1	2	C2	259
1	2	C2	260
1	2	C2	261
1	2	C2	262
1	2	C2	263
1	2	C2	264
1	2	C2	265
1	2	C2	266
1	2	C2	267
1	2	C2	268
1	2	C2	269
1	2	C2	270
1	2	C2	271
1	2	C2	272
1	2	C2	273
1	2	C2	274
1	2	C2	275
1	2	C2	276
1	2	C2	277
1	2	C2	278
1	2	C2	279
1	2	C2	280
1	2	C2	281
1	2	C2	282
1	2	C2	283
1	2	C2	284
1	2	C2	285
1	2	C2	286
1	2	C2	287
1	2	C2	288
1	2	C2	289
1	2	C2	290
1	2	C2	291
1	2	C2	292
1	2	C2	293
1	2	C2	294
1	2	C2	295
1	2	C2	296
1	2	C2	297
1	2	C2	298
1	2	C2	299
1	2	C2	300
1	2	C2	301
1	2	C2	302
1	2	C2	303
1	2	C2	304
1	2	C2	305
1	2	C2	306
1	2	C2	307
1	2	C2	308
1	2	C2	309
1	2	C2	310
1	2	C2	311
1	2	C2	312
1	2	C2	313
1	2	C2	314
1	2	C2	315
1	2	C2	316
1	2	C2	317
1	2	C2	318
1	2	C2	319
1	2	C2	320
1	2	C2	321
1	2	C2	322
1	2	C2	323
1	2	C2	324
1	2	C2	325
1	2	C2	326
1	2	C2	327
1	2	C2	328
1	2	C2	329
1	2	C2	330
1	2	C2	331
1	2	C2	332
1	2	C2	333
1	2	C2	334
1	2	C2	335
1	2	C2	336
1	2	C2	337
1	2	C2	338
1	2	C2	339
1	2	C2	340
1	2	C2	341
1	2	C2	342
1	2	C2	343
1	2	C2	344
1	2	C2	345
1	2	C2	346
1	2	C2	347
1	2	C2	348
1	2	C3	0
1	2	C3	1
1	2	C3	2
1	2	C3	3
1	2	C3	4
1	2	C3	5
1	2	C3	6
1	2	C3	7
1	2	C3	8
1	2	C3	9
1	2	C3	10
1	2	C3	11
1	2	C3	12
1	2	C3	13
1	2	C3	14
1	2	C3	15
1	2	C3	16
1	2	C3	17
1	2	C3	18
1	2	C3	19
1	2	C3	20
1	2	C3	21
1	2	C3	22
1	2	C3	23
1	2	C3	24
1	2	C3	25
1	2	C3	26
1	2	C3	27
1	2	C3	28
1	2	C3	29
1	2	C3	30
1	2	C3	31
1	2	C3	32
1	2	C3	33
1	2	C3	34
1	2	C3	35
1	2	C3	36
1	2	C3	37
1	2	C3	38
1	2	C3	39
1	2	C3	40
1	2	C3	41
1	2	C3	42
1	2	C3	43
1	2	C3	44
1	2	C3	45
1	2	C3	46
1	2	C3	47
1	2	C3	48
1	2	C3	49
1	2	C3	50
1	2	C3	51
1	2	C3	52
1	2	C3	53
1	2	C3	54
1	2	C3	55
1	2	C3	56
1	2	C3	57
1	2	C3	58
1	2	C3	59
1	2	C3	60
1	2	C3	61
1	2	C3	62
1	2	C3	63
1	2	C3	64
1	2	C3	65
1	2	C3	66
1	2	C3	67
1	2	C3	68
1	2	C3	69
1	2	C3	70
1	2	C3	71
1	2	C3	72
1	2	C3	73
1	2	C3	74
1	2	C3	75
1	2	C3	76
1	2	C3	77
1	2	C3	78
1	2	C3	79
1	2	C3	80
1	2	C3	81
1	2	C3	82
1	2	C3	83
1	2	C3	84
1	2	C3	85
1	2	C3	86
1	2	C3	87
1	2	C3	88
1	2	C3	89
1	2	C3	90
1	2	C3	91
1	2	C3	92
1	2	C3	93
1	2	C3	94
1	2	C3	95
1	2	C3	96
1	2	C3	97
1	2	C3	98
1	2	C3	99
1	2	C3	100
1	2	C3	101
1	2	C3	102
1	2	C3	103
1	2	C3	104
1	2	C3	105
1	2	C3	106
1	2	C3	107
1	2	C3	108
1	2	C3	109
1	2	C3	110
1	2	C3	111
1	2	C3	112
1	2	C3	113
1	2	C3	114
1	2	C3	115
1	2	C3	116
1	2	C3	117
1	2	C3	118
1	2	C3	119
1	2	C3	120
1	2	C3	121
1	2	C3	122
1	2	C3	123
1	2	C3	124
1	2	C3	125
1	2	C3	126
1	2	C3	127
1	2	C3	128
1	2	C3	129
1	2	C3	130
1	2	C3	131
1	2	C3	132
1	2	C3	133
1	2	C3	134
1	2	C3	135
1	2	C3	136
1	2	C3	137
1	2	C3	138
1	2	C3	139
1	2	C3	140
1	2	C3	141
1	2	C3	142
1	2	C3	143
1	2	C3	144
1	2	C3	145
1	2	C3	146
1	2	C3	147
1	2	C3	148
1	2	C3	149
1	2	C3	150
1	2	C3	151
1	2	C3	152
1	2	C3	153
1	2	C3	154
1	2	C3	155
1	2	C3	156
1	2	C3	157
1	2	C3	158
1	2	C3	159
1	2	C3	160
1	2	C3	161
1	2	C3	162
1	2	C3	163
1	2	C3	164
1	2	C3	165
1	2	C3	166
1	2	C3	167
1	2	C3	168
1	2	C3	169
1	2	C3	170
1	2	C3	171
1	2	C3	172
1	2	C3	173
1	2	C3	174
1	2	C3	175
1	2	C3	176
1	2	C3	177
1	2	C3	178
1	2	C3	179
1	2	C3	180
1	2	C3	181
1	2	C3	182
1	2	C3	183
1	2	C3	184
1	2	C3	185
1	2	C3	186
1	2	C3	187
1	2	C3	188
1	2	C3	189
1	2	C3	190
1	2	C3	191
1	2	C3	192
1	2	C3	193
1	2	C3	194
1	2	C3	195
1	2	C3	196
1	2	C3	197
1	2	C3	198
1	2	C3	199
1	2	C3	200
1	2	C3	201
1	2	C3	202
1	2	C3	203
1	2	C3	204
1	2	C3	205
1	2	C3	206
1	2	C3	207
1	2	C3	208
1	2	C3	209
1	2	C3	210
1	2	C3	211
1	2	C3	212
1	2	C3	213
1	2	C3	214
1	2	C3	215
1	2	C3	216
1	2	C3	217
1	2	C3	218
1	2	C3	219
1	2	C3	220
1	2	C3	221
1	2	C3	222
1	2	C3	223
1	2	C3	224
1	2	C3	225
1	2	C3	226
1	2	C3	227
1	2	C3	228
1	2	C3	229
1	2	C3	230
1	2	C3	231
1	2	C3	232
1	2	C3	233
1	2	C3	234
1	2	C3	235
1	2	C3	236
1	2	C3	237
1	2	C3	238
1	2	C3	239
1	2	C3	240
1	2	C3	241
1	2	C3	242
1	2	C3	243
1	2	C3	244
1	2	C3	245
1	2	C3	246
1	2	C3	247
1	2	C3	248
1	2	C3	249
1	2	C3	250
1	2	C3	251
1	2	C3	252
1	2	C3	253
1	2	C3	254
1	2	C3	255
1	2	C3	256
1	2	C3	257
1	2	C3	258
1	2	C3	259
1	2	C3	260
1	2	C3	261
1	2	C3	262
1	2	C3	263
1	2	C3	264
1	2	C3	265
1	2	C3	266
1	2	C3	267
1	2	C3	268
1	2	C3	269
1	2	C3	270
1	2	C3	271
1	2	C3	272
1	2	C3	273
1	2	C3	274
1	2	C3	275
1	2	C3	276
1	2	C3	277
1	2	C3	278
1	2	C3	279
1	2	C3	280
1	2	C3	281
1	2	C3	282
1	2	C3	283
1	2	C3	284
1	2	C3	285
1	2	C3	286
1	2	C3	287
1	2	C3	288
1	2	C3	289
1	2	C3	290
1	2	C3	291
1	2	C3	292
1	2	C3	293
1	2	C3	294
1	2	C3	295
1	2	C3	296
1	2	C3	297
1	2	C3	298
1	2	C3	299
1	2	C3	300
1	2	C3	301
1	2	C3	302
1	2	C3	303
1	2	C3	304
1	2	C3	305
1	2	C3	306
1	2	C3	307
1	2	C3	308
1	2	C3	309
1	2	C3	310
1	2	C3	311
1	2	C3	312
1	2	C3	313
1	2	C3	314
1	2	C3	315
1	2	C3	316
1	2	C3	317
1	2	C3	318
1	2	C3	319
1	2	C3	320
1	2	C3	321
1	2	C3	322
1	2	C3	323
1	2	C3	324
1	2	C3	325
1	2	C3	326
1	2	C3	327
1	2	C3	328
1	2	C3	329
1	2	C3	330
1	2	C3	331
1	2	C3	332
1	2	C3	333
1	2	C3	334
1	2	C3	335
1	2	C3	336
1	2	C3	337
1	2	C3	338
1	2	C3	339
1	2	C3	340
1	2	C3	341
1	2	C3	342
1	2	C3	343
1	2	C3	344
1	2	C3	345
1	2	C3	346
1	2	C3	347
1	2	C3	348
1	2	C4	0
1	2	C4	1
1	2	C4	2
1	2	C4	3
1	2	C4	4
1	2	C4	5
1	2	C4	6
1	2	C4	7
1	2	C4	8
1	2	C4	9
1	2	C4	10
1	2	C4	11
1	2	C4	12
1	2	C4	13
1	2	C4	14
1	2	C4	15
1	2	C4	16
1	2	C4	17
1	2	C4	18
1	2	C4	19
1	2	C4	20
1	2	C4	21
1	2	C4	22
1	2	C4	23
1	2	C4	24
1	2	C4	25
1	2	C4	26
1	2	C4	27
1	2	C4	28
1	2	C4	29
1	2	C4	30
1	2	C4	31
1	2	C4	32
1	2	C4	33
1	2	C4	34
1	2	C4	35
1	2	C4	36
1	2	C4	37
1	2	C4	38
1	2	C4	39
1	2	C4	40
1	2	C4	41
1	2	C4	42
1	2	C4	43
1	2	C4	44
1	2	C4	45
1	2	C4	46
1	2	C4	47
1	2	C4	48
1	2	C4	49
1	2	C4	50
1	2	C4	51
1	2	C4	52
1	2	C4	53
1	2	C4	54
1	2	C4	55
1	2	C4	56
1	2	C4	57
1	2	C4	58
1	2	C4	59
1	2	C4	60
1	2	C4	61
1	2	C4	62
1	2	C4	63
1	2	C4	64
1	2	C4	65
1	2	C4	66
1	2	C4	67
1	2	C4	68
1	2	C4	69
1	2	C4	70
1	2	C4	71
1	2	C4	72
1	2	C4	73
1	2	C4	74
1	2	C4	75
1	2	C4	76
1	2	C4	77
1	2	C4	78
1	2	C4	79
1	2	C4	80
1	2	C4	81
1	2	C4	82
1	2	C4	83
1	2	C4	84
1	2	C4	85
1	2	C4	86
1	2	C4	87
1	2	C4	88
1	2	C4	89
1	2	C4	90
1	2	C4	91
1	2	C4	92
1	2	C4	93
1	2	C4	94
1	2	C4	95
1	2	C4	96
1	2	C4	97
1	2	C4	98
1	2	C4	99
1	2	C4	100
1	2	C4	101
1	2	C4	102
1	2	C4	103
1	2	C4	104
1	2	C4	105
1	2	C4	106
1	2	C4	107
1	2	C4	108
1	2	C4	109
1	2	C4	110
1	2	C4	111
1	2	C4	112
1	2	C4	113
1	2	C4	114
1	2	C4	115
1	2	C4	116
1	2	C4	117
1	2	C4	118
1	2	C4	119
1	2	C4	120
1	2	C4	121
1	2	C4	122
1	2	C4	123
1	2	C4	124
1	2	C4	125
1	2	C4	126
1	2	C4	127
1	2	C4	128
1	2	C4	129
1	2	C4	130
1	2	C4	131
1	2	C4	132
1	2	C4	133
1	2	C4	134
1	2	C4	135
1	2	C4	136
1	2	C4	137
1	2	C4	138
1	2	C4	139
1	2	C4	140
1	2	C4	141
1	2	C4	142
1	2	C4	143
1	2	C4	144
1	2	C4	145
1	2	C4	146
1	2	C4	147
1	2	C4	148
1	2	C4	149
1	2	C4	150
1	2	C4	151
1	2	C4	152
1	2	C4	153
1	2	C4	154
1	2	C4	155
1	2	C4	156
1	2	C4	157
1	2	C4	158
1	2	C4	159
1	2	C4	160
1	2	C4	161
1	2	C4	162
1	2	C4	163
1	2	C4	164
1	2	C4	165
1	2	C4	166
1	2	C4	167
1	2	C4	168
1	2	C4	169
1	2	C4	170
1	2	C4	171
1	2	C4	172
1	2	C4	173
1	2	C4	174
1	2	C4	175
1	2	C4	176
1	2	C4	177
1	2	C4	178
1	2	C4	179
1	2	C4	180
1	2	C4	181
1	2	C4	182
1	2	C4	183
1	2	C4	184
1	2	C4	185
1	2	C4	186
1	2	C4	187
1	2	C4	188
1	2	C4	189
1	2	C4	190
1	2	C4	191
1	2	C4	192
1	2	C4	193
1	2	C4	194
1	2	C4	195
1	2	C4	196
1	2	C4	197
1	2	C4	198
1	2	C4	199
1	2	C4	200
1	2	C4	201
1	2	C4	202
1	2	C4	203
1	2	C4	204
1	2	C4	205
1	2	C4	206
1	2	C4	207
1	2	C4	208
1	2	C4	209
1	2	C4	210
1	2	C4	211
1	2	C4	212
1	2	C4	213
1	2	C4	214
1	2	C4	215
1	2	C4	216
1	2	C4	217
1	2	C4	218
1	2	C4	219
1	2	C4	220
1	2	C4	221
1	2	C4	222
1	2	C4	223
1	2	C4	224
1	2	C4	225
1	2	C4	226
1	2	C4	227
1	2	C4	228
1	2	C4	229
1	2	C4	230
1	2	C4	231
1	2	C4	232
1	2	C4	233
1	2	C4	234
1	2	C4	235
1	2	C4	236
1	2	C4	237
1	2	C4	238
1	2	C4	239
1	2	C4	240
1	2	C4	241
1	2	C4	242
1	2	C4	243
1	2	C4	244
1	2	C4	245
1	2	C4	246
1	2	C4	247
1	2	C4	248
1	2	C4	249
1	2	C4	250
1	2	C4	251
1	2	C4	252
1	2	C4	253
1	2	C4	254
1	2	C4	255
1	2	C4	256
1	2	C4	257
1	2	C4	258
1	2	C4	259
1	2	C4	260
1	2	C4	261
1	2	C4	262
1	2	C4	263
1	2	C4	264
1	2	C4	265
1	2	C4	266
1	2	C4	267
1	2	C4	268
1	2	C4	269
1	2	C4	270
1	2	C4	271
1	2	C4	272
1	2	C4	273
1	2	C4	274
1	2	C4	275
1	2	C4	276
1	2	C4	277
1	2	C4	278
1	2	C4	279
1	2	C4	280
1	2	C4	281
1	2	C4	282
1	2	C4	283
1	2	C4	284
1	2	C4	285
1	2	C4	286
1	2	C4	287
1	2	C4	288
1	2	C4	289
1	2	C4	290
1	2	C4	291
1	2	C4	292
1	2	C4	293
1	2	C4	294
1	2	C4	295
1	2	C4	296
1	2	C4	297
1	2	C4	298
1	2	C4	299
1	2	C4	300
1	2	C4	301
1	2	C4	302
1	2	C4	303
1	2	C4	304
1	2	C4	305
1	2	C4	306
1	2	C4	307
1	2	C4	308
1	2	C4	309
1	2	C4	310
1	2	C4	311
1	2	C4	312
1	2	C4	313
1	2	C4	314
1	2	C4	315
1	2	C4	316
1	2	C4	317
1	2	C4	318
1	2	C4	319
1	2	C4	320
1	2	C4	321
1	2	C4	322
1	2	C4	323
1	2	C4	324
1	2	C4	325
1	2	C4	326
1	2	C4	327
1	2	C4	328
1	2	C4	329
1	2	C4	330
1	2	C4	331
1	2	C4	332
1	2	C4	333
1	2	C4	334
1	2	C4	335
1	2	C4	336
1	2	C4	337
1	2	C4	338
1	2	C4	339
1	2	C4	340
1	2	C4	341
1	2	C4	342
1	2	C4	343
1	2	C4	344
1	2	C4	345
1	2	C4	346
1	2	C4	347
1	2	C4	348
1	3	A1	0
1	3	A1	1
1	3	A1	2
1	3	A1	3
1	3	A1	4
1	3	A1	5
1	3	A1	6
1	3	A1	7
1	3	A1	8
1	3	A1	9
1	3	A1	10
1	3	A1	11
1	3	A1	12
1	3	A1	13
1	3	A1	14
1	3	A1	15
1	3	A1	16
1	3	A1	17
1	3	A1	18
1	3	A1	19
1	3	A1	20
1	3	A1	21
1	3	A1	22
1	3	A1	23
1	3	A1	24
1	3	A1	25
1	3	A1	26
1	3	A1	27
1	3	A1	28
1	3	A1	29
1	3	A1	30
1	3	A1	31
1	3	A1	32
1	3	A1	33
1	3	A1	34
1	3	A1	35
1	3	A1	36
1	3	A1	37
1	3	A1	38
1	3	A1	39
1	3	A1	40
1	3	A1	41
1	3	A1	42
1	3	A1	43
1	3	A1	44
1	3	A1	45
1	3	A1	46
1	3	A1	47
1	3	A1	48
1	3	A1	49
1	3	A1	50
1	3	A1	51
1	3	A1	52
1	3	A1	53
1	3	A1	54
1	3	A1	55
1	3	A1	56
1	3	A1	57
1	3	A1	58
1	3	A1	59
1	3	A1	60
1	3	A1	61
1	3	A1	62
1	3	A1	63
1	3	A1	64
1	3	A1	65
1	3	A1	66
1	3	A1	67
1	3	A1	68
1	3	A1	69
1	3	A1	70
1	3	A1	71
1	3	A1	72
1	3	A1	73
1	3	A1	74
1	3	A1	75
1	3	A1	76
1	3	A1	77
1	3	A1	78
1	3	A1	79
1	3	A1	80
1	3	A1	81
1	3	A1	82
1	3	A1	83
1	3	A1	84
1	3	A1	85
1	3	A1	86
1	3	A1	87
1	3	A1	88
1	3	A1	89
1	3	A1	90
1	3	A1	91
1	3	A1	92
1	3	A1	93
1	3	A1	94
1	3	A1	95
1	3	A1	96
1	3	A1	97
1	3	A1	98
1	3	A1	99
1	3	A1	100
1	3	A1	101
1	3	A1	102
1	3	A1	103
1	3	A1	104
1	3	A1	105
1	3	A1	106
1	3	A1	107
1	3	A1	108
1	3	A1	109
1	3	A1	110
1	3	A1	111
1	3	A1	112
1	3	A1	113
1	3	A1	114
1	3	A1	115
1	3	A1	116
1	3	A1	117
1	3	A1	118
1	3	A1	119
1	3	A1	120
1	3	A1	121
1	3	A1	122
1	3	A1	123
1	3	A1	124
1	3	A1	125
1	3	A1	126
1	3	A1	127
1	3	A1	128
1	3	A1	129
1	3	A1	130
1	3	A1	131
1	3	A1	132
1	3	A1	133
1	3	A1	134
1	3	A1	135
1	3	A1	136
1	3	A1	137
1	3	A1	138
1	3	A1	139
1	3	A1	140
1	3	A1	141
1	3	A1	142
1	3	A1	143
1	3	A1	144
1	3	A1	145
1	3	A1	146
1	3	A1	147
1	3	A1	148
1	3	A1	149
1	3	A1	150
1	3	A1	151
1	3	A1	152
1	3	A1	153
1	3	A1	154
1	3	A1	155
1	3	A1	156
1	3	A1	157
1	3	A1	158
1	3	A1	159
1	3	A1	160
1	3	A1	161
1	3	A1	162
1	3	A1	163
1	3	A1	164
1	3	A1	165
1	3	A1	166
1	3	A1	167
1	3	A1	168
1	3	A1	169
1	3	A1	170
1	3	A1	171
1	3	A1	172
1	3	A1	173
1	3	A1	174
1	3	A1	175
1	3	A1	176
1	3	A1	177
1	3	A1	178
1	3	A1	179
1	3	A1	180
1	3	A1	181
1	3	A1	182
1	3	A1	183
1	3	A1	184
1	3	A1	185
1	3	A1	186
1	3	A1	187
1	3	A1	188
1	3	A1	189
1	3	A1	190
1	3	A1	191
1	3	A1	192
1	3	A1	193
1	3	A1	194
1	3	A1	195
1	3	A1	196
1	3	A1	197
1	3	A1	198
1	3	A1	199
1	3	A1	200
1	3	A1	201
1	3	A1	202
1	3	A1	203
1	3	A1	204
1	3	A1	205
1	3	A1	206
1	3	A1	207
1	3	A1	208
1	3	A1	209
1	3	A1	210
1	3	A1	211
1	3	A1	212
1	3	A1	213
1	3	A1	214
1	3	A1	215
1	3	A1	216
1	3	A1	217
1	3	A1	218
1	3	A1	219
1	3	A1	220
1	3	A1	221
1	3	A1	222
1	3	A1	223
1	3	A1	224
1	3	A1	225
1	3	A1	226
1	3	A1	227
1	3	A1	228
1	3	A1	229
1	3	A1	230
1	3	A1	231
1	3	A1	232
1	3	A1	233
1	3	A1	234
1	3	A1	235
1	3	A1	236
1	3	A1	237
1	3	A1	238
1	3	A1	239
1	3	A1	240
1	3	A1	241
1	3	A1	242
1	3	A1	243
1	3	A1	244
1	3	A1	245
1	3	A1	246
1	3	A1	247
1	3	A1	248
1	3	A1	249
1	3	A1	250
1	3	A1	251
1	3	A1	252
1	3	A1	253
1	3	A1	254
1	3	A1	255
1	3	A1	256
1	3	A1	257
1	3	A1	258
1	3	A1	259
1	3	A1	260
1	3	A1	261
1	3	A1	262
1	3	A1	263
1	3	A1	264
1	3	A1	265
1	3	A1	266
1	3	A1	267
1	3	A1	268
1	3	A1	269
1	3	A1	270
1	3	A1	271
1	3	A1	272
1	3	A1	273
1	3	A1	274
1	3	A1	275
1	3	A1	276
1	3	A1	277
1	3	A1	278
1	3	A1	279
1	3	A1	280
1	3	A1	281
1	3	A1	282
1	3	A1	283
1	3	A1	284
1	3	A1	285
1	3	A1	286
1	3	A1	287
1	3	A1	288
1	3	A1	289
1	3	A1	290
1	3	A1	291
1	3	A1	292
1	3	A1	293
1	3	A1	294
1	3	A1	295
1	3	A1	296
1	3	A1	297
1	3	A1	298
1	3	A1	299
1	3	A1	300
1	3	A1	301
1	3	A1	302
1	3	A1	303
1	3	A1	304
1	3	A1	305
1	3	A1	306
1	3	A1	307
1	3	A1	308
1	3	A1	309
1	3	A1	310
1	3	A1	311
1	3	A1	312
1	3	A1	313
1	3	A1	314
1	3	A1	315
1	3	A1	316
1	3	A1	317
1	3	A1	318
1	3	A1	319
1	3	A1	320
1	3	A1	321
1	3	A1	322
1	3	A1	323
1	3	A1	324
1	3	A1	325
1	3	A1	326
1	3	A1	327
1	3	A1	328
1	3	A1	329
1	3	A1	330
1	3	A1	331
1	3	A1	332
1	3	A1	333
1	3	A1	334
1	3	A1	335
1	3	A1	336
1	3	A1	337
1	3	A1	338
1	3	A1	339
1	3	A1	340
1	3	A1	341
1	3	A1	342
1	3	A1	343
1	3	A1	344
1	3	A1	345
1	3	A1	346
1	3	A1	347
1	3	A1	348
1	3	A2	0
1	3	A2	1
1	3	A2	2
1	3	A2	3
1	3	A2	4
1	3	A2	5
1	3	A2	6
1	3	A2	7
1	3	A2	8
1	3	A2	9
1	3	A2	10
1	3	A2	11
1	3	A2	12
1	3	A2	13
1	3	A2	14
1	3	A2	15
1	3	A2	16
1	3	A2	17
1	3	A2	18
1	3	A2	19
1	3	A2	20
1	3	A2	21
1	3	A2	22
1	3	A2	23
1	3	A2	24
1	3	A2	25
1	3	A2	26
1	3	A2	27
1	3	A2	28
1	3	A2	29
1	3	A2	30
1	3	A2	31
1	3	A2	32
1	3	A2	33
1	3	A2	34
1	3	A2	35
1	3	A2	36
1	3	A2	37
1	3	A2	38
1	3	A2	39
1	3	A2	40
1	3	A2	41
1	3	A2	42
1	3	A2	43
1	3	A2	44
1	3	A2	45
1	3	A2	46
1	3	A2	47
1	3	A2	48
1	3	A2	49
1	3	A2	50
1	3	A2	51
1	3	A2	52
1	3	A2	53
1	3	A2	54
1	3	A2	55
1	3	A2	56
1	3	A2	57
1	3	A2	58
1	3	A2	59
1	3	A2	60
1	3	A2	61
1	3	A2	62
1	3	A2	63
1	3	A2	64
1	3	A2	65
1	3	A2	66
1	3	A2	67
1	3	A2	68
1	3	A2	69
1	3	A2	70
1	3	A2	71
1	3	A2	72
1	3	A2	73
1	3	A2	74
1	3	A2	75
1	3	A2	76
1	3	A2	77
1	3	A2	78
1	3	A2	79
1	3	A2	80
1	3	A2	81
1	3	A2	82
1	3	A2	83
1	3	A2	84
1	3	A2	85
1	3	A2	86
1	3	A2	87
1	3	A2	88
1	3	A2	89
1	3	A2	90
1	3	A2	91
1	3	A2	92
1	3	A2	93
1	3	A2	94
1	3	A2	95
1	3	A2	96
1	3	A2	97
1	3	A2	98
1	3	A2	99
1	3	A2	100
1	3	A2	101
1	3	A2	102
1	3	A2	103
1	3	A2	104
1	3	A2	105
1	3	A2	106
1	3	A2	107
1	3	A2	108
1	3	A2	109
1	3	A2	110
1	3	A2	111
1	3	A2	112
1	3	A2	113
1	3	A2	114
1	3	A2	115
1	3	A2	116
1	3	A2	117
1	3	A2	118
1	3	A2	119
1	3	A2	120
1	3	A2	121
1	3	A2	122
1	3	A2	123
1	3	A2	124
1	3	A2	125
1	3	A2	126
1	3	A2	127
1	3	A2	128
1	3	A2	129
1	3	A2	130
1	3	A2	131
1	3	A2	132
1	3	A2	133
1	3	A2	134
1	3	A2	135
1	3	A2	136
1	3	A2	137
1	3	A2	138
1	3	A2	139
1	3	A2	140
1	3	A2	141
1	3	A2	142
1	3	A2	143
1	3	A2	144
1	3	A2	145
1	3	A2	146
1	3	A2	147
1	3	A2	148
1	3	A2	149
1	3	A2	150
1	3	A2	151
1	3	A2	152
1	3	A2	153
1	3	A2	154
1	3	A2	155
1	3	A2	156
1	3	A2	157
1	3	A2	158
1	3	A2	159
1	3	A2	160
1	3	A2	161
1	3	A2	162
1	3	A2	163
1	3	A2	164
1	3	A2	165
1	3	A2	166
1	3	A2	167
1	3	A2	168
1	3	A2	169
1	3	A2	170
1	3	A2	171
1	3	A2	172
1	3	A2	173
1	3	A2	174
1	3	A2	175
1	3	A2	176
1	3	A2	177
1	3	A2	178
1	3	A2	179
1	3	A2	180
1	3	A2	181
1	3	A2	182
1	3	A2	183
1	3	A2	184
1	3	A2	185
1	3	A2	186
1	3	A2	187
1	3	A2	188
1	3	A2	189
1	3	A2	190
1	3	A2	191
1	3	A2	192
1	3	A2	193
1	3	A2	194
1	3	A2	195
1	3	A2	196
1	3	A2	197
1	3	A2	198
1	3	A2	199
1	3	A2	200
1	3	A2	201
1	3	A2	202
1	3	A2	203
1	3	A2	204
1	3	A2	205
1	3	A2	206
1	3	A2	207
1	3	A2	208
1	3	A2	209
1	3	A2	210
1	3	A2	211
1	3	A2	212
1	3	A2	213
1	3	A2	214
1	3	A2	215
1	3	A2	216
1	3	A2	217
1	3	A2	218
1	3	A2	219
1	3	A2	220
1	3	A2	221
1	3	A2	222
1	3	A2	223
1	3	A2	224
1	3	A2	225
1	3	A2	226
1	3	A2	227
1	3	A2	228
1	3	A2	229
1	3	A2	230
1	3	A2	231
1	3	A2	232
1	3	A2	233
1	3	A2	234
1	3	A2	235
1	3	A2	236
1	3	A2	237
1	3	A2	238
1	3	A2	239
1	3	A2	240
1	3	A2	241
1	3	A2	242
1	3	A2	243
1	3	A2	244
1	3	A2	245
1	3	A2	246
1	3	A2	247
1	3	A2	248
1	3	A2	249
1	3	A2	250
1	3	A2	251
1	3	A2	252
1	3	A2	253
1	3	A2	254
1	3	A2	255
1	3	A2	256
1	3	A2	257
1	3	A2	258
1	3	A2	259
1	3	A2	260
1	3	A2	261
1	3	A2	262
1	3	A2	263
1	3	A2	264
1	3	A2	265
1	3	A2	266
1	3	A2	267
1	3	A2	268
1	3	A2	269
1	3	A2	270
1	3	A2	271
1	3	A2	272
1	3	A2	273
1	3	A2	274
1	3	A2	275
1	3	A2	276
1	3	A2	277
1	3	A2	278
1	3	A2	279
1	3	A2	280
1	3	A2	281
1	3	A2	282
1	3	A2	283
1	3	A2	284
1	3	A2	285
1	3	A2	286
1	3	A2	287
1	3	A2	288
1	3	A2	289
1	3	A2	290
1	3	A2	291
1	3	A2	292
1	3	A2	293
1	3	A2	294
1	3	A2	295
1	3	A2	296
1	3	A2	297
1	3	A2	298
1	3	A2	299
1	3	A2	300
1	3	A2	301
1	3	A2	302
1	3	A2	303
1	3	A2	304
1	3	A2	305
1	3	A2	306
1	3	A2	307
1	3	A2	308
1	3	A2	309
1	3	A2	310
1	3	A2	311
1	3	A2	312
1	3	A2	313
1	3	A2	314
1	3	A2	315
1	3	A2	316
1	3	A2	317
1	3	A2	318
1	3	A2	319
1	3	A2	320
1	3	A2	321
1	3	A2	322
1	3	A2	323
1	3	A2	324
1	3	A2	325
1	3	A2	326
1	3	A2	327
1	3	A2	328
1	3	A2	329
1	3	A2	330
1	3	A2	331
1	3	A2	332
1	3	A2	333
1	3	A2	334
1	3	A2	335
1	3	A2	336
1	3	A2	337
1	3	A2	338
1	3	A2	339
1	3	A2	340
1	3	A2	341
1	3	A2	342
1	3	A2	343
1	3	A2	344
1	3	A2	345
1	3	A2	346
1	3	A2	347
1	3	A2	348
1	3	C2	0
1	3	C2	1
1	3	C2	2
1	3	C2	3
1	3	C2	4
1	3	C2	5
1	3	C2	6
1	3	C2	7
1	3	C2	8
1	3	C2	9
1	3	C2	10
1	3	C2	11
1	3	C2	12
1	3	C2	13
1	3	C2	14
1	3	C2	15
1	3	C2	16
1	3	C2	17
1	3	C2	18
1	3	C2	19
1	3	C2	20
1	3	C2	21
1	3	C2	22
1	3	C2	23
1	3	C2	24
1	3	C2	25
1	3	C2	26
1	3	C2	27
1	3	C2	28
1	3	C2	29
1	3	C2	30
1	3	C2	31
1	3	C2	32
1	3	C2	33
1	3	C2	34
1	3	C2	35
1	3	C2	36
1	3	C2	37
1	3	C2	38
1	3	C2	39
1	3	C2	40
1	3	C2	41
1	3	C2	42
1	3	C2	43
1	3	C2	44
1	3	C2	45
1	3	C2	46
1	3	C2	47
1	3	C2	48
1	3	C2	49
1	3	C2	50
1	3	C2	51
1	3	C2	52
1	3	C2	53
1	3	C2	54
1	3	C2	55
1	3	C2	56
1	3	C2	57
1	3	C2	58
1	3	C2	59
1	3	C2	60
1	3	C2	61
1	3	C2	62
1	3	C2	63
1	3	C2	64
1	3	C2	65
1	3	C2	66
1	3	C2	67
1	3	C2	68
1	3	C2	69
1	3	C2	70
1	3	C2	71
1	3	C2	72
1	3	C2	73
1	3	C2	74
1	3	C2	75
1	3	C2	76
1	3	C2	77
1	3	C2	78
1	3	C2	79
1	3	C2	80
1	3	C2	81
1	3	C2	82
1	3	C2	83
1	3	C2	84
1	3	C2	85
1	3	C2	86
1	3	C2	87
1	3	C2	88
1	3	C2	89
1	3	C2	90
1	3	C2	91
1	3	C2	92
1	3	C2	93
1	3	C2	94
1	3	C2	95
1	3	C2	96
1	3	C2	97
1	3	C2	98
1	3	C2	99
1	3	C2	100
1	3	C2	101
1	3	C2	102
1	3	C2	103
1	3	C2	104
1	3	C2	105
1	3	C2	106
1	3	C2	107
1	3	C2	108
1	3	C2	109
1	3	C2	110
1	3	C2	111
1	3	C2	112
1	3	C2	113
1	3	C2	114
1	3	C2	115
1	3	C2	116
1	3	C2	117
1	3	C2	118
1	3	C2	119
1	3	C2	120
1	3	C2	121
1	3	C2	122
1	3	C2	123
1	3	C2	124
1	3	C2	125
1	3	C2	126
1	3	C2	127
1	3	C2	128
1	3	C2	129
1	3	C2	130
1	3	C2	131
1	3	C2	132
1	3	C2	133
1	3	C2	134
1	3	C2	135
1	3	C2	136
1	3	C2	137
1	3	C2	138
1	3	C2	139
1	3	C2	140
1	3	C2	141
1	3	C2	142
1	3	C2	143
1	3	C2	144
1	3	C2	145
1	3	C2	146
1	3	C2	147
1	3	C2	148
1	3	C2	149
1	3	C2	150
1	3	C2	151
1	3	C2	152
1	3	C2	153
1	3	C2	154
1	3	C2	155
1	3	C2	156
1	3	C2	157
1	3	C2	158
1	3	C2	159
1	3	C2	160
1	3	C2	161
1	3	C2	162
1	3	C2	163
1	3	C2	164
1	3	C2	165
1	3	C2	166
1	3	C2	167
1	3	C2	168
1	3	C2	169
1	3	C2	170
1	3	C2	171
1	3	C2	172
1	3	C2	173
1	3	C2	174
1	3	C2	175
1	3	C2	176
1	3	C2	177
1	3	C2	178
1	3	C2	179
1	3	C2	180
1	3	C2	181
1	3	C2	182
1	3	C2	183
1	3	C2	184
1	3	C2	185
1	3	C2	186
1	3	C2	187
1	3	C2	188
1	3	C2	189
1	3	C2	190
1	3	C2	191
1	3	C2	192
1	3	C2	193
1	3	C2	194
1	3	C2	195
1	3	C2	196
1	3	C2	197
1	3	C2	198
1	3	C2	199
1	3	C2	200
1	3	C2	201
1	3	C2	202
1	3	C2	203
1	3	C2	204
1	3	C2	205
1	3	C2	206
1	3	C2	207
1	3	C2	208
1	3	C2	209
1	3	C2	210
1	3	C2	211
1	3	C2	212
1	3	C2	213
1	3	C2	214
1	3	C2	215
1	3	C2	216
1	3	C2	217
1	3	C2	218
1	3	C2	219
1	3	C2	220
1	3	C2	221
1	3	C2	222
1	3	C2	223
1	3	C2	224
1	3	C2	225
1	3	C2	226
1	3	C2	227
1	3	C2	228
1	3	C2	229
1	3	C2	230
1	3	C2	231
1	3	C2	232
1	3	C2	233
1	3	C2	234
1	3	C2	235
1	3	C2	236
1	3	C2	237
1	3	C2	238
1	3	C2	239
1	3	C2	240
1	3	C2	241
1	3	C2	242
1	3	C2	243
1	3	C2	244
1	3	C2	245
1	3	C2	246
1	3	C2	247
1	3	C2	248
1	3	C2	249
1	3	C2	250
1	3	C2	251
1	3	C2	252
1	3	C2	253
1	3	C2	254
1	3	C2	255
1	3	C2	256
1	3	C2	257
1	3	C2	258
1	3	C2	259
1	3	C2	260
1	3	C2	261
1	3	C2	262
1	3	C2	263
1	3	C2	264
1	3	C2	265
1	3	C2	266
1	3	C2	267
1	3	C2	268
1	3	C2	269
1	3	C2	270
1	3	C2	271
1	3	C2	272
1	3	C2	273
1	3	C2	274
1	3	C2	275
1	3	C2	276
1	3	C2	277
1	3	C2	278
1	3	C2	279
1	3	C2	280
1	3	C2	281
1	3	C2	282
1	3	C2	283
1	3	C2	284
1	3	C2	285
1	3	C2	286
1	3	C2	287
1	3	C2	288
1	3	C2	289
1	3	C2	290
1	3	C2	291
1	3	C2	292
1	3	C2	293
1	3	C2	294
1	3	C2	295
1	3	C2	296
1	3	C2	297
1	3	C2	298
1	3	C2	299
1	3	C2	300
1	3	C2	301
1	3	C2	302
1	3	C2	303
1	3	C2	304
1	3	C2	305
1	3	C2	306
1	3	C2	307
1	3	C2	308
1	3	C2	309
1	3	C2	310
1	3	C2	311
1	3	C2	312
1	3	C2	313
1	3	C2	314
1	3	C2	315
1	3	C2	316
1	3	C2	317
1	3	C2	318
1	3	C2	319
1	3	C2	320
1	3	C2	321
1	3	C2	322
1	3	C2	323
1	3	C2	324
1	3	C2	325
1	3	C2	326
1	3	C2	327
1	3	C2	328
1	3	C2	329
1	3	C2	330
1	3	C2	331
1	3	C2	332
1	3	C2	333
1	3	C2	334
1	3	C2	335
1	3	C2	336
1	3	C2	337
1	3	C2	338
1	3	C2	339
1	3	C2	340
1	3	C2	341
1	3	C2	342
1	3	C2	343
1	3	C2	344
1	3	C2	345
1	3	C2	346
1	3	C2	347
1	3	C2	348
1	3	C3	0
1	3	C3	1
1	3	C3	2
1	3	C3	3
1	3	C3	4
1	3	C3	5
1	3	C3	6
1	3	C3	7
1	3	C3	8
1	3	C3	9
1	3	C3	10
1	3	C3	11
1	3	C3	12
1	3	C3	13
1	3	C3	14
1	3	C3	15
1	3	C3	16
1	3	C3	17
1	3	C3	18
1	3	C3	19
1	3	C3	20
1	3	C3	21
1	3	C3	22
1	3	C3	23
1	3	C3	24
1	3	C3	25
1	3	C3	26
1	3	C3	27
1	3	C3	28
1	3	C3	29
1	3	C3	30
1	3	C3	31
1	3	C3	32
1	3	C3	33
1	3	C3	34
1	3	C3	35
1	3	C3	36
1	3	C3	37
1	3	C3	38
1	3	C3	39
1	3	C3	40
1	3	C3	41
1	3	C3	42
1	3	C3	43
1	3	C3	44
1	3	C3	45
1	3	C3	46
1	3	C3	47
1	3	C3	48
1	3	C3	49
1	3	C3	50
1	3	C3	51
1	3	C3	52
1	3	C3	53
1	3	C3	54
1	3	C3	55
1	3	C3	56
1	3	C3	57
1	3	C3	58
1	3	C3	59
1	3	C3	60
1	3	C3	61
1	3	C3	62
1	3	C3	63
1	3	C3	64
1	3	C3	65
1	3	C3	66
1	3	C3	67
1	3	C3	68
1	3	C3	69
1	3	C3	70
1	3	C3	71
1	3	C3	72
1	3	C3	73
1	3	C3	74
1	3	C3	75
1	3	C3	76
1	3	C3	77
1	3	C3	78
1	3	C3	79
1	3	C3	80
1	3	C3	81
1	3	C3	82
1	3	C3	83
1	3	C3	84
1	3	C3	85
1	3	C3	86
1	3	C3	87
1	3	C3	88
1	3	C3	89
1	3	C3	90
1	3	C3	91
1	3	C3	92
1	3	C3	93
1	3	C3	94
1	3	C3	95
1	3	C3	96
1	3	C3	97
1	3	C3	98
1	3	C3	99
1	3	C3	100
1	3	C3	101
1	3	C3	102
1	3	C3	103
1	3	C3	104
1	3	C3	105
1	3	C3	106
1	3	C3	107
1	3	C3	108
1	3	C3	109
1	3	C3	110
1	3	C3	111
1	3	C3	112
1	3	C3	113
1	3	C3	114
1	3	C3	115
1	3	C3	116
1	3	C3	117
1	3	C3	118
1	3	C3	119
1	3	C3	120
1	3	C3	121
1	3	C3	122
1	3	C3	123
1	3	C3	124
1	3	C3	125
1	3	C3	126
1	3	C3	127
1	3	C3	128
1	3	C3	129
1	3	C3	130
1	3	C3	131
1	3	C3	132
1	3	C3	133
1	3	C3	134
1	3	C3	135
1	3	C3	136
1	3	C3	137
1	3	C3	138
1	3	C3	139
1	3	C3	140
1	3	C3	141
1	3	C3	142
1	3	C3	143
1	3	C3	144
1	3	C3	145
1	3	C3	146
1	3	C3	147
1	3	C3	148
1	3	C3	149
1	3	C3	150
1	3	C3	151
1	3	C3	152
1	3	C3	153
1	3	C3	154
1	3	C3	155
1	3	C3	156
1	3	C3	157
1	3	C3	158
1	3	C3	159
1	3	C3	160
1	3	C3	161
1	3	C3	162
1	3	C3	163
1	3	C3	164
1	3	C3	165
1	3	C3	166
1	3	C3	167
1	3	C3	168
1	3	C3	169
1	3	C3	170
1	3	C3	171
1	3	C3	172
1	3	C3	173
1	3	C3	174
1	3	C3	175
1	3	C3	176
1	3	C3	177
1	3	C3	178
1	3	C3	179
1	3	C3	180
1	3	C3	181
1	3	C3	182
1	3	C3	183
1	3	C3	184
1	3	C3	185
1	3	C3	186
1	3	C3	187
1	3	C3	188
1	3	C3	189
1	3	C3	190
1	3	C3	191
1	3	C3	192
1	3	C3	193
1	3	C3	194
1	3	C3	195
1	3	C3	196
1	3	C3	197
1	3	C3	198
1	3	C3	199
1	3	C3	200
1	3	C3	201
1	3	C3	202
1	3	C3	203
1	3	C3	204
1	3	C3	205
1	3	C3	206
1	3	C3	207
1	3	C3	208
1	3	C3	209
1	3	C3	210
1	3	C3	211
1	3	C3	212
1	3	C3	213
1	3	C3	214
1	3	C3	215
1	3	C3	216
1	3	C3	217
1	3	C3	218
1	3	C3	219
1	3	C3	220
1	3	C3	221
1	3	C3	222
1	3	C3	223
1	3	C3	224
1	3	C3	225
1	3	C3	226
1	3	C3	227
1	3	C3	228
1	3	C3	229
1	3	C3	230
1	3	C3	231
1	3	C3	232
1	3	C3	233
1	3	C3	234
1	3	C3	235
1	3	C3	236
1	3	C3	237
1	3	C3	238
1	3	C3	239
1	3	C3	240
1	3	C3	241
1	3	C3	242
1	3	C3	243
1	3	C3	244
1	3	C3	245
1	3	C3	246
1	3	C3	247
1	3	C3	248
1	3	C3	249
1	3	C3	250
1	3	C3	251
1	3	C3	252
1	3	C3	253
1	3	C3	254
1	3	C3	255
1	3	C3	256
1	3	C3	257
1	3	C3	258
1	3	C3	259
1	3	C3	260
1	3	C3	261
1	3	C3	262
1	3	C3	263
1	3	C3	264
1	3	C3	265
1	3	C3	266
1	3	C3	267
1	3	C3	268
1	3	C3	269
1	3	C3	270
1	3	C3	271
1	3	C3	272
1	3	C3	273
1	3	C3	274
1	3	C3	275
1	3	C3	276
1	3	C3	277
1	3	C3	278
1	3	C3	279
1	3	C3	280
1	3	C3	281
1	3	C3	282
1	3	C3	283
1	3	C3	284
1	3	C3	285
1	3	C3	286
1	3	C3	287
1	3	C3	288
1	3	C3	289
1	3	C3	290
1	3	C3	291
1	3	C3	292
1	3	C3	293
1	3	C3	294
1	3	C3	295
1	3	C3	296
1	3	C3	297
1	3	C3	298
1	3	C3	299
1	3	C3	300
1	3	C3	301
1	3	C3	302
1	3	C3	303
1	3	C3	304
1	3	C3	305
1	3	C3	306
1	3	C3	307
1	3	C3	308
1	3	C3	309
1	3	C3	310
1	3	C3	311
1	3	C3	312
1	3	C3	313
1	3	C3	314
1	3	C3	315
1	3	C3	316
1	3	C3	317
1	3	C3	318
1	3	C3	319
1	3	C3	320
1	3	C3	321
1	3	C3	322
1	3	C3	323
1	3	C3	324
1	3	C3	325
1	3	C3	326
1	3	C3	327
1	3	C3	328
1	3	C3	329
1	3	C3	330
1	3	C3	331
1	3	C3	332
1	3	C3	333
1	3	C3	334
1	3	C3	335
1	3	C3	336
1	3	C3	337
1	3	C3	338
1	3	C3	339
1	3	C3	340
1	3	C3	341
1	3	C3	342
1	3	C3	343
1	3	C3	344
1	3	C3	345
1	3	C3	346
1	3	C3	347
1	3	C3	348
1	3	C4	0
1	3	C4	1
1	3	C4	2
1	3	C4	3
1	3	C4	4
1	3	C4	5
1	3	C4	6
1	3	C4	7
1	3	C4	8
1	3	C4	9
1	3	C4	10
1	3	C4	11
1	3	C4	12
1	3	C4	13
1	3	C4	14
1	3	C4	15
1	3	C4	16
1	3	C4	17
1	3	C4	18
1	3	C4	19
1	3	C4	20
1	3	C4	21
1	3	C4	22
1	3	C4	23
1	3	C4	24
1	3	C4	25
1	3	C4	26
1	3	C4	27
1	3	C4	28
1	3	C4	29
1	3	C4	30
1	3	C4	31
1	3	C4	32
1	3	C4	33
1	3	C4	34
1	3	C4	35
1	3	C4	36
1	3	C4	37
1	3	C4	38
1	3	C4	39
1	3	C4	40
1	3	C4	41
1	3	C4	42
1	3	C4	43
1	3	C4	44
1	3	C4	45
1	3	C4	46
1	3	C4	47
1	3	C4	48
1	3	C4	49
1	3	C4	50
1	3	C4	51
1	3	C4	52
1	3	C4	53
1	3	C4	54
1	3	C4	55
1	3	C4	56
1	3	C4	57
1	3	C4	58
1	3	C4	59
1	3	C4	60
1	3	C4	61
1	3	C4	62
1	3	C4	63
1	3	C4	64
1	3	C4	65
1	3	C4	66
1	3	C4	67
1	3	C4	68
1	3	C4	69
1	3	C4	70
1	3	C4	71
1	3	C4	72
1	3	C4	73
1	3	C4	74
1	3	C4	75
1	3	C4	76
1	3	C4	77
1	3	C4	78
1	3	C4	79
1	3	C4	80
1	3	C4	81
1	3	C4	82
1	3	C4	83
1	3	C4	84
1	3	C4	85
1	3	C4	86
1	3	C4	87
1	3	C4	88
1	3	C4	89
1	3	C4	90
1	3	C4	91
1	3	C4	92
1	3	C4	93
1	3	C4	94
1	3	C4	95
1	3	C4	96
1	3	C4	97
1	3	C4	98
1	3	C4	99
1	3	C4	100
1	3	C4	101
1	3	C4	102
1	3	C4	103
1	3	C4	104
1	3	C4	105
1	3	C4	106
1	3	C4	107
1	3	C4	108
1	3	C4	109
1	3	C4	110
1	3	C4	111
1	3	C4	112
1	3	C4	113
1	3	C4	114
1	3	C4	115
1	3	C4	116
1	3	C4	117
1	3	C4	118
1	3	C4	119
1	3	C4	120
1	3	C4	121
1	3	C4	122
1	3	C4	123
1	3	C4	124
1	3	C4	125
1	3	C4	126
1	3	C4	127
1	3	C4	128
1	3	C4	129
1	3	C4	130
1	3	C4	131
1	3	C4	132
1	3	C4	133
1	3	C4	134
1	3	C4	135
1	3	C4	136
1	3	C4	137
1	3	C4	138
1	3	C4	139
1	3	C4	140
1	3	C4	141
1	3	C4	142
1	3	C4	143
1	3	C4	144
1	3	C4	145
1	3	C4	146
1	3	C4	147
1	3	C4	148
1	3	C4	149
1	3	C4	150
1	3	C4	151
1	3	C4	152
1	3	C4	153
1	3	C4	154
1	3	C4	155
1	3	C4	156
1	3	C4	157
1	3	C4	158
1	3	C4	159
1	3	C4	160
1	3	C4	161
1	3	C4	162
1	3	C4	163
1	3	C4	164
1	3	C4	165
1	3	C4	166
1	3	C4	167
1	3	C4	168
1	3	C4	169
1	3	C4	170
1	3	C4	171
1	3	C4	172
1	3	C4	173
1	3	C4	174
1	3	C4	175
1	3	C4	176
1	3	C4	177
1	3	C4	178
1	3	C4	179
1	3	C4	180
1	3	C4	181
1	3	C4	182
1	3	C4	183
1	3	C4	184
1	3	C4	185
1	3	C4	186
1	3	C4	187
1	3	C4	188
1	3	C4	189
1	3	C4	190
1	3	C4	191
1	3	C4	192
1	3	C4	193
1	3	C4	194
1	3	C4	195
1	3	C4	196
1	3	C4	197
1	3	C4	198
1	3	C4	199
1	3	C4	200
1	3	C4	201
1	3	C4	202
1	3	C4	203
1	3	C4	204
1	3	C4	205
1	3	C4	206
1	3	C4	207
1	3	C4	208
1	3	C4	209
1	3	C4	210
1	3	C4	211
1	3	C4	212
1	3	C4	213
1	3	C4	214
1	3	C4	215
1	3	C4	216
1	3	C4	217
1	3	C4	218
1	3	C4	219
1	3	C4	220
1	3	C4	221
1	3	C4	222
1	3	C4	223
1	3	C4	224
1	3	C4	225
1	3	C4	226
1	3	C4	227
1	3	C4	228
1	3	C4	229
1	3	C4	230
1	3	C4	231
1	3	C4	232
1	3	C4	233
1	3	C4	234
1	3	C4	235
1	3	C4	236
1	3	C4	237
1	3	C4	238
1	3	C4	239
1	3	C4	240
1	3	C4	241
1	3	C4	242
1	3	C4	243
1	3	C4	244
1	3	C4	245
1	3	C4	246
1	3	C4	247
1	3	C4	248
1	3	C4	249
1	3	C4	250
1	3	C4	251
1	3	C4	252
1	3	C4	253
1	3	C4	254
1	3	C4	255
1	3	C4	256
1	3	C4	257
1	3	C4	258
1	3	C4	259
1	3	C4	260
1	3	C4	261
1	3	C4	262
1	3	C4	263
1	3	C4	264
1	3	C4	265
1	3	C4	266
1	3	C4	267
1	3	C4	268
1	3	C4	269
1	3	C4	270
1	3	C4	271
1	3	C4	272
1	3	C4	273
1	3	C4	274
1	3	C4	275
1	3	C4	276
1	3	C4	277
1	3	C4	278
1	3	C4	279
1	3	C4	280
1	3	C4	281
1	3	C4	282
1	3	C4	283
1	3	C4	284
1	3	C4	285
1	3	C4	286
1	3	C4	287
1	3	C4	288
1	3	C4	289
1	3	C4	290
1	3	C4	291
1	3	C4	292
1	3	C4	293
1	3	C4	294
1	3	C4	295
1	3	C4	296
1	3	C4	297
1	3	C4	298
1	3	C4	299
1	3	C4	300
1	3	C4	301
1	3	C4	302
1	3	C4	303
1	3	C4	304
1	3	C4	305
1	3	C4	306
1	3	C4	307
1	3	C4	308
1	3	C4	309
1	3	C4	310
1	3	C4	311
1	3	C4	312
1	3	C4	313
1	3	C4	314
1	3	C4	315
1	3	C4	316
1	3	C4	317
1	3	C4	318
1	3	C4	319
1	3	C4	320
1	3	C4	321
1	3	C4	322
1	3	C4	323
1	3	C4	324
1	3	C4	325
1	3	C4	326
1	3	C4	327
1	3	C4	328
1	3	C4	329
1	3	C4	330
1	3	C4	331
1	3	C4	332
1	3	C4	333
1	3	C4	334
1	3	C4	335
1	3	C4	336
1	3	C4	337
1	3	C4	338
1	3	C4	339
1	3	C4	340
1	3	C4	341
1	3	C4	342
1	3	C4	343
1	3	C4	344
1	3	C4	345
1	3	C4	346
1	3	C4	347
1	3	C4	348
1	4	A1	0
1	4	A1	1
1	4	A1	2
1	4	A1	3
1	4	A1	4
1	4	A1	5
1	4	A1	6
1	4	A1	7
1	4	A1	8
1	4	A1	9
1	4	A1	10
1	4	A1	11
1	4	A1	12
1	4	A1	13
1	4	A1	14
1	4	A1	15
1	4	A1	16
1	4	A1	17
1	4	A1	18
1	4	A1	19
1	4	A1	20
1	4	A1	21
1	4	A1	22
1	4	A1	23
1	4	A1	24
1	4	A1	25
1	4	A1	26
1	4	A1	27
1	4	A1	28
1	4	A1	29
1	4	A1	30
1	4	A1	31
1	4	A1	32
1	4	A1	33
1	4	A1	34
1	4	A1	35
1	4	A1	36
1	4	A1	37
1	4	A1	38
1	4	A1	39
1	4	A1	40
1	4	A1	41
1	4	A1	42
1	4	A1	43
1	4	A1	44
1	4	A1	45
1	4	A1	46
1	4	A1	47
1	4	A1	48
1	4	A1	49
1	4	A1	50
1	4	A1	51
1	4	A1	52
1	4	A1	53
1	4	A1	54
1	4	A1	55
1	4	A1	56
1	4	A1	57
1	4	A1	58
1	4	A1	59
1	4	A1	60
1	4	A1	61
1	4	A1	62
1	4	A1	63
1	4	A1	64
1	4	A1	65
1	4	A1	66
1	4	A1	67
1	4	A1	68
1	4	A1	69
1	4	A1	70
1	4	A1	71
1	4	A1	72
1	4	A1	73
1	4	A1	74
1	4	A1	75
1	4	A1	76
1	4	A1	77
1	4	A1	78
1	4	A1	79
1	4	A1	80
1	4	A1	81
1	4	A1	82
1	4	A1	83
1	4	A1	84
1	4	A1	85
1	4	A1	86
1	4	A1	87
1	4	A1	88
1	4	A1	89
1	4	A1	90
1	4	A1	91
1	4	A1	92
1	4	A1	93
1	4	A1	94
1	4	A1	95
1	4	A1	96
1	4	A1	97
1	4	A1	98
1	4	A1	99
1	4	A1	100
1	4	A1	101
1	4	A1	102
1	4	A1	103
1	4	A1	104
1	4	A1	105
1	4	A1	106
1	4	A1	107
1	4	A1	108
1	4	A1	109
1	4	A1	110
1	4	A1	111
1	4	A1	112
1	4	A1	113
1	4	A1	114
1	4	A1	115
1	4	A1	116
1	4	A1	117
1	4	A1	118
1	4	A1	119
1	4	A1	120
1	4	A1	121
1	4	A1	122
1	4	A1	123
1	4	A1	124
1	4	A1	125
1	4	A1	126
1	4	A1	127
1	4	A1	128
1	4	A1	129
1	4	A1	130
1	4	A1	131
1	4	A1	132
1	4	A1	133
1	4	A1	134
1	4	A1	135
1	4	A1	136
1	4	A1	137
1	4	A1	138
1	4	A1	139
1	4	A1	140
1	4	A1	141
1	4	A1	142
1	4	A1	143
1	4	A1	144
1	4	A1	145
1	4	A1	146
1	4	A1	147
1	4	A1	148
1	4	A1	149
1	4	A1	150
1	4	A1	151
1	4	A1	152
1	4	A1	153
1	4	A1	154
1	4	A1	155
1	4	A1	156
1	4	A1	157
1	4	A1	158
1	4	A1	159
1	4	A1	160
1	4	A1	161
1	4	A1	162
1	4	A1	163
1	4	A1	164
1	4	A1	165
1	4	A1	166
1	4	A1	167
1	4	A1	168
1	4	A1	169
1	4	A1	170
1	4	A1	171
1	4	A1	172
1	4	A1	173
1	4	A1	174
1	4	A1	175
1	4	A1	176
1	4	A1	177
1	4	A1	178
1	4	A1	179
1	4	A1	180
1	4	A1	181
1	4	A1	182
1	4	A1	183
1	4	A1	184
1	4	A1	185
1	4	A1	186
1	4	A1	187
1	4	A1	188
1	4	A1	189
1	4	A1	190
1	4	A1	191
1	4	A1	192
1	4	A1	193
1	4	A1	194
1	4	A1	195
1	4	A1	196
1	4	A1	197
1	4	A1	198
1	4	A1	199
1	4	A1	200
1	4	A1	201
1	4	A1	202
1	4	A1	203
1	4	A1	204
1	4	A1	205
1	4	A1	206
1	4	A1	207
1	4	A1	208
1	4	A1	209
1	4	A1	210
1	4	A1	211
1	4	A1	212
1	4	A1	213
1	4	A1	214
1	4	A1	215
1	4	A1	216
1	4	A1	217
1	4	A1	218
1	4	A1	219
1	4	A1	220
1	4	A1	221
1	4	A1	222
1	4	A1	223
1	4	A1	224
1	4	A1	225
1	4	A1	226
1	4	A1	227
1	4	A1	228
1	4	A1	229
1	4	A1	230
1	4	A1	231
1	4	A1	232
1	4	A1	233
1	4	A1	234
1	4	A1	235
1	4	A1	236
1	4	A1	237
1	4	A1	238
1	4	A1	239
1	4	A1	240
1	4	A1	241
1	4	A1	242
1	4	A1	243
1	4	A1	244
1	4	A1	245
1	4	A1	246
1	4	A1	247
1	4	A1	248
1	4	A1	249
1	4	A1	250
1	4	A1	251
1	4	A1	252
1	4	A1	253
1	4	A1	254
1	4	A1	255
1	4	A1	256
1	4	A1	257
1	4	A1	258
1	4	A1	259
1	4	A1	260
1	4	A1	261
1	4	A1	262
1	4	A1	263
1	4	A1	264
1	4	A1	265
1	4	A1	266
1	4	A1	267
1	4	A1	268
1	4	A1	269
1	4	A1	270
1	4	A1	271
1	4	A1	272
1	4	A1	273
1	4	A1	274
1	4	A1	275
1	4	A1	276
1	4	A1	277
1	4	A1	278
1	4	A1	279
1	4	A1	280
1	4	A1	281
1	4	A1	282
1	4	A1	283
1	4	A1	284
1	4	A1	285
1	4	A1	286
1	4	A1	287
1	4	A1	288
1	4	A1	289
1	4	A1	290
1	4	A1	291
1	4	A1	292
1	4	A1	293
1	4	A1	294
1	4	A1	295
1	4	A1	296
1	4	A1	297
1	4	A1	298
1	4	A1	299
1	4	A1	300
1	4	A1	301
1	4	A1	302
1	4	A1	303
1	4	A1	304
1	4	A1	305
1	4	A1	306
1	4	A1	307
1	4	A1	308
1	4	A1	309
1	4	A1	310
1	4	A1	311
1	4	A1	312
1	4	A1	313
1	4	A1	314
1	4	A1	315
1	4	A1	316
1	4	A1	317
1	4	A1	318
1	4	A1	319
1	4	A1	320
1	4	A1	321
1	4	A1	322
1	4	A1	323
1	4	A1	324
1	4	A1	325
1	4	A1	326
1	4	A1	327
1	4	A1	328
1	4	A1	329
1	4	A1	330
1	4	A1	331
1	4	A1	332
1	4	A1	333
1	4	A1	334
1	4	A1	335
1	4	A1	336
1	4	A1	337
1	4	A1	338
1	4	A1	339
1	4	A1	340
1	4	A1	341
1	4	A1	342
1	4	A1	343
1	4	A1	344
1	4	A1	345
1	4	A1	346
1	4	A1	347
1	4	A1	348
1	4	A2	0
1	4	A2	1
1	4	A2	2
1	4	A2	3
1	4	A2	4
1	4	A2	5
1	4	A2	6
1	4	A2	7
1	4	A2	8
1	4	A2	9
1	4	A2	10
1	4	A2	11
1	4	A2	12
1	4	A2	13
1	4	A2	14
1	4	A2	15
1	4	A2	16
1	4	A2	17
1	4	A2	18
1	4	A2	19
1	4	A2	20
1	4	A2	21
1	4	A2	22
1	4	A2	23
1	4	A2	24
1	4	A2	25
1	4	A2	26
1	4	A2	27
1	4	A2	28
1	4	A2	29
1	4	A2	30
1	4	A2	31
1	4	A2	32
1	4	A2	33
1	4	A2	34
1	4	A2	35
1	4	A2	36
1	4	A2	37
1	4	A2	38
1	4	A2	39
1	4	A2	40
1	4	A2	41
1	4	A2	42
1	4	A2	43
1	4	A2	44
1	4	A2	45
1	4	A2	46
1	4	A2	47
1	4	A2	48
1	4	A2	49
1	4	A2	50
1	4	A2	51
1	4	A2	52
1	4	A2	53
1	4	A2	54
1	4	A2	55
1	4	A2	56
1	4	A2	57
1	4	A2	58
1	4	A2	59
1	4	A2	60
1	4	A2	61
1	4	A2	62
1	4	A2	63
1	4	A2	64
1	4	A2	65
1	4	A2	66
1	4	A2	67
1	4	A2	68
1	4	A2	69
1	4	A2	70
1	4	A2	71
1	4	A2	72
1	4	A2	73
1	4	A2	74
1	4	A2	75
1	4	A2	76
1	4	A2	77
1	4	A2	78
1	4	A2	79
1	4	A2	80
1	4	A2	81
1	4	A2	82
1	4	A2	83
1	4	A2	84
1	4	A2	85
1	4	A2	86
1	4	A2	87
1	4	A2	88
1	4	A2	89
1	4	A2	90
1	4	A2	91
1	4	A2	92
1	4	A2	93
1	4	A2	94
1	4	A2	95
1	4	A2	96
1	4	A2	97
1	4	A2	98
1	4	A2	99
1	4	A2	100
1	4	A2	101
1	4	A2	102
1	4	A2	103
1	4	A2	104
1	4	A2	105
1	4	A2	106
1	4	A2	107
1	4	A2	108
1	4	A2	109
1	4	A2	110
1	4	A2	111
1	4	A2	112
1	4	A2	113
1	4	A2	114
1	4	A2	115
1	4	A2	116
1	4	A2	117
1	4	A2	118
1	4	A2	119
1	4	A2	120
1	4	A2	121
1	4	A2	122
1	4	A2	123
1	4	A2	124
1	4	A2	125
1	4	A2	126
1	4	A2	127
1	4	A2	128
1	4	A2	129
1	4	A2	130
1	4	A2	131
1	4	A2	132
1	4	A2	133
1	4	A2	134
1	4	A2	135
1	4	A2	136
1	4	A2	137
1	4	A2	138
1	4	A2	139
1	4	A2	140
1	4	A2	141
1	4	A2	142
1	4	A2	143
1	4	A2	144
1	4	A2	145
1	4	A2	146
1	4	A2	147
1	4	A2	148
1	4	A2	149
1	4	A2	150
1	4	A2	151
1	4	A2	152
1	4	A2	153
1	4	A2	154
1	4	A2	155
1	4	A2	156
1	4	A2	157
1	4	A2	158
1	4	A2	159
1	4	A2	160
1	4	A2	161
1	4	A2	162
1	4	A2	163
1	4	A2	164
1	4	A2	165
1	4	A2	166
1	4	A2	167
1	4	A2	168
1	4	A2	169
1	4	A2	170
1	4	A2	171
1	4	A2	172
1	4	A2	173
1	4	A2	174
1	4	A2	175
1	4	A2	176
1	4	A2	177
1	4	A2	178
1	4	A2	179
1	4	A2	180
1	4	A2	181
1	4	A2	182
1	4	A2	183
1	4	A2	184
1	4	A2	185
1	4	A2	186
1	4	A2	187
1	4	A2	188
1	4	A2	189
1	4	A2	190
1	4	A2	191
1	4	A2	192
1	4	A2	193
1	4	A2	194
1	4	A2	195
1	4	A2	196
1	4	A2	197
1	4	A2	198
1	4	A2	199
1	4	A2	200
1	4	A2	201
1	4	A2	202
1	4	A2	203
1	4	A2	204
1	4	A2	205
1	4	A2	206
1	4	A2	207
1	4	A2	208
1	4	A2	209
1	4	A2	210
1	4	A2	211
1	4	A2	212
1	4	A2	213
1	4	A2	214
1	4	A2	215
1	4	A2	216
1	4	A2	217
1	4	A2	218
1	4	A2	219
1	4	A2	220
1	4	A2	221
1	4	A2	222
1	4	A2	223
1	4	A2	224
1	4	A2	225
1	4	A2	226
1	4	A2	227
1	4	A2	228
1	4	A2	229
1	4	A2	230
1	4	A2	231
1	4	A2	232
1	4	A2	233
1	4	A2	234
1	4	A2	235
1	4	A2	236
1	4	A2	237
1	4	A2	238
1	4	A2	239
1	4	A2	240
1	4	A2	241
1	4	A2	242
1	4	A2	243
1	4	A2	244
1	4	A2	245
1	4	A2	246
1	4	A2	247
1	4	A2	248
1	4	A2	249
1	4	A2	250
1	4	A2	251
1	4	A2	252
1	4	A2	253
1	4	A2	254
1	4	A2	255
1	4	A2	256
1	4	A2	257
1	4	A2	258
1	4	A2	259
1	4	A2	260
1	4	A2	261
1	4	A2	262
1	4	A2	263
1	4	A2	264
1	4	A2	265
1	4	A2	266
1	4	A2	267
1	4	A2	268
1	4	A2	269
1	4	A2	270
1	4	A2	271
1	4	A2	272
1	4	A2	273
1	4	A2	274
1	4	A2	275
1	4	A2	276
1	4	A2	277
1	4	A2	278
1	4	A2	279
1	4	A2	280
1	4	A2	281
1	4	A2	282
1	4	A2	283
1	4	A2	284
1	4	A2	285
1	4	A2	286
1	4	A2	287
1	4	A2	288
1	4	A2	289
1	4	A2	290
1	4	A2	291
1	4	A2	292
1	4	A2	293
1	4	A2	294
1	4	A2	295
1	4	A2	296
1	4	A2	297
1	4	A2	298
1	4	A2	299
1	4	A2	300
1	4	A2	301
1	4	A2	302
1	4	A2	303
1	4	A2	304
1	4	A2	305
1	4	A2	306
1	4	A2	307
1	4	A2	308
1	4	A2	309
1	4	A2	310
1	4	A2	311
1	4	A2	312
1	4	A2	313
1	4	A2	314
1	4	A2	315
1	4	A2	316
1	4	A2	317
1	4	A2	318
1	4	A2	319
1	4	A2	320
1	4	A2	321
1	4	A2	322
1	4	A2	323
1	4	A2	324
1	4	A2	325
1	4	A2	326
1	4	A2	327
1	4	A2	328
1	4	A2	329
1	4	A2	330
1	4	A2	331
1	4	A2	332
1	4	A2	333
1	4	A2	334
1	4	A2	335
1	4	A2	336
1	4	A2	337
1	4	A2	338
1	4	A2	339
1	4	A2	340
1	4	A2	341
1	4	A2	342
1	4	A2	343
1	4	A2	344
1	4	A2	345
1	4	A2	346
1	4	A2	347
1	4	A2	348
1	4	C2	0
1	4	C2	1
1	4	C2	2
1	4	C2	3
1	4	C2	4
1	4	C2	5
1	4	C2	6
1	4	C2	7
1	4	C2	8
1	4	C2	9
1	4	C2	10
1	4	C2	11
1	4	C2	12
1	4	C2	13
1	4	C2	14
1	4	C2	15
1	4	C2	16
1	4	C2	17
1	4	C2	18
1	4	C2	19
1	4	C2	20
1	4	C2	21
1	4	C2	22
1	4	C2	23
1	4	C2	24
1	4	C2	25
1	4	C2	26
1	4	C2	27
1	4	C2	28
1	4	C2	29
1	4	C2	30
1	4	C2	31
1	4	C2	32
1	4	C2	33
1	4	C2	34
1	4	C2	35
1	4	C2	36
1	4	C2	37
1	4	C2	38
1	4	C2	39
1	4	C2	40
1	4	C2	41
1	4	C2	42
1	4	C2	43
1	4	C2	44
1	4	C2	45
1	4	C2	46
1	4	C2	47
1	4	C2	48
1	4	C2	49
1	4	C2	50
1	4	C2	51
1	4	C2	52
1	4	C2	53
1	4	C2	54
1	4	C2	55
1	4	C2	56
1	4	C2	57
1	4	C2	58
1	4	C2	59
1	4	C2	60
1	4	C2	61
1	4	C2	62
1	4	C2	63
1	4	C2	64
1	4	C2	65
1	4	C2	66
1	4	C2	67
1	4	C2	68
1	4	C2	69
1	4	C2	70
1	4	C2	71
1	4	C2	72
1	4	C2	73
1	4	C2	74
1	4	C2	75
1	4	C2	76
1	4	C2	77
1	4	C2	78
1	4	C2	79
1	4	C2	80
1	4	C2	81
1	4	C2	82
1	4	C2	83
1	4	C2	84
1	4	C2	85
1	4	C2	86
1	4	C2	87
1	4	C2	88
1	4	C2	89
1	4	C2	90
1	4	C2	91
1	4	C2	92
1	4	C2	93
1	4	C2	94
1	4	C2	95
1	4	C2	96
1	4	C2	97
1	4	C2	98
1	4	C2	99
1	4	C2	100
1	4	C2	101
1	4	C2	102
1	4	C2	103
1	4	C2	104
1	4	C2	105
1	4	C2	106
1	4	C2	107
1	4	C2	108
1	4	C2	109
1	4	C2	110
1	4	C2	111
1	4	C2	112
1	4	C2	113
1	4	C2	114
1	4	C2	115
1	4	C2	116
1	4	C2	117
1	4	C2	118
1	4	C2	119
1	4	C2	120
1	4	C2	121
1	4	C2	122
1	4	C2	123
1	4	C2	124
1	4	C2	125
1	4	C2	126
1	4	C2	127
1	4	C2	128
1	4	C2	129
1	4	C2	130
1	4	C2	131
1	4	C2	132
1	4	C2	133
1	4	C2	134
1	4	C2	135
1	4	C2	136
1	4	C2	137
1	4	C2	138
1	4	C2	139
1	4	C2	140
1	4	C2	141
1	4	C2	142
1	4	C2	143
1	4	C2	144
1	4	C2	145
1	4	C2	146
1	4	C2	147
1	4	C2	148
1	4	C2	149
1	4	C2	150
1	4	C2	151
1	4	C2	152
1	4	C2	153
1	4	C2	154
1	4	C2	155
1	4	C2	156
1	4	C2	157
1	4	C2	158
1	4	C2	159
1	4	C2	160
1	4	C2	161
1	4	C2	162
1	4	C2	163
1	4	C2	164
1	4	C2	165
1	4	C2	166
1	4	C2	167
1	4	C2	168
1	4	C2	169
1	4	C2	170
1	4	C2	171
1	4	C2	172
1	4	C2	173
1	4	C2	174
1	4	C2	175
1	4	C2	176
1	4	C2	177
1	4	C2	178
1	4	C2	179
1	4	C2	180
1	4	C2	181
1	4	C2	182
1	4	C2	183
1	4	C2	184
1	4	C2	185
1	4	C2	186
1	4	C2	187
1	4	C2	188
1	4	C2	189
1	4	C2	190
1	4	C2	191
1	4	C2	192
1	4	C2	193
1	4	C2	194
1	4	C2	195
1	4	C2	196
1	4	C2	197
1	4	C2	198
1	4	C2	199
1	4	C2	200
1	4	C2	201
1	4	C2	202
1	4	C2	203
1	4	C2	204
1	4	C2	205
1	4	C2	206
1	4	C2	207
1	4	C2	208
1	4	C2	209
1	4	C2	210
1	4	C2	211
1	4	C2	212
1	4	C2	213
1	4	C2	214
1	4	C2	215
1	4	C2	216
1	4	C2	217
1	4	C2	218
1	4	C2	219
1	4	C2	220
1	4	C2	221
1	4	C2	222
1	4	C2	223
1	4	C2	224
1	4	C2	225
1	4	C2	226
1	4	C2	227
1	4	C2	228
1	4	C2	229
1	4	C2	230
1	4	C2	231
1	4	C2	232
1	4	C2	233
1	4	C2	234
1	4	C2	235
1	4	C2	236
1	4	C2	237
1	4	C2	238
1	4	C2	239
1	4	C2	240
1	4	C2	241
1	4	C2	242
1	4	C2	243
1	4	C2	244
1	4	C2	245
1	4	C2	246
1	4	C2	247
1	4	C2	248
1	4	C2	249
1	4	C2	250
1	4	C2	251
1	4	C2	252
1	4	C2	253
1	4	C2	254
1	4	C2	255
1	4	C2	256
1	4	C2	257
1	4	C2	258
1	4	C2	259
1	4	C2	260
1	4	C2	261
1	4	C2	262
1	4	C2	263
1	4	C2	264
1	4	C2	265
1	4	C2	266
1	4	C2	267
1	4	C2	268
1	4	C2	269
1	4	C2	270
1	4	C2	271
1	4	C2	272
1	4	C2	273
1	4	C2	274
1	4	C2	275
1	4	C2	276
1	4	C2	277
1	4	C2	278
1	4	C2	279
1	4	C2	280
1	4	C2	281
1	4	C2	282
1	4	C2	283
1	4	C2	284
1	4	C2	285
1	4	C2	286
1	4	C2	287
1	4	C2	288
1	4	C2	289
1	4	C2	290
1	4	C2	291
1	4	C2	292
1	4	C2	293
1	4	C2	294
1	4	C2	295
1	4	C2	296
1	4	C2	297
1	4	C2	298
1	4	C2	299
1	4	C2	300
1	4	C2	301
1	4	C2	302
1	4	C2	303
1	4	C2	304
1	4	C2	305
1	4	C2	306
1	4	C2	307
1	4	C2	308
1	4	C2	309
1	4	C2	310
1	4	C2	311
1	4	C2	312
1	4	C2	313
1	4	C2	314
1	4	C2	315
1	4	C2	316
1	4	C2	317
1	4	C2	318
1	4	C2	319
1	4	C2	320
1	4	C2	321
1	4	C2	322
1	4	C2	323
1	4	C2	324
1	4	C2	325
1	4	C2	326
1	4	C2	327
1	4	C2	328
1	4	C2	329
1	4	C2	330
1	4	C2	331
1	4	C2	332
1	4	C2	333
1	4	C2	334
1	4	C2	335
1	4	C2	336
1	4	C2	337
1	4	C2	338
1	4	C2	339
1	4	C2	340
1	4	C2	341
1	4	C2	342
1	4	C2	343
1	4	C2	344
1	4	C2	345
1	4	C2	346
1	4	C2	347
1	4	C2	348
1	4	C3	0
1	4	C3	1
1	4	C3	2
1	4	C3	3
1	4	C3	4
1	4	C3	5
1	4	C3	6
1	4	C3	7
1	4	C3	8
1	4	C3	9
1	4	C3	10
1	4	C3	11
1	4	C3	12
1	4	C3	13
1	4	C3	14
1	4	C3	15
1	4	C3	16
1	4	C3	17
1	4	C3	18
1	4	C3	19
1	4	C3	20
1	4	C3	21
1	4	C3	22
1	4	C3	23
1	4	C3	24
1	4	C3	25
1	4	C3	26
1	4	C3	27
1	4	C3	28
1	4	C3	29
1	4	C3	30
1	4	C3	31
1	4	C3	32
1	4	C3	33
1	4	C3	34
1	4	C3	35
1	4	C3	36
1	4	C3	37
1	4	C3	38
1	4	C3	39
1	4	C3	40
1	4	C3	41
1	4	C3	42
1	4	C3	43
1	4	C3	44
1	4	C3	45
1	4	C3	46
1	4	C3	47
1	4	C3	48
1	4	C3	49
1	4	C3	50
1	4	C3	51
1	4	C3	52
1	4	C3	53
1	4	C3	54
1	4	C3	55
1	4	C3	56
1	4	C3	57
1	4	C3	58
1	4	C3	59
1	4	C3	60
1	4	C3	61
1	4	C3	62
1	4	C3	63
1	4	C3	64
1	4	C3	65
1	4	C3	66
1	4	C3	67
1	4	C3	68
1	4	C3	69
1	4	C3	70
1	4	C3	71
1	4	C3	72
1	4	C3	73
1	4	C3	74
1	4	C3	75
1	4	C3	76
1	4	C3	77
1	4	C3	78
1	4	C3	79
1	4	C3	80
1	4	C3	81
1	4	C3	82
1	4	C3	83
1	4	C3	84
1	4	C3	85
1	4	C3	86
1	4	C3	87
1	4	C3	88
1	4	C3	89
1	4	C3	90
1	4	C3	91
1	4	C3	92
1	4	C3	93
1	4	C3	94
1	4	C3	95
1	4	C3	96
1	4	C3	97
1	4	C3	98
1	4	C3	99
1	4	C3	100
1	4	C3	101
1	4	C3	102
1	4	C3	103
1	4	C3	104
1	4	C3	105
1	4	C3	106
1	4	C3	107
1	4	C3	108
1	4	C3	109
1	4	C3	110
1	4	C3	111
1	4	C3	112
1	4	C3	113
1	4	C3	114
1	4	C3	115
1	4	C3	116
1	4	C3	117
1	4	C3	118
1	4	C3	119
1	4	C3	120
1	4	C3	121
1	4	C3	122
1	4	C3	123
1	4	C3	124
1	4	C3	125
1	4	C3	126
1	4	C3	127
1	4	C3	128
1	4	C3	129
1	4	C3	130
1	4	C3	131
1	4	C3	132
1	4	C3	133
1	4	C3	134
1	4	C3	135
1	4	C3	136
1	4	C3	137
1	4	C3	138
1	4	C3	139
1	4	C3	140
1	4	C3	141
1	4	C3	142
1	4	C3	143
1	4	C3	144
1	4	C3	145
1	4	C3	146
1	4	C3	147
1	4	C3	148
1	4	C3	149
1	4	C3	150
1	4	C3	151
1	4	C3	152
1	4	C3	153
1	4	C3	154
1	4	C3	155
1	4	C3	156
1	4	C3	157
1	4	C3	158
1	4	C3	159
1	4	C3	160
1	4	C3	161
1	4	C3	162
1	4	C3	163
1	4	C3	164
1	4	C3	165
1	4	C3	166
1	4	C3	167
1	4	C3	168
1	4	C3	169
1	4	C3	170
1	4	C3	171
1	4	C3	172
1	4	C3	173
1	4	C3	174
1	4	C3	175
1	4	C3	176
1	4	C3	177
1	4	C3	178
1	4	C3	179
1	4	C3	180
1	4	C3	181
1	4	C3	182
1	4	C3	183
1	4	C3	184
1	4	C3	185
1	4	C3	186
1	4	C3	187
1	4	C3	188
1	4	C3	189
1	4	C3	190
1	4	C3	191
1	4	C3	192
1	4	C3	193
1	4	C3	194
1	4	C3	195
1	4	C3	196
1	4	C3	197
1	4	C3	198
1	4	C3	199
1	4	C3	200
1	4	C3	201
1	4	C3	202
1	4	C3	203
1	4	C3	204
1	4	C3	205
1	4	C3	206
1	4	C3	207
1	4	C3	208
1	4	C3	209
1	4	C3	210
1	4	C3	211
1	4	C3	212
1	4	C3	213
1	4	C3	214
1	4	C3	215
1	4	C3	216
1	4	C3	217
1	4	C3	218
1	4	C3	219
1	4	C3	220
1	4	C3	221
1	4	C3	222
1	4	C3	223
1	4	C3	224
1	4	C3	225
1	4	C3	226
1	4	C3	227
1	4	C3	228
1	4	C3	229
1	4	C3	230
1	4	C3	231
1	4	C3	232
1	4	C3	233
1	4	C3	234
1	4	C3	235
1	4	C3	236
1	4	C3	237
1	4	C3	238
1	4	C3	239
1	4	C3	240
1	4	C3	241
1	4	C3	242
1	4	C3	243
1	4	C3	244
1	4	C3	245
1	4	C3	246
1	4	C3	247
1	4	C3	248
1	4	C3	249
1	4	C3	250
1	4	C3	251
1	4	C3	252
1	4	C3	253
1	4	C3	254
1	4	C3	255
1	4	C3	256
1	4	C3	257
1	4	C3	258
1	4	C3	259
1	4	C3	260
1	4	C3	261
1	4	C3	262
1	4	C3	263
1	4	C3	264
1	4	C3	265
1	4	C3	266
1	4	C3	267
1	4	C3	268
1	4	C3	269
1	4	C3	270
1	4	C3	271
1	4	C3	272
1	4	C3	273
1	4	C3	274
1	4	C3	275
1	4	C3	276
1	4	C3	277
1	4	C3	278
1	4	C3	279
1	4	C3	280
1	4	C3	281
1	4	C3	282
1	4	C3	283
1	4	C3	284
1	4	C3	285
1	4	C3	286
1	4	C3	287
1	4	C3	288
1	4	C3	289
1	4	C3	290
1	4	C3	291
1	4	C3	292
1	4	C3	293
1	4	C3	294
1	4	C3	295
1	4	C3	296
1	4	C3	297
1	4	C3	298
1	4	C3	299
1	4	C3	300
1	4	C3	301
1	4	C3	302
1	4	C3	303
1	4	C3	304
1	4	C3	305
1	4	C3	306
1	4	C3	307
1	4	C3	308
1	4	C3	309
1	4	C3	310
1	4	C3	311
1	4	C3	312
1	4	C3	313
1	4	C3	314
1	4	C3	315
1	4	C3	316
1	4	C3	317
1	4	C3	318
1	4	C3	319
1	4	C3	320
1	4	C3	321
1	4	C3	322
1	4	C3	323
1	4	C3	324
1	4	C3	325
1	4	C3	326
1	4	C3	327
1	4	C3	328
1	4	C3	329
1	4	C3	330
1	4	C3	331
1	4	C3	332
1	4	C3	333
1	4	C3	334
1	4	C3	335
1	4	C3	336
1	4	C3	337
1	4	C3	338
1	4	C3	339
1	4	C3	340
1	4	C3	341
1	4	C3	342
1	4	C3	343
1	4	C3	344
1	4	C3	345
1	4	C3	346
1	4	C3	347
1	4	C3	348
1	4	C4	0
1	4	C4	1
1	4	C4	2
1	4	C4	3
1	4	C4	4
1	4	C4	5
1	4	C4	6
1	4	C4	7
1	4	C4	8
1	4	C4	9
1	4	C4	10
1	4	C4	11
1	4	C4	12
1	4	C4	13
1	4	C4	14
1	4	C4	15
1	4	C4	16
1	4	C4	17
1	4	C4	18
1	4	C4	19
1	4	C4	20
1	4	C4	21
1	4	C4	22
1	4	C4	23
1	4	C4	24
1	4	C4	25
1	4	C4	26
1	4	C4	27
1	4	C4	28
1	4	C4	29
1	4	C4	30
1	4	C4	31
1	4	C4	32
1	4	C4	33
1	4	C4	34
1	4	C4	35
1	4	C4	36
1	4	C4	37
1	4	C4	38
1	4	C4	39
1	4	C4	40
1	4	C4	41
1	4	C4	42
1	4	C4	43
1	4	C4	44
1	4	C4	45
1	4	C4	46
1	4	C4	47
1	4	C4	48
1	4	C4	49
1	4	C4	50
1	4	C4	51
1	4	C4	52
1	4	C4	53
1	4	C4	54
1	4	C4	55
1	4	C4	56
1	4	C4	57
1	4	C4	58
1	4	C4	59
1	4	C4	60
1	4	C4	61
1	4	C4	62
1	4	C4	63
1	4	C4	64
1	4	C4	65
1	4	C4	66
1	4	C4	67
1	4	C4	68
1	4	C4	69
1	4	C4	70
1	4	C4	71
1	4	C4	72
1	4	C4	73
1	4	C4	74
1	4	C4	75
1	4	C4	76
1	4	C4	77
1	4	C4	78
1	4	C4	79
1	4	C4	80
1	4	C4	81
1	4	C4	82
1	4	C4	83
1	4	C4	84
1	4	C4	85
1	4	C4	86
1	4	C4	87
1	4	C4	88
1	4	C4	89
1	4	C4	90
1	4	C4	91
1	4	C4	92
1	4	C4	93
1	4	C4	94
1	4	C4	95
1	4	C4	96
1	4	C4	97
1	4	C4	98
1	4	C4	99
1	4	C4	100
1	4	C4	101
1	4	C4	102
1	4	C4	103
1	4	C4	104
1	4	C4	105
1	4	C4	106
1	4	C4	107
1	4	C4	108
1	4	C4	109
1	4	C4	110
1	4	C4	111
1	4	C4	112
1	4	C4	113
1	4	C4	114
1	4	C4	115
1	4	C4	116
1	4	C4	117
1	4	C4	118
1	4	C4	119
1	4	C4	120
1	4	C4	121
1	4	C4	122
1	4	C4	123
1	4	C4	124
1	4	C4	125
1	4	C4	126
1	4	C4	127
1	4	C4	128
1	4	C4	129
1	4	C4	130
1	4	C4	131
1	4	C4	132
1	4	C4	133
1	4	C4	134
1	4	C4	135
1	4	C4	136
1	4	C4	137
1	4	C4	138
1	4	C4	139
1	4	C4	140
1	4	C4	141
1	4	C4	142
1	4	C4	143
1	4	C4	144
1	4	C4	145
1	4	C4	146
1	4	C4	147
1	4	C4	148
1	4	C4	149
1	4	C4	150
1	4	C4	151
1	4	C4	152
1	4	C4	153
1	4	C4	154
1	4	C4	155
1	4	C4	156
1	4	C4	157
1	4	C4	158
1	4	C4	159
1	4	C4	160
1	4	C4	161
1	4	C4	162
1	4	C4	163
1	4	C4	164
1	4	C4	165
1	4	C4	166
1	4	C4	167
1	4	C4	168
1	4	C4	169
1	4	C4	170
1	4	C4	171
1	4	C4	172
1	4	C4	173
1	4	C4	174
1	4	C4	175
1	4	C4	176
1	4	C4	177
1	4	C4	178
1	4	C4	179
1	4	C4	180
1	4	C4	181
1	4	C4	182
1	4	C4	183
1	4	C4	184
1	4	C4	185
1	4	C4	186
1	4	C4	187
1	4	C4	188
1	4	C4	189
1	4	C4	190
1	4	C4	191
1	4	C4	192
1	4	C4	193
1	4	C4	194
1	4	C4	195
1	4	C4	196
1	4	C4	197
1	4	C4	198
1	4	C4	199
1	4	C4	200
1	4	C4	201
1	4	C4	202
1	4	C4	203
1	4	C4	204
1	4	C4	205
1	4	C4	206
1	4	C4	207
1	4	C4	208
1	4	C4	209
1	4	C4	210
1	4	C4	211
1	4	C4	212
1	4	C4	213
1	4	C4	214
1	4	C4	215
1	4	C4	216
1	4	C4	217
1	4	C4	218
1	4	C4	219
1	4	C4	220
1	4	C4	221
1	4	C4	222
1	4	C4	223
1	4	C4	224
1	4	C4	225
1	4	C4	226
1	4	C4	227
1	4	C4	228
1	4	C4	229
1	4	C4	230
1	4	C4	231
1	4	C4	232
1	4	C4	233
1	4	C4	234
1	4	C4	235
1	4	C4	236
1	4	C4	237
1	4	C4	238
1	4	C4	239
1	4	C4	240
1	4	C4	241
1	4	C4	242
1	4	C4	243
1	4	C4	244
1	4	C4	245
1	4	C4	246
1	4	C4	247
1	4	C4	248
1	4	C4	249
1	4	C4	250
1	4	C4	251
1	4	C4	252
1	4	C4	253
1	4	C4	254
1	4	C4	255
1	4	C4	256
1	4	C4	257
1	4	C4	258
1	4	C4	259
1	4	C4	260
1	4	C4	261
1	4	C4	262
1	4	C4	263
1	4	C4	264
1	4	C4	265
1	4	C4	266
1	4	C4	267
1	4	C4	268
1	4	C4	269
1	4	C4	270
1	4	C4	271
1	4	C4	272
1	4	C4	273
1	4	C4	274
1	4	C4	275
1	4	C4	276
1	4	C4	277
1	4	C4	278
1	4	C4	279
1	4	C4	280
1	4	C4	281
1	4	C4	282
1	4	C4	283
1	4	C4	284
1	4	C4	285
1	4	C4	286
1	4	C4	287
1	4	C4	288
1	4	C4	289
1	4	C4	290
1	4	C4	291
1	4	C4	292
1	4	C4	293
1	4	C4	294
1	4	C4	295
1	4	C4	296
1	4	C4	297
1	4	C4	298
1	4	C4	299
1	4	C4	300
1	4	C4	301
1	4	C4	302
1	4	C4	303
1	4	C4	304
1	4	C4	305
1	4	C4	306
1	4	C4	307
1	4	C4	308
1	4	C4	309
1	4	C4	310
1	4	C4	311
1	4	C4	312
1	4	C4	313
1	4	C4	314
1	4	C4	315
1	4	C4	316
1	4	C4	317
1	4	C4	318
1	4	C4	319
1	4	C4	320
1	4	C4	321
1	4	C4	322
1	4	C4	323
1	4	C4	324
1	4	C4	325
1	4	C4	326
1	4	C4	327
1	4	C4	328
1	4	C4	329
1	4	C4	330
1	4	C4	331
1	4	C4	332
1	4	C4	333
1	4	C4	334
1	4	C4	335
1	4	C4	336
1	4	C4	337
1	4	C4	338
1	4	C4	339
1	4	C4	340
1	4	C4	341
1	4	C4	342
1	4	C4	343
1	4	C4	344
1	4	C4	345
1	4	C4	346
1	4	C4	347
1	4	C4	348
1	5	A1	0
1	5	A1	1
1	5	A1	2
1	5	A1	3
1	5	A1	4
1	5	A1	5
1	5	A1	6
1	5	A1	7
1	5	A1	8
1	5	A1	9
1	5	A1	10
1	5	A1	11
1	5	A1	12
1	5	A1	13
1	5	A1	14
1	5	A1	15
1	5	A1	16
1	5	A1	17
1	5	A1	18
1	5	A1	19
1	5	A1	20
1	5	A1	21
1	5	A1	22
1	5	A1	23
1	5	A1	24
1	5	A1	25
1	5	A1	26
1	5	A1	27
1	5	A1	28
1	5	A1	29
1	5	A1	30
1	5	A1	31
1	5	A1	32
1	5	A1	33
1	5	A1	34
1	5	A1	35
1	5	A1	36
1	5	A1	37
1	5	A1	38
1	5	A1	39
1	5	A1	40
1	5	A1	41
1	5	A1	42
1	5	A1	43
1	5	A1	44
1	5	A1	45
1	5	A1	46
1	5	A1	47
1	5	A1	48
1	5	A1	49
1	5	A1	50
1	5	A1	51
1	5	A1	52
1	5	A1	53
1	5	A1	54
1	5	A1	55
1	5	A1	56
1	5	A1	57
1	5	A1	58
1	5	A1	59
1	5	A1	60
1	5	A1	61
1	5	A1	62
1	5	A1	63
1	5	A1	64
1	5	A1	65
1	5	A1	66
1	5	A1	67
1	5	A1	68
1	5	A1	69
1	5	A1	70
1	5	A1	71
1	5	A1	72
1	5	A1	73
1	5	A1	74
1	5	A1	75
1	5	A1	76
1	5	A1	77
1	5	A1	78
1	5	A1	79
1	5	A1	80
1	5	A1	81
1	5	A1	82
1	5	A1	83
1	5	A1	84
1	5	A1	85
1	5	A1	86
1	5	A1	87
1	5	A1	88
1	5	A1	89
1	5	A1	90
1	5	A1	91
1	5	A1	92
1	5	A1	93
1	5	A1	94
1	5	A1	95
1	5	A1	96
1	5	A1	97
1	5	A1	98
1	5	A1	99
1	5	A1	100
1	5	A1	101
1	5	A1	102
1	5	A1	103
1	5	A1	104
1	5	A1	105
1	5	A1	106
1	5	A1	107
1	5	A1	108
1	5	A1	109
1	5	A1	110
1	5	A1	111
1	5	A1	112
1	5	A1	113
1	5	A1	114
1	5	A1	115
1	5	A1	116
1	5	A1	117
1	5	A1	118
1	5	A1	119
1	5	A1	120
1	5	A1	121
1	5	A1	122
1	5	A1	123
1	5	A1	124
1	5	A1	125
1	5	A1	126
1	5	A1	127
1	5	A1	128
1	5	A1	129
1	5	A1	130
1	5	A1	131
1	5	A1	132
1	5	A1	133
1	5	A1	134
1	5	A1	135
1	5	A1	136
1	5	A1	137
1	5	A1	138
1	5	A1	139
1	5	A1	140
1	5	A1	141
1	5	A1	142
1	5	A1	143
1	5	A1	144
1	5	A1	145
1	5	A1	146
1	5	A1	147
1	5	A1	148
1	5	A1	149
1	5	A1	150
1	5	A1	151
1	5	A1	152
1	5	A1	153
1	5	A1	154
1	5	A1	155
1	5	A1	156
1	5	A1	157
1	5	A1	158
1	5	A1	159
1	5	A1	160
1	5	A1	161
1	5	A1	162
1	5	A1	163
1	5	A1	164
1	5	A1	165
1	5	A1	166
1	5	A1	167
1	5	A1	168
1	5	A1	169
1	5	A1	170
1	5	A1	171
1	5	A1	172
1	5	A1	173
1	5	A1	174
1	5	A1	175
1	5	A1	176
1	5	A1	177
1	5	A1	178
1	5	A1	179
1	5	A1	180
1	5	A1	181
1	5	A1	182
1	5	A1	183
1	5	A1	184
1	5	A1	185
1	5	A1	186
1	5	A1	187
1	5	A1	188
1	5	A1	189
1	5	A1	190
1	5	A1	191
1	5	A1	192
1	5	A1	193
1	5	A1	194
1	5	A1	195
1	5	A1	196
1	5	A1	197
1	5	A1	198
1	5	A1	199
1	5	A1	200
1	5	A1	201
1	5	A1	202
1	5	A1	203
1	5	A1	204
1	5	A1	205
1	5	A1	206
1	5	A1	207
1	5	A1	208
1	5	A1	209
1	5	A1	210
1	5	A1	211
1	5	A1	212
1	5	A1	213
1	5	A1	214
1	5	A1	215
1	5	A1	216
1	5	A1	217
1	5	A1	218
1	5	A1	219
1	5	A1	220
1	5	A1	221
1	5	A1	222
1	5	A1	223
1	5	A1	224
1	5	A1	225
1	5	A1	226
1	5	A1	227
1	5	A1	228
1	5	A1	229
1	5	A1	230
1	5	A1	231
1	5	A1	232
1	5	A1	233
1	5	A1	234
1	5	A1	235
1	5	A1	236
1	5	A1	237
1	5	A1	238
1	5	A1	239
1	5	A1	240
1	5	A1	241
1	5	A1	242
1	5	A1	243
1	5	A1	244
1	5	A1	245
1	5	A1	246
1	5	A1	247
1	5	A1	248
1	5	A1	249
1	5	A1	250
1	5	A1	251
1	5	A1	252
1	5	A1	253
1	5	A1	254
1	5	A1	255
1	5	A1	256
1	5	A1	257
1	5	A1	258
1	5	A1	259
1	5	A1	260
1	5	A1	261
1	5	A1	262
1	5	A1	263
1	5	A1	264
1	5	A1	265
1	5	A1	266
1	5	A1	267
1	5	A1	268
1	5	A1	269
1	5	A1	270
1	5	A1	271
1	5	A1	272
1	5	A1	273
1	5	A1	274
1	5	A1	275
1	5	A1	276
1	5	A1	277
1	5	A1	278
1	5	A1	279
1	5	A1	280
1	5	A1	281
1	5	A1	282
1	5	A1	283
1	5	A1	284
1	5	A1	285
1	5	A1	286
1	5	A1	287
1	5	A1	288
1	5	A1	289
1	5	A1	290
1	5	A1	291
1	5	A1	292
1	5	A1	293
1	5	A1	294
1	5	A1	295
1	5	A1	296
1	5	A1	297
1	5	A1	298
1	5	A1	299
1	5	A1	300
1	5	A1	301
1	5	A1	302
1	5	A1	303
1	5	A1	304
1	5	A1	305
1	5	A1	306
1	5	A1	307
1	5	A1	308
1	5	A1	309
1	5	A1	310
1	5	A1	311
1	5	A1	312
1	5	A1	313
1	5	A1	314
1	5	A1	315
1	5	A1	316
1	5	A1	317
1	5	A1	318
1	5	A1	319
1	5	A1	320
1	5	A1	321
1	5	A1	322
1	5	A1	323
1	5	A1	324
1	5	A1	325
1	5	A1	326
1	5	A1	327
1	5	A1	328
1	5	A1	329
1	5	A1	330
1	5	A1	331
1	5	A1	332
1	5	A1	333
1	5	A1	334
1	5	A1	335
1	5	A1	336
1	5	A1	337
1	5	A1	338
1	5	A1	339
1	5	A1	340
1	5	A1	341
1	5	A1	342
1	5	A1	343
1	5	A1	344
1	5	A1	345
1	5	A1	346
1	5	A1	347
1	5	A1	348
1	5	A2	0
1	5	A2	1
1	5	A2	2
1	5	A2	3
1	5	A2	4
1	5	A2	5
1	5	A2	6
1	5	A2	7
1	5	A2	8
1	5	A2	9
1	5	A2	10
1	5	A2	11
1	5	A2	12
1	5	A2	13
1	5	A2	14
1	5	A2	15
1	5	A2	16
1	5	A2	17
1	5	A2	18
1	5	A2	19
1	5	A2	20
1	5	A2	21
1	5	A2	22
1	5	A2	23
1	5	A2	24
1	5	A2	25
1	5	A2	26
1	5	A2	27
1	5	A2	28
1	5	A2	29
1	5	A2	30
1	5	A2	31
1	5	A2	32
1	5	A2	33
1	5	A2	34
1	5	A2	35
1	5	A2	36
1	5	A2	37
1	5	A2	38
1	5	A2	39
1	5	A2	40
1	5	A2	41
1	5	A2	42
1	5	A2	43
1	5	A2	44
1	5	A2	45
1	5	A2	46
1	5	A2	47
1	5	A2	48
1	5	A2	49
1	5	A2	50
1	5	A2	51
1	5	A2	52
1	5	A2	53
1	5	A2	54
1	5	A2	55
1	5	A2	56
1	5	A2	57
1	5	A2	58
1	5	A2	59
1	5	A2	60
1	5	A2	61
1	5	A2	62
1	5	A2	63
1	5	A2	64
1	5	A2	65
1	5	A2	66
1	5	A2	67
1	5	A2	68
1	5	A2	69
1	5	A2	70
1	5	A2	71
1	5	A2	72
1	5	A2	73
1	5	A2	74
1	5	A2	75
1	5	A2	76
1	5	A2	77
1	5	A2	78
1	5	A2	79
1	5	A2	80
1	5	A2	81
1	5	A2	82
1	5	A2	83
1	5	A2	84
1	5	A2	85
1	5	A2	86
1	5	A2	87
1	5	A2	88
1	5	A2	89
1	5	A2	90
1	5	A2	91
1	5	A2	92
1	5	A2	93
1	5	A2	94
1	5	A2	95
1	5	A2	96
1	5	A2	97
1	5	A2	98
1	5	A2	99
1	5	A2	100
1	5	A2	101
1	5	A2	102
1	5	A2	103
1	5	A2	104
1	5	A2	105
1	5	A2	106
1	5	A2	107
1	5	A2	108
1	5	A2	109
1	5	A2	110
1	5	A2	111
1	5	A2	112
1	5	A2	113
1	5	A2	114
1	5	A2	115
1	5	A2	116
1	5	A2	117
1	5	A2	118
1	5	A2	119
1	5	A2	120
1	5	A2	121
1	5	A2	122
1	5	A2	123
1	5	A2	124
1	5	A2	125
1	5	A2	126
1	5	A2	127
1	5	A2	128
1	5	A2	129
1	5	A2	130
1	5	A2	131
1	5	A2	132
1	5	A2	133
1	5	A2	134
1	5	A2	135
1	5	A2	136
1	5	A2	137
1	5	A2	138
1	5	A2	139
1	5	A2	140
1	5	A2	141
1	5	A2	142
1	5	A2	143
1	5	A2	144
1	5	A2	145
1	5	A2	146
1	5	A2	147
1	5	A2	148
1	5	A2	149
1	5	A2	150
1	5	A2	151
1	5	A2	152
1	5	A2	153
1	5	A2	154
1	5	A2	155
1	5	A2	156
1	5	A2	157
1	5	A2	158
1	5	A2	159
1	5	A2	160
1	5	A2	161
1	5	A2	162
1	5	A2	163
1	5	A2	164
1	5	A2	165
1	5	A2	166
1	5	A2	167
1	5	A2	168
1	5	A2	169
1	5	A2	170
1	5	A2	171
1	5	A2	172
1	5	A2	173
1	5	A2	174
1	5	A2	175
1	5	A2	176
1	5	A2	177
1	5	A2	178
1	5	A2	179
1	5	A2	180
1	5	A2	181
1	5	A2	182
1	5	A2	183
1	5	A2	184
1	5	A2	185
1	5	A2	186
1	5	A2	187
1	5	A2	188
1	5	A2	189
1	5	A2	190
1	5	A2	191
1	5	A2	192
1	5	A2	193
1	5	A2	194
1	5	A2	195
1	5	A2	196
1	5	A2	197
1	5	A2	198
1	5	A2	199
1	5	A2	200
1	5	A2	201
1	5	A2	202
1	5	A2	203
1	5	A2	204
1	5	A2	205
1	5	A2	206
1	5	A2	207
1	5	A2	208
1	5	A2	209
1	5	A2	210
1	5	A2	211
1	5	A2	212
1	5	A2	213
1	5	A2	214
1	5	A2	215
1	5	A2	216
1	5	A2	217
1	5	A2	218
1	5	A2	219
1	5	A2	220
1	5	A2	221
1	5	A2	222
1	5	A2	223
1	5	A2	224
1	5	A2	225
1	5	A2	226
1	5	A2	227
1	5	A2	228
1	5	A2	229
1	5	A2	230
1	5	A2	231
1	5	A2	232
1	5	A2	233
1	5	A2	234
1	5	A2	235
1	5	A2	236
1	5	A2	237
1	5	A2	238
1	5	A2	239
1	5	A2	240
1	5	A2	241
1	5	A2	242
1	5	A2	243
1	5	A2	244
1	5	A2	245
1	5	A2	246
1	5	A2	247
1	5	A2	248
1	5	A2	249
1	5	A2	250
1	5	A2	251
1	5	A2	252
1	5	A2	253
1	5	A2	254
1	5	A2	255
1	5	A2	256
1	5	A2	257
1	5	A2	258
1	5	A2	259
1	5	A2	260
1	5	A2	261
1	5	A2	262
1	5	A2	263
1	5	A2	264
1	5	A2	265
1	5	A2	266
1	5	A2	267
1	5	A2	268
1	5	A2	269
1	5	A2	270
1	5	A2	271
1	5	A2	272
1	5	A2	273
1	5	A2	274
1	5	A2	275
1	5	A2	276
1	5	A2	277
1	5	A2	278
1	5	A2	279
1	5	A2	280
1	5	A2	281
1	5	A2	282
1	5	A2	283
1	5	A2	284
1	5	A2	285
1	5	A2	286
1	5	A2	287
1	5	A2	288
1	5	A2	289
1	5	A2	290
1	5	A2	291
1	5	A2	292
1	5	A2	293
1	5	A2	294
1	5	A2	295
1	5	A2	296
1	5	A2	297
1	5	A2	298
1	5	A2	299
1	5	A2	300
1	5	A2	301
1	5	A2	302
1	5	A2	303
1	5	A2	304
1	5	A2	305
1	5	A2	306
1	5	A2	307
1	5	A2	308
1	5	A2	309
1	5	A2	310
1	5	A2	311
1	5	A2	312
1	5	A2	313
1	5	A2	314
1	5	A2	315
1	5	A2	316
1	5	A2	317
1	5	A2	318
1	5	A2	319
1	5	A2	320
1	5	A2	321
1	5	A2	322
1	5	A2	323
1	5	A2	324
1	5	A2	325
1	5	A2	326
1	5	A2	327
1	5	A2	328
1	5	A2	329
1	5	A2	330
1	5	A2	331
1	5	A2	332
1	5	A2	333
1	5	A2	334
1	5	A2	335
1	5	A2	336
1	5	A2	337
1	5	A2	338
1	5	A2	339
1	5	A2	340
1	5	A2	341
1	5	A2	342
1	5	A2	343
1	5	A2	344
1	5	A2	345
1	5	A2	346
1	5	A2	347
1	5	A2	348
1	5	C2	0
1	5	C2	1
1	5	C2	2
1	5	C2	3
1	5	C2	4
1	5	C2	5
1	5	C2	6
1	5	C2	7
1	5	C2	8
1	5	C2	9
1	5	C2	10
1	5	C2	11
1	5	C2	12
1	5	C2	13
1	5	C2	14
1	5	C2	15
1	5	C2	16
1	5	C2	17
1	5	C2	18
1	5	C2	19
1	5	C2	20
1	5	C2	21
1	5	C2	22
1	5	C2	23
1	5	C2	24
1	5	C2	25
1	5	C2	26
1	5	C2	27
1	5	C2	28
1	5	C2	29
1	5	C2	30
1	5	C2	31
1	5	C2	32
1	5	C2	33
1	5	C2	34
1	5	C2	35
1	5	C2	36
1	5	C2	37
1	5	C2	38
1	5	C2	39
1	5	C2	40
1	5	C2	41
1	5	C2	42
1	5	C2	43
1	5	C2	44
1	5	C2	45
1	5	C2	46
1	5	C2	47
1	5	C2	48
1	5	C2	49
1	5	C2	50
1	5	C2	51
1	5	C2	52
1	5	C2	53
1	5	C2	54
1	5	C2	55
1	5	C2	56
1	5	C2	57
1	5	C2	58
1	5	C2	59
1	5	C2	60
1	5	C2	61
1	5	C2	62
1	5	C2	63
1	5	C2	64
1	5	C2	65
1	5	C2	66
1	5	C2	67
1	5	C2	68
1	5	C2	69
1	5	C2	70
1	5	C2	71
1	5	C2	72
1	5	C2	73
1	5	C2	74
1	5	C2	75
1	5	C2	76
1	5	C2	77
1	5	C2	78
1	5	C2	79
1	5	C2	80
1	5	C2	81
1	5	C2	82
1	5	C2	83
1	5	C2	84
1	5	C2	85
1	5	C2	86
1	5	C2	87
1	5	C2	88
1	5	C2	89
1	5	C2	90
1	5	C2	91
1	5	C2	92
1	5	C2	93
1	5	C2	94
1	5	C2	95
1	5	C2	96
1	5	C2	97
1	5	C2	98
1	5	C2	99
1	5	C2	100
1	5	C2	101
1	5	C2	102
1	5	C2	103
1	5	C2	104
1	5	C2	105
1	5	C2	106
1	5	C2	107
1	5	C2	108
1	5	C2	109
1	5	C2	110
1	5	C2	111
1	5	C2	112
1	5	C2	113
1	5	C2	114
1	5	C2	115
1	5	C2	116
1	5	C2	117
1	5	C2	118
1	5	C2	119
1	5	C2	120
1	5	C2	121
1	5	C2	122
1	5	C2	123
1	5	C2	124
1	5	C2	125
1	5	C2	126
1	5	C2	127
1	5	C2	128
1	5	C2	129
1	5	C2	130
1	5	C2	131
1	5	C2	132
1	5	C2	133
1	5	C2	134
1	5	C2	135
1	5	C2	136
1	5	C2	137
1	5	C2	138
1	5	C2	139
1	5	C2	140
1	5	C2	141
1	5	C2	142
1	5	C2	143
1	5	C2	144
1	5	C2	145
1	5	C2	146
1	5	C2	147
1	5	C2	148
1	5	C2	149
1	5	C2	150
1	5	C2	151
1	5	C2	152
1	5	C2	153
1	5	C2	154
1	5	C2	155
1	5	C2	156
1	5	C2	157
1	5	C2	158
1	5	C2	159
1	5	C2	160
1	5	C2	161
1	5	C2	162
1	5	C2	163
1	5	C2	164
1	5	C2	165
1	5	C2	166
1	5	C2	167
1	5	C2	168
1	5	C2	169
1	5	C2	170
1	5	C2	171
1	5	C2	172
1	5	C2	173
1	5	C2	174
1	5	C2	175
1	5	C2	176
1	5	C2	177
1	5	C2	178
1	5	C2	179
1	5	C2	180
1	5	C2	181
1	5	C2	182
1	5	C2	183
1	5	C2	184
1	5	C2	185
1	5	C2	186
1	5	C2	187
1	5	C2	188
1	5	C2	189
1	5	C2	190
1	5	C2	191
1	5	C2	192
1	5	C2	193
1	5	C2	194
1	5	C2	195
1	5	C2	196
1	5	C2	197
1	5	C2	198
1	5	C2	199
1	5	C2	200
1	5	C2	201
1	5	C2	202
1	5	C2	203
1	5	C2	204
1	5	C2	205
1	5	C2	206
1	5	C2	207
1	5	C2	208
1	5	C2	209
1	5	C2	210
1	5	C2	211
1	5	C2	212
1	5	C2	213
1	5	C2	214
1	5	C2	215
1	5	C2	216
1	5	C2	217
1	5	C2	218
1	5	C2	219
1	5	C2	220
1	5	C2	221
1	5	C2	222
1	5	C2	223
1	5	C2	224
1	5	C2	225
1	5	C2	226
1	5	C2	227
1	5	C2	228
1	5	C2	229
1	5	C2	230
1	5	C2	231
1	5	C2	232
1	5	C2	233
1	5	C2	234
1	5	C2	235
1	5	C2	236
1	5	C2	237
1	5	C2	238
1	5	C2	239
1	5	C2	240
1	5	C2	241
1	5	C2	242
1	5	C2	243
1	5	C2	244
1	5	C2	245
1	5	C2	246
1	5	C2	247
1	5	C2	248
1	5	C2	249
1	5	C2	250
1	5	C2	251
1	5	C2	252
1	5	C2	253
1	5	C2	254
1	5	C2	255
1	5	C2	256
1	5	C2	257
1	5	C2	258
1	5	C2	259
1	5	C2	260
1	5	C2	261
1	5	C2	262
1	5	C2	263
1	5	C2	264
1	5	C2	265
1	5	C2	266
1	5	C2	267
1	5	C2	268
1	5	C2	269
1	5	C2	270
1	5	C2	271
1	5	C2	272
1	5	C2	273
1	5	C2	274
1	5	C2	275
1	5	C2	276
1	5	C2	277
1	5	C2	278
1	5	C2	279
1	5	C2	280
1	5	C2	281
1	5	C2	282
1	5	C2	283
1	5	C2	284
1	5	C2	285
1	5	C2	286
1	5	C2	287
1	5	C2	288
1	5	C2	289
1	5	C2	290
1	5	C2	291
1	5	C2	292
1	5	C2	293
1	5	C2	294
1	5	C2	295
1	5	C2	296
1	5	C2	297
1	5	C2	298
1	5	C2	299
1	5	C2	300
1	5	C2	301
1	5	C2	302
1	5	C2	303
1	5	C2	304
1	5	C2	305
1	5	C2	306
1	5	C2	307
1	5	C2	308
1	5	C2	309
1	5	C2	310
1	5	C2	311
1	5	C2	312
1	5	C2	313
1	5	C2	314
1	5	C2	315
1	5	C2	316
1	5	C2	317
1	5	C2	318
1	5	C2	319
1	5	C2	320
1	5	C2	321
1	5	C2	322
1	5	C2	323
1	5	C2	324
1	5	C2	325
1	5	C2	326
1	5	C2	327
1	5	C2	328
1	5	C2	329
1	5	C2	330
1	5	C2	331
1	5	C2	332
1	5	C2	333
1	5	C2	334
1	5	C2	335
1	5	C2	336
1	5	C2	337
1	5	C2	338
1	5	C2	339
1	5	C2	340
1	5	C2	341
1	5	C2	342
1	5	C2	343
1	5	C2	344
1	5	C2	345
1	5	C2	346
1	5	C2	347
1	5	C2	348
1	5	C3	0
1	5	C3	1
1	5	C3	2
1	5	C3	3
1	5	C3	4
1	5	C3	5
1	5	C3	6
1	5	C3	7
1	5	C3	8
1	5	C3	9
1	5	C3	10
1	5	C3	11
1	5	C3	12
1	5	C3	13
1	5	C3	14
1	5	C3	15
1	5	C3	16
1	5	C3	17
1	5	C3	18
1	5	C3	19
1	5	C3	20
1	5	C3	21
1	5	C3	22
1	5	C3	23
1	5	C3	24
1	5	C3	25
1	5	C3	26
1	5	C3	27
1	5	C3	28
1	5	C3	29
1	5	C3	30
1	5	C3	31
1	5	C3	32
1	5	C3	33
1	5	C3	34
1	5	C3	35
1	5	C3	36
1	5	C3	37
1	5	C3	38
1	5	C3	39
1	5	C3	40
1	5	C3	41
1	5	C3	42
1	5	C3	43
1	5	C3	44
1	5	C3	45
1	5	C3	46
1	5	C3	47
1	5	C3	48
1	5	C3	49
1	5	C3	50
1	5	C3	51
1	5	C3	52
1	5	C3	53
1	5	C3	54
1	5	C3	55
1	5	C3	56
1	5	C3	57
1	5	C3	58
1	5	C3	59
1	5	C3	60
1	5	C3	61
1	5	C3	62
1	5	C3	63
1	5	C3	64
1	5	C3	65
1	5	C3	66
1	5	C3	67
1	5	C3	68
1	5	C3	69
1	5	C3	70
1	5	C3	71
1	5	C3	72
1	5	C3	73
1	5	C3	74
1	5	C3	75
1	5	C3	76
1	5	C3	77
1	5	C3	78
1	5	C3	79
1	5	C3	80
1	5	C3	81
1	5	C3	82
1	5	C3	83
1	5	C3	84
1	5	C3	85
1	5	C3	86
1	5	C3	87
1	5	C3	88
1	5	C3	89
1	5	C3	90
1	5	C3	91
1	5	C3	92
1	5	C3	93
1	5	C3	94
1	5	C3	95
1	5	C3	96
1	5	C3	97
1	5	C3	98
1	5	C3	99
1	5	C3	100
1	5	C3	101
1	5	C3	102
1	5	C3	103
1	5	C3	104
1	5	C3	105
1	5	C3	106
1	5	C3	107
1	5	C3	108
1	5	C3	109
1	5	C3	110
1	5	C3	111
1	5	C3	112
1	5	C3	113
1	5	C3	114
1	5	C3	115
1	5	C3	116
1	5	C3	117
1	5	C3	118
1	5	C3	119
1	5	C3	120
1	5	C3	121
1	5	C3	122
1	5	C3	123
1	5	C3	124
1	5	C3	125
1	5	C3	126
1	5	C3	127
1	5	C3	128
1	5	C3	129
1	5	C3	130
1	5	C3	131
1	5	C3	132
1	5	C3	133
1	5	C3	134
1	5	C3	135
1	5	C3	136
1	5	C3	137
1	5	C3	138
1	5	C3	139
1	5	C3	140
1	5	C3	141
1	5	C3	142
1	5	C3	143
1	5	C3	144
1	5	C3	145
1	5	C3	146
1	5	C3	147
1	5	C3	148
1	5	C3	149
1	5	C3	150
1	5	C3	151
1	5	C3	152
1	5	C3	153
1	5	C3	154
1	5	C3	155
1	5	C3	156
1	5	C3	157
1	5	C3	158
1	5	C3	159
1	5	C3	160
1	5	C3	161
1	5	C3	162
1	5	C3	163
1	5	C3	164
1	5	C3	165
1	5	C3	166
1	5	C3	167
1	5	C3	168
1	5	C3	169
1	5	C3	170
1	5	C3	171
1	5	C3	172
1	5	C3	173
1	5	C3	174
1	5	C3	175
1	5	C3	176
1	5	C3	177
1	5	C3	178
1	5	C3	179
1	5	C3	180
1	5	C3	181
1	5	C3	182
1	5	C3	183
1	5	C3	184
1	5	C3	185
1	5	C3	186
1	5	C3	187
1	5	C3	188
1	5	C3	189
1	5	C3	190
1	5	C3	191
1	5	C3	192
1	5	C3	193
1	5	C3	194
1	5	C3	195
1	5	C3	196
1	5	C3	197
1	5	C3	198
1	5	C3	199
1	5	C3	200
1	5	C3	201
1	5	C3	202
1	5	C3	203
1	5	C3	204
1	5	C3	205
1	5	C3	206
1	5	C3	207
1	5	C3	208
1	5	C3	209
1	5	C3	210
1	5	C3	211
1	5	C3	212
1	5	C3	213
1	5	C3	214
1	5	C3	215
1	5	C3	216
1	5	C3	217
1	5	C3	218
1	5	C3	219
1	5	C3	220
1	5	C3	221
1	5	C3	222
1	5	C3	223
1	5	C3	224
1	5	C3	225
1	5	C3	226
1	5	C3	227
1	5	C3	228
1	5	C3	229
1	5	C3	230
1	5	C3	231
1	5	C3	232
1	5	C3	233
1	5	C3	234
1	5	C3	235
1	5	C3	236
1	5	C3	237
1	5	C3	238
1	5	C3	239
1	5	C3	240
1	5	C3	241
1	5	C3	242
1	5	C3	243
1	5	C3	244
1	5	C3	245
1	5	C3	246
1	5	C3	247
1	5	C3	248
1	5	C3	249
1	5	C3	250
1	5	C3	251
1	5	C3	252
1	5	C3	253
1	5	C3	254
1	5	C3	255
1	5	C3	256
1	5	C3	257
1	5	C3	258
1	5	C3	259
1	5	C3	260
1	5	C3	261
1	5	C3	262
1	5	C3	263
1	5	C3	264
1	5	C3	265
1	5	C3	266
1	5	C3	267
1	5	C3	268
1	5	C3	269
1	5	C3	270
1	5	C3	271
1	5	C3	272
1	5	C3	273
1	5	C3	274
1	5	C3	275
1	5	C3	276
1	5	C3	277
1	5	C3	278
1	5	C3	279
1	5	C3	280
1	5	C3	281
1	5	C3	282
1	5	C3	283
1	5	C3	284
1	5	C3	285
1	5	C3	286
1	5	C3	287
1	5	C3	288
1	5	C3	289
1	5	C3	290
1	5	C3	291
1	5	C3	292
1	5	C3	293
1	5	C3	294
1	5	C3	295
1	5	C3	296
1	5	C3	297
1	5	C3	298
1	5	C3	299
1	5	C3	300
1	5	C3	301
1	5	C3	302
1	5	C3	303
1	5	C3	304
1	5	C3	305
1	5	C3	306
1	5	C3	307
1	5	C3	308
1	5	C3	309
1	5	C3	310
1	5	C3	311
1	5	C3	312
1	5	C3	313
1	5	C3	314
1	5	C3	315
1	5	C3	316
1	5	C3	317
1	5	C3	318
1	5	C3	319
1	5	C3	320
1	5	C3	321
1	5	C3	322
1	5	C3	323
1	5	C3	324
1	5	C3	325
1	5	C3	326
1	5	C3	327
1	5	C3	328
1	5	C3	329
1	5	C3	330
1	5	C3	331
1	5	C3	332
1	5	C3	333
1	5	C3	334
1	5	C3	335
1	5	C3	336
1	5	C3	337
1	5	C3	338
1	5	C3	339
1	5	C3	340
1	5	C3	341
1	5	C3	342
1	5	C3	343
1	5	C3	344
1	5	C3	345
1	5	C3	346
1	5	C3	347
1	5	C3	348
1	5	C4	0
1	5	C4	1
1	5	C4	2
1	5	C4	3
1	5	C4	4
1	5	C4	5
1	5	C4	6
1	5	C4	7
1	5	C4	8
1	5	C4	9
1	5	C4	10
1	5	C4	11
1	5	C4	12
1	5	C4	13
1	5	C4	14
1	5	C4	15
1	5	C4	16
1	5	C4	17
1	5	C4	18
1	5	C4	19
1	5	C4	20
1	5	C4	21
1	5	C4	22
1	5	C4	23
1	5	C4	24
1	5	C4	25
1	5	C4	26
1	5	C4	27
1	5	C4	28
1	5	C4	29
1	5	C4	30
1	5	C4	31
1	5	C4	32
1	5	C4	33
1	5	C4	34
1	5	C4	35
1	5	C4	36
1	5	C4	37
1	5	C4	38
1	5	C4	39
1	5	C4	40
1	5	C4	41
1	5	C4	42
1	5	C4	43
1	5	C4	44
1	5	C4	45
1	5	C4	46
1	5	C4	47
1	5	C4	48
1	5	C4	49
1	5	C4	50
1	5	C4	51
1	5	C4	52
1	5	C4	53
1	5	C4	54
1	5	C4	55
1	5	C4	56
1	5	C4	57
1	5	C4	58
1	5	C4	59
1	5	C4	60
1	5	C4	61
1	5	C4	62
1	5	C4	63
1	5	C4	64
1	5	C4	65
1	5	C4	66
1	5	C4	67
1	5	C4	68
1	5	C4	69
1	5	C4	70
1	5	C4	71
1	5	C4	72
1	5	C4	73
1	5	C4	74
1	5	C4	75
1	5	C4	76
1	5	C4	77
1	5	C4	78
1	5	C4	79
1	5	C4	80
1	5	C4	81
1	5	C4	82
1	5	C4	83
1	5	C4	84
1	5	C4	85
1	5	C4	86
1	5	C4	87
1	5	C4	88
1	5	C4	89
1	5	C4	90
1	5	C4	91
1	5	C4	92
1	5	C4	93
1	5	C4	94
1	5	C4	95
1	5	C4	96
1	5	C4	97
1	5	C4	98
1	5	C4	99
1	5	C4	100
1	5	C4	101
1	5	C4	102
1	5	C4	103
1	5	C4	104
1	5	C4	105
1	5	C4	106
1	5	C4	107
1	5	C4	108
1	5	C4	109
1	5	C4	110
1	5	C4	111
1	5	C4	112
1	5	C4	113
1	5	C4	114
1	5	C4	115
1	5	C4	116
1	5	C4	117
1	5	C4	118
1	5	C4	119
1	5	C4	120
1	5	C4	121
1	5	C4	122
1	5	C4	123
1	5	C4	124
1	5	C4	125
1	5	C4	126
1	5	C4	127
1	5	C4	128
1	5	C4	129
1	5	C4	130
1	5	C4	131
1	5	C4	132
1	5	C4	133
1	5	C4	134
1	5	C4	135
1	5	C4	136
1	5	C4	137
1	5	C4	138
1	5	C4	139
1	5	C4	140
1	5	C4	141
1	5	C4	142
1	5	C4	143
1	5	C4	144
1	5	C4	145
1	5	C4	146
1	5	C4	147
1	5	C4	148
1	5	C4	149
1	5	C4	150
1	5	C4	151
1	5	C4	152
1	5	C4	153
1	5	C4	154
1	5	C4	155
1	5	C4	156
1	5	C4	157
1	5	C4	158
1	5	C4	159
1	5	C4	160
1	5	C4	161
1	5	C4	162
1	5	C4	163
1	5	C4	164
1	5	C4	165
1	5	C4	166
1	5	C4	167
1	5	C4	168
1	5	C4	169
1	5	C4	170
1	5	C4	171
1	5	C4	172
1	5	C4	173
1	5	C4	174
1	5	C4	175
1	5	C4	176
1	5	C4	177
1	5	C4	178
1	5	C4	179
1	5	C4	180
1	5	C4	181
1	5	C4	182
1	5	C4	183
1	5	C4	184
1	5	C4	185
1	5	C4	186
1	5	C4	187
1	5	C4	188
1	5	C4	189
1	5	C4	190
1	5	C4	191
1	5	C4	192
1	5	C4	193
1	5	C4	194
1	5	C4	195
1	5	C4	196
1	5	C4	197
1	5	C4	198
1	5	C4	199
1	5	C4	200
1	5	C4	201
1	5	C4	202
1	5	C4	203
1	5	C4	204
1	5	C4	205
1	5	C4	206
1	5	C4	207
1	5	C4	208
1	5	C4	209
1	5	C4	210
1	5	C4	211
1	5	C4	212
1	5	C4	213
1	5	C4	214
1	5	C4	215
1	5	C4	216
1	5	C4	217
1	5	C4	218
1	5	C4	219
1	5	C4	220
1	5	C4	221
1	5	C4	222
1	5	C4	223
1	5	C4	224
1	5	C4	225
1	5	C4	226
1	5	C4	227
1	5	C4	228
1	5	C4	229
1	5	C4	230
1	5	C4	231
1	5	C4	232
1	5	C4	233
1	5	C4	234
1	5	C4	235
1	5	C4	236
1	5	C4	237
1	5	C4	238
1	5	C4	239
1	5	C4	240
1	5	C4	241
1	5	C4	242
1	5	C4	243
1	5	C4	244
1	5	C4	245
1	5	C4	246
1	5	C4	247
1	5	C4	248
1	5	C4	249
1	5	C4	250
1	5	C4	251
1	5	C4	252
1	5	C4	253
1	5	C4	254
1	5	C4	255
1	5	C4	256
1	5	C4	257
1	5	C4	258
1	5	C4	259
1	5	C4	260
1	5	C4	261
1	5	C4	262
1	5	C4	263
1	5	C4	264
1	5	C4	265
1	5	C4	266
1	5	C4	267
1	5	C4	268
1	5	C4	269
1	5	C4	270
1	5	C4	271
1	5	C4	272
1	5	C4	273
1	5	C4	274
1	5	C4	275
1	5	C4	276
1	5	C4	277
1	5	C4	278
1	5	C4	279
1	5	C4	280
1	5	C4	281
1	5	C4	282
1	5	C4	283
1	5	C4	284
1	5	C4	285
1	5	C4	286
1	5	C4	287
1	5	C4	288
1	5	C4	289
1	5	C4	290
1	5	C4	291
1	5	C4	292
1	5	C4	293
1	5	C4	294
1	5	C4	295
1	5	C4	296
1	5	C4	297
1	5	C4	298
1	5	C4	299
1	5	C4	300
1	5	C4	301
1	5	C4	302
1	5	C4	303
1	5	C4	304
1	5	C4	305
1	5	C4	306
1	5	C4	307
1	5	C4	308
1	5	C4	309
1	5	C4	310
1	5	C4	311
1	5	C4	312
1	5	C4	313
1	5	C4	314
1	5	C4	315
1	5	C4	316
1	5	C4	317
1	5	C4	318
1	5	C4	319
1	5	C4	320
1	5	C4	321
1	5	C4	322
1	5	C4	323
1	5	C4	324
1	5	C4	325
1	5	C4	326
1	5	C4	327
1	5	C4	328
1	5	C4	329
1	5	C4	330
1	5	C4	331
1	5	C4	332
1	5	C4	333
1	5	C4	334
1	5	C4	335
1	5	C4	336
1	5	C4	337
1	5	C4	338
1	5	C4	339
1	5	C4	340
1	5	C4	341
1	5	C4	342
1	5	C4	343
1	5	C4	344
1	5	C4	345
1	5	C4	346
1	5	C4	347
1	5	C4	348
1	6	A1	0
1	6	A1	1
1	6	A1	2
1	6	A1	3
1	6	A1	4
1	6	A1	5
1	6	A1	6
1	6	A1	7
1	6	A1	8
1	6	A1	9
1	6	A1	10
1	6	A1	11
1	6	A1	12
1	6	A1	13
1	6	A1	14
1	6	A1	15
1	6	A1	16
1	6	A1	17
1	6	A1	18
1	6	A1	19
1	6	A1	20
1	6	A1	21
1	6	A1	22
1	6	A1	23
1	6	A1	24
1	6	A1	25
1	6	A1	26
1	6	A1	27
1	6	A1	28
1	6	A1	29
1	6	A1	30
1	6	A1	31
1	6	A1	32
1	6	A1	33
1	6	A1	34
1	6	A1	35
1	6	A1	36
1	6	A1	37
1	6	A1	38
1	6	A1	39
1	6	A1	40
1	6	A1	41
1	6	A1	42
1	6	A1	43
1	6	A1	44
1	6	A1	45
1	6	A1	46
1	6	A1	47
1	6	A1	48
1	6	A1	49
1	6	A1	50
1	6	A1	51
1	6	A1	52
1	6	A1	53
1	6	A1	54
1	6	A1	55
1	6	A1	56
1	6	A1	57
1	6	A1	58
1	6	A1	59
1	6	A1	60
1	6	A1	61
1	6	A1	62
1	6	A1	63
1	6	A1	64
1	6	A1	65
1	6	A1	66
1	6	A1	67
1	6	A1	68
1	6	A1	69
1	6	A1	70
1	6	A1	71
1	6	A1	72
1	6	A1	73
1	6	A1	74
1	6	A1	75
1	6	A1	76
1	6	A1	77
1	6	A1	78
1	6	A1	79
1	6	A1	80
1	6	A1	81
1	6	A1	82
1	6	A1	83
1	6	A1	84
1	6	A1	85
1	6	A1	86
1	6	A1	87
1	6	A1	88
1	6	A1	89
1	6	A1	90
1	6	A1	91
1	6	A1	92
1	6	A1	93
1	6	A1	94
1	6	A1	95
1	6	A1	96
1	6	A1	97
1	6	A1	98
1	6	A1	99
1	6	A1	100
1	6	A1	101
1	6	A1	102
1	6	A1	103
1	6	A1	104
1	6	A1	105
1	6	A1	106
1	6	A1	107
1	6	A1	108
1	6	A1	109
1	6	A1	110
1	6	A1	111
1	6	A1	112
1	6	A1	113
1	6	A1	114
1	6	A1	115
1	6	A1	116
1	6	A1	117
1	6	A1	118
1	6	A1	119
1	6	A1	120
1	6	A1	121
1	6	A1	122
1	6	A1	123
1	6	A1	124
1	6	A1	125
1	6	A1	126
1	6	A1	127
1	6	A1	128
1	6	A1	129
1	6	A1	130
1	6	A1	131
1	6	A1	132
1	6	A1	133
1	6	A1	134
1	6	A1	135
1	6	A1	136
1	6	A1	137
1	6	A1	138
1	6	A1	139
1	6	A1	140
1	6	A1	141
1	6	A1	142
1	6	A1	143
1	6	A1	144
1	6	A1	145
1	6	A1	146
1	6	A1	147
1	6	A1	148
1	6	A1	149
1	6	A1	150
1	6	A1	151
1	6	A1	152
1	6	A1	153
1	6	A1	154
1	6	A1	155
1	6	A1	156
1	6	A1	157
1	6	A1	158
1	6	A1	159
1	6	A1	160
1	6	A1	161
1	6	A1	162
1	6	A1	163
1	6	A1	164
1	6	A1	165
1	6	A1	166
1	6	A1	167
1	6	A1	168
1	6	A1	169
1	6	A1	170
1	6	A1	171
1	6	A1	172
1	6	A1	173
1	6	A1	174
1	6	A1	175
1	6	A1	176
1	6	A1	177
1	6	A1	178
1	6	A1	179
1	6	A1	180
1	6	A1	181
1	6	A1	182
1	6	A1	183
1	6	A1	184
1	6	A1	185
1	6	A1	186
1	6	A1	187
1	6	A1	188
1	6	A1	189
1	6	A1	190
1	6	A1	191
1	6	A1	192
1	6	A1	193
1	6	A1	194
1	6	A1	195
1	6	A1	196
1	6	A1	197
1	6	A1	198
1	6	A1	199
1	6	A1	200
1	6	A1	201
1	6	A1	202
1	6	A1	203
1	6	A1	204
1	6	A1	205
1	6	A1	206
1	6	A1	207
1	6	A1	208
1	6	A1	209
1	6	A1	210
1	6	A1	211
1	6	A1	212
1	6	A1	213
1	6	A1	214
1	6	A1	215
1	6	A1	216
1	6	A1	217
1	6	A1	218
1	6	A1	219
1	6	A1	220
1	6	A1	221
1	6	A1	222
1	6	A1	223
1	6	A1	224
1	6	A1	225
1	6	A1	226
1	6	A1	227
1	6	A1	228
1	6	A1	229
1	6	A1	230
1	6	A1	231
1	6	A1	232
1	6	A1	233
1	6	A1	234
1	6	A1	235
1	6	A1	236
1	6	A1	237
1	6	A1	238
1	6	A1	239
1	6	A1	240
1	6	A1	241
1	6	A1	242
1	6	A1	243
1	6	A1	244
1	6	A1	245
1	6	A1	246
1	6	A1	247
1	6	A1	248
1	6	A1	249
1	6	A1	250
1	6	A1	251
1	6	A1	252
1	6	A1	253
1	6	A1	254
1	6	A1	255
1	6	A1	256
1	6	A1	257
1	6	A1	258
1	6	A1	259
1	6	A1	260
1	6	A1	261
1	6	A1	262
1	6	A1	263
1	6	A1	264
1	6	A1	265
1	6	A1	266
1	6	A1	267
1	6	A1	268
1	6	A1	269
1	6	A1	270
1	6	A1	271
1	6	A1	272
1	6	A1	273
1	6	A1	274
1	6	A1	275
1	6	A1	276
1	6	A1	277
1	6	A1	278
1	6	A1	279
1	6	A1	280
1	6	A1	281
1	6	A1	282
1	6	A1	283
1	6	A1	284
1	6	A1	285
1	6	A1	286
1	6	A1	287
1	6	A1	288
1	6	A1	289
1	6	A1	290
1	6	A1	291
1	6	A1	292
1	6	A1	293
1	6	A1	294
1	6	A1	295
1	6	A1	296
1	6	A1	297
1	6	A1	298
1	6	A1	299
1	6	A1	300
1	6	A1	301
1	6	A1	302
1	6	A1	303
1	6	A1	304
1	6	A1	305
1	6	A1	306
1	6	A1	307
1	6	A1	308
1	6	A1	309
1	6	A1	310
1	6	A1	311
1	6	A1	312
1	6	A1	313
1	6	A1	314
1	6	A1	315
1	6	A1	316
1	6	A1	317
1	6	A1	318
1	6	A1	319
1	6	A1	320
1	6	A1	321
1	6	A1	322
1	6	A1	323
1	6	A1	324
1	6	A1	325
1	6	A1	326
1	6	A1	327
1	6	A1	328
1	6	A1	329
1	6	A1	330
1	6	A1	331
1	6	A1	332
1	6	A1	333
1	6	A1	334
1	6	A1	335
1	6	A1	336
1	6	A1	337
1	6	A1	338
1	6	A1	339
1	6	A1	340
1	6	A1	341
1	6	A1	342
1	6	A1	343
1	6	A1	344
1	6	A1	345
1	6	A1	346
1	6	A1	347
1	6	A1	348
1	6	A2	0
1	6	A2	1
1	6	A2	2
1	6	A2	3
1	6	A2	4
1	6	A2	5
1	6	A2	6
1	6	A2	7
1	6	A2	8
1	6	A2	9
1	6	A2	10
1	6	A2	11
1	6	A2	12
1	6	A2	13
1	6	A2	14
1	6	A2	15
1	6	A2	16
1	6	A2	17
1	6	A2	18
1	6	A2	19
1	6	A2	20
1	6	A2	21
1	6	A2	22
1	6	A2	23
1	6	A2	24
1	6	A2	25
1	6	A2	26
1	6	A2	27
1	6	A2	28
1	6	A2	29
1	6	A2	30
1	6	A2	31
1	6	A2	32
1	6	A2	33
1	6	A2	34
1	6	A2	35
1	6	A2	36
1	6	A2	37
1	6	A2	38
1	6	A2	39
1	6	A2	40
1	6	A2	41
1	6	A2	42
1	6	A2	43
1	6	A2	44
1	6	A2	45
1	6	A2	46
1	6	A2	47
1	6	A2	48
1	6	A2	49
1	6	A2	50
1	6	A2	51
1	6	A2	52
1	6	A2	53
1	6	A2	54
1	6	A2	55
1	6	A2	56
1	6	A2	57
1	6	A2	58
1	6	A2	59
1	6	A2	60
1	6	A2	61
1	6	A2	62
1	6	A2	63
1	6	A2	64
1	6	A2	65
1	6	A2	66
1	6	A2	67
1	6	A2	68
1	6	A2	69
1	6	A2	70
1	6	A2	71
1	6	A2	72
1	6	A2	73
1	6	A2	74
1	6	A2	75
1	6	A2	76
1	6	A2	77
1	6	A2	78
1	6	A2	79
1	6	A2	80
1	6	A2	81
1	6	A2	82
1	6	A2	83
1	6	A2	84
1	6	A2	85
1	6	A2	86
1	6	A2	87
1	6	A2	88
1	6	A2	89
1	6	A2	90
1	6	A2	91
1	6	A2	92
1	6	A2	93
1	6	A2	94
1	6	A2	95
1	6	A2	96
1	6	A2	97
1	6	A2	98
1	6	A2	99
1	6	A2	100
1	6	A2	101
1	6	A2	102
1	6	A2	103
1	6	A2	104
1	6	A2	105
1	6	A2	106
1	6	A2	107
1	6	A2	108
1	6	A2	109
1	6	A2	110
1	6	A2	111
1	6	A2	112
1	6	A2	113
1	6	A2	114
1	6	A2	115
1	6	A2	116
1	6	A2	117
1	6	A2	118
1	6	A2	119
1	6	A2	120
1	6	A2	121
1	6	A2	122
1	6	A2	123
1	6	A2	124
1	6	A2	125
1	6	A2	126
1	6	A2	127
1	6	A2	128
1	6	A2	129
1	6	A2	130
1	6	A2	131
1	6	A2	132
1	6	A2	133
1	6	A2	134
1	6	A2	135
1	6	A2	136
1	6	A2	137
1	6	A2	138
1	6	A2	139
1	6	A2	140
1	6	A2	141
1	6	A2	142
1	6	A2	143
1	6	A2	144
1	6	A2	145
1	6	A2	146
1	6	A2	147
1	6	A2	148
1	6	A2	149
1	6	A2	150
1	6	A2	151
1	6	A2	152
1	6	A2	153
1	6	A2	154
1	6	A2	155
1	6	A2	156
1	6	A2	157
1	6	A2	158
1	6	A2	159
1	6	A2	160
1	6	A2	161
1	6	A2	162
1	6	A2	163
1	6	A2	164
1	6	A2	165
1	6	A2	166
1	6	A2	167
1	6	A2	168
1	6	A2	169
1	6	A2	170
1	6	A2	171
1	6	A2	172
1	6	A2	173
1	6	A2	174
1	6	A2	175
1	6	A2	176
1	6	A2	177
1	6	A2	178
1	6	A2	179
1	6	A2	180
1	6	A2	181
1	6	A2	182
1	6	A2	183
1	6	A2	184
1	6	A2	185
1	6	A2	186
1	6	A2	187
1	6	A2	188
1	6	A2	189
1	6	A2	190
1	6	A2	191
1	6	A2	192
1	6	A2	193
1	6	A2	194
1	6	A2	195
1	6	A2	196
1	6	A2	197
1	6	A2	198
1	6	A2	199
1	6	A2	200
1	6	A2	201
1	6	A2	202
1	6	A2	203
1	6	A2	204
1	6	A2	205
1	6	A2	206
1	6	A2	207
1	6	A2	208
1	6	A2	209
1	6	A2	210
1	6	A2	211
1	6	A2	212
1	6	A2	213
1	6	A2	214
1	6	A2	215
1	6	A2	216
1	6	A2	217
1	6	A2	218
1	6	A2	219
1	6	A2	220
1	6	A2	221
1	6	A2	222
1	6	A2	223
1	6	A2	224
1	6	A2	225
1	6	A2	226
1	6	A2	227
1	6	A2	228
1	6	A2	229
1	6	A2	230
1	6	A2	231
1	6	A2	232
1	6	A2	233
1	6	A2	234
1	6	A2	235
1	6	A2	236
1	6	A2	237
1	6	A2	238
1	6	A2	239
1	6	A2	240
1	6	A2	241
1	6	A2	242
1	6	A2	243
1	6	A2	244
1	6	A2	245
1	6	A2	246
1	6	A2	247
1	6	A2	248
1	6	A2	249
1	6	A2	250
1	6	A2	251
1	6	A2	252
1	6	A2	253
1	6	A2	254
1	6	A2	255
1	6	A2	256
1	6	A2	257
1	6	A2	258
1	6	A2	259
1	6	A2	260
1	6	A2	261
1	6	A2	262
1	6	A2	263
1	6	A2	264
1	6	A2	265
1	6	A2	266
1	6	A2	267
1	6	A2	268
1	6	A2	269
1	6	A2	270
1	6	A2	271
1	6	A2	272
1	6	A2	273
1	6	A2	274
1	6	A2	275
1	6	A2	276
1	6	A2	277
1	6	A2	278
1	6	A2	279
1	6	A2	280
1	6	A2	281
1	6	A2	282
1	6	A2	283
1	6	A2	284
1	6	A2	285
1	6	A2	286
1	6	A2	287
1	6	A2	288
1	6	A2	289
1	6	A2	290
1	6	A2	291
1	6	A2	292
1	6	A2	293
1	6	A2	294
1	6	A2	295
1	6	A2	296
1	6	A2	297
1	6	A2	298
1	6	A2	299
1	6	A2	300
1	6	A2	301
1	6	A2	302
1	6	A2	303
1	6	A2	304
1	6	A2	305
1	6	A2	306
1	6	A2	307
1	6	A2	308
1	6	A2	309
1	6	A2	310
1	6	A2	311
1	6	A2	312
1	6	A2	313
1	6	A2	314
1	6	A2	315
1	6	A2	316
1	6	A2	317
1	6	A2	318
1	6	A2	319
1	6	A2	320
1	6	A2	321
1	6	A2	322
1	6	A2	323
1	6	A2	324
1	6	A2	325
1	6	A2	326
1	6	A2	327
1	6	A2	328
1	6	A2	329
1	6	A2	330
1	6	A2	331
1	6	A2	332
1	6	A2	333
1	6	A2	334
1	6	A2	335
1	6	A2	336
1	6	A2	337
1	6	A2	338
1	6	A2	339
1	6	A2	340
1	6	A2	341
1	6	A2	342
1	6	A2	343
1	6	A2	344
1	6	A2	345
1	6	A2	346
1	6	A2	347
1	6	A2	348
1	6	C2	0
1	6	C2	1
1	6	C2	2
1	6	C2	3
1	6	C2	4
1	6	C2	5
1	6	C2	6
1	6	C2	7
1	6	C2	8
1	6	C2	9
1	6	C2	10
1	6	C2	11
1	6	C2	12
1	6	C2	13
1	6	C2	14
1	6	C2	15
1	6	C2	16
1	6	C2	17
1	6	C2	18
1	6	C2	19
1	6	C2	20
1	6	C2	21
1	6	C2	22
1	6	C2	23
1	6	C2	24
1	6	C2	25
1	6	C2	26
1	6	C2	27
1	6	C2	28
1	6	C2	29
1	6	C2	30
1	6	C2	31
1	6	C2	32
1	6	C2	33
1	6	C2	34
1	6	C2	35
1	6	C2	36
1	6	C2	37
1	6	C2	38
1	6	C2	39
1	6	C2	40
1	6	C2	41
1	6	C2	42
1	6	C2	43
1	6	C2	44
1	6	C2	45
1	6	C2	46
1	6	C2	47
1	6	C2	48
1	6	C2	49
1	6	C2	50
1	6	C2	51
1	6	C2	52
1	6	C2	53
1	6	C2	54
1	6	C2	55
1	6	C2	56
1	6	C2	57
1	6	C2	58
1	6	C2	59
1	6	C2	60
1	6	C2	61
1	6	C2	62
1	6	C2	63
1	6	C2	64
1	6	C2	65
1	6	C2	66
1	6	C2	67
1	6	C2	68
1	6	C2	69
1	6	C2	70
1	6	C2	71
1	6	C2	72
1	6	C2	73
1	6	C2	74
1	6	C2	75
1	6	C2	76
1	6	C2	77
1	6	C2	78
1	6	C2	79
1	6	C2	80
1	6	C2	81
1	6	C2	82
1	6	C2	83
1	6	C2	84
1	6	C2	85
1	6	C2	86
1	6	C2	87
1	6	C2	88
1	6	C2	89
1	6	C2	90
1	6	C2	91
1	6	C2	92
1	6	C2	93
1	6	C2	94
1	6	C2	95
1	6	C2	96
1	6	C2	97
1	6	C2	98
1	6	C2	99
1	6	C2	100
1	6	C2	101
1	6	C2	102
1	6	C2	103
1	6	C2	104
1	6	C2	105
1	6	C2	106
1	6	C2	107
1	6	C2	108
1	6	C2	109
1	6	C2	110
1	6	C2	111
1	6	C2	112
1	6	C2	113
1	6	C2	114
1	6	C2	115
1	6	C2	116
1	6	C2	117
1	6	C2	118
1	6	C2	119
1	6	C2	120
1	6	C2	121
1	6	C2	122
1	6	C2	123
1	6	C2	124
1	6	C2	125
1	6	C2	126
1	6	C2	127
1	6	C2	128
1	6	C2	129
1	6	C2	130
1	6	C2	131
1	6	C2	132
1	6	C2	133
1	6	C2	134
1	6	C2	135
1	6	C2	136
1	6	C2	137
1	6	C2	138
1	6	C2	139
1	6	C2	140
1	6	C2	141
1	6	C2	142
1	6	C2	143
1	6	C2	144
1	6	C2	145
1	6	C2	146
1	6	C2	147
1	6	C2	148
1	6	C2	149
1	6	C2	150
1	6	C2	151
1	6	C2	152
1	6	C2	153
1	6	C2	154
1	6	C2	155
1	6	C2	156
1	6	C2	157
1	6	C2	158
1	6	C2	159
1	6	C2	160
1	6	C2	161
1	6	C2	162
1	6	C2	163
1	6	C2	164
1	6	C2	165
1	6	C2	166
1	6	C2	167
1	6	C2	168
1	6	C2	169
1	6	C2	170
1	6	C2	171
1	6	C2	172
1	6	C2	173
1	6	C2	174
1	6	C2	175
1	6	C2	176
1	6	C2	177
1	6	C2	178
1	6	C2	179
1	6	C2	180
1	6	C2	181
1	6	C2	182
1	6	C2	183
1	6	C2	184
1	6	C2	185
1	6	C2	186
1	6	C2	187
1	6	C2	188
1	6	C2	189
1	6	C2	190
1	6	C2	191
1	6	C2	192
1	6	C2	193
1	6	C2	194
1	6	C2	195
1	6	C2	196
1	6	C2	197
1	6	C2	198
1	6	C2	199
1	6	C2	200
1	6	C2	201
1	6	C2	202
1	6	C2	203
1	6	C2	204
1	6	C2	205
1	6	C2	206
1	6	C2	207
1	6	C2	208
1	6	C2	209
1	6	C2	210
1	6	C2	211
1	6	C2	212
1	6	C2	213
1	6	C2	214
1	6	C2	215
1	6	C2	216
1	6	C2	217
1	6	C2	218
1	6	C2	219
1	6	C2	220
1	6	C2	221
1	6	C2	222
1	6	C2	223
1	6	C2	224
1	6	C2	225
1	6	C2	226
1	6	C2	227
1	6	C2	228
1	6	C2	229
1	6	C2	230
1	6	C2	231
1	6	C2	232
1	6	C2	233
1	6	C2	234
1	6	C2	235
1	6	C2	236
1	6	C2	237
1	6	C2	238
1	6	C2	239
1	6	C2	240
1	6	C2	241
1	6	C2	242
1	6	C2	243
1	6	C2	244
1	6	C2	245
1	6	C2	246
1	6	C2	247
1	6	C2	248
1	6	C2	249
1	6	C2	250
1	6	C2	251
1	6	C2	252
1	6	C2	253
1	6	C2	254
1	6	C2	255
1	6	C2	256
1	6	C2	257
1	6	C2	258
1	6	C2	259
1	6	C2	260
1	6	C2	261
1	6	C2	262
1	6	C2	263
1	6	C2	264
1	6	C2	265
1	6	C2	266
1	6	C2	267
1	6	C2	268
1	6	C2	269
1	6	C2	270
1	6	C2	271
1	6	C2	272
1	6	C2	273
1	6	C2	274
1	6	C2	275
1	6	C2	276
1	6	C2	277
1	6	C2	278
1	6	C2	279
1	6	C2	280
1	6	C2	281
1	6	C2	282
1	6	C2	283
1	6	C2	284
1	6	C2	285
1	6	C2	286
1	6	C2	287
1	6	C2	288
1	6	C2	289
1	6	C2	290
1	6	C2	291
1	6	C2	292
1	6	C2	293
1	6	C2	294
1	6	C2	295
1	6	C2	296
1	6	C2	297
1	6	C2	298
1	6	C2	299
1	6	C2	300
1	6	C2	301
1	6	C2	302
1	6	C2	303
1	6	C2	304
1	6	C2	305
1	6	C2	306
1	6	C2	307
1	6	C2	308
1	6	C2	309
1	6	C2	310
1	6	C2	311
1	6	C2	312
1	6	C2	313
1	6	C2	314
1	6	C2	315
1	6	C2	316
1	6	C2	317
1	6	C2	318
1	6	C2	319
1	6	C2	320
1	6	C2	321
1	6	C2	322
1	6	C2	323
1	6	C2	324
1	6	C2	325
1	6	C2	326
1	6	C2	327
1	6	C2	328
1	6	C2	329
1	6	C2	330
1	6	C2	331
1	6	C2	332
1	6	C2	333
1	6	C2	334
1	6	C2	335
1	6	C2	336
1	6	C2	337
1	6	C2	338
1	6	C2	339
1	6	C2	340
1	6	C2	341
1	6	C2	342
1	6	C2	343
1	6	C2	344
1	6	C2	345
1	6	C2	346
1	6	C2	347
1	6	C2	348
1	6	C3	0
1	6	C3	1
1	6	C3	2
1	6	C3	3
1	6	C3	4
1	6	C3	5
1	6	C3	6
1	6	C3	7
1	6	C3	8
1	6	C3	9
1	6	C3	10
1	6	C3	11
1	6	C3	12
1	6	C3	13
1	6	C3	14
1	6	C3	15
1	6	C3	16
1	6	C3	17
1	6	C3	18
1	6	C3	19
1	6	C3	20
1	6	C3	21
1	6	C3	22
1	6	C3	23
1	6	C3	24
1	6	C3	25
1	6	C3	26
1	6	C3	27
1	6	C3	28
1	6	C3	29
1	6	C3	30
1	6	C3	31
1	6	C3	32
1	6	C3	33
1	6	C3	34
1	6	C3	35
1	6	C3	36
1	6	C3	37
1	6	C3	38
1	6	C3	39
1	6	C3	40
1	6	C3	41
1	6	C3	42
1	6	C3	43
1	6	C3	44
1	6	C3	45
1	6	C3	46
1	6	C3	47
1	6	C3	48
1	6	C3	49
1	6	C3	50
1	6	C3	51
1	6	C3	52
1	6	C3	53
1	6	C3	54
1	6	C3	55
1	6	C3	56
1	6	C3	57
1	6	C3	58
1	6	C3	59
1	6	C3	60
1	6	C3	61
1	6	C3	62
1	6	C3	63
1	6	C3	64
1	6	C3	65
1	6	C3	66
1	6	C3	67
1	6	C3	68
1	6	C3	69
1	6	C3	70
1	6	C3	71
1	6	C3	72
1	6	C3	73
1	6	C3	74
1	6	C3	75
1	6	C3	76
1	6	C3	77
1	6	C3	78
1	6	C3	79
1	6	C3	80
1	6	C3	81
1	6	C3	82
1	6	C3	83
1	6	C3	84
1	6	C3	85
1	6	C3	86
1	6	C3	87
1	6	C3	88
1	6	C3	89
1	6	C3	90
1	6	C3	91
1	6	C3	92
1	6	C3	93
1	6	C3	94
1	6	C3	95
1	6	C3	96
1	6	C3	97
1	6	C3	98
1	6	C3	99
1	6	C3	100
1	6	C3	101
1	6	C3	102
1	6	C3	103
1	6	C3	104
1	6	C3	105
1	6	C3	106
1	6	C3	107
1	6	C3	108
1	6	C3	109
1	6	C3	110
1	6	C3	111
1	6	C3	112
1	6	C3	113
1	6	C3	114
1	6	C3	115
1	6	C3	116
1	6	C3	117
1	6	C3	118
1	6	C3	119
1	6	C3	120
1	6	C3	121
1	6	C3	122
1	6	C3	123
1	6	C3	124
1	6	C3	125
1	6	C3	126
1	6	C3	127
1	6	C3	128
1	6	C3	129
1	6	C3	130
1	6	C3	131
1	6	C3	132
1	6	C3	133
1	6	C3	134
1	6	C3	135
1	6	C3	136
1	6	C3	137
1	6	C3	138
1	6	C3	139
1	6	C3	140
1	6	C3	141
1	6	C3	142
1	6	C3	143
1	6	C3	144
1	6	C3	145
1	6	C3	146
1	6	C3	147
1	6	C3	148
1	6	C3	149
1	6	C3	150
1	6	C3	151
1	6	C3	152
1	6	C3	153
1	6	C3	154
1	6	C3	155
1	6	C3	156
1	6	C3	157
1	6	C3	158
1	6	C3	159
1	6	C3	160
1	6	C3	161
1	6	C3	162
1	6	C3	163
1	6	C3	164
1	6	C3	165
1	6	C3	166
1	6	C3	167
1	6	C3	168
1	6	C3	169
1	6	C3	170
1	6	C3	171
1	6	C3	172
1	6	C3	173
1	6	C3	174
1	6	C3	175
1	6	C3	176
1	6	C3	177
1	6	C3	178
1	6	C3	179
1	6	C3	180
1	6	C3	181
1	6	C3	182
1	6	C3	183
1	6	C3	184
1	6	C3	185
1	6	C3	186
1	6	C3	187
1	6	C3	188
1	6	C3	189
1	6	C3	190
1	6	C3	191
1	6	C3	192
1	6	C3	193
1	6	C3	194
1	6	C3	195
1	6	C3	196
1	6	C3	197
1	6	C3	198
1	6	C3	199
1	6	C3	200
1	6	C3	201
1	6	C3	202
1	6	C3	203
1	6	C3	204
1	6	C3	205
1	6	C3	206
1	6	C3	207
1	6	C3	208
1	6	C3	209
1	6	C3	210
1	6	C3	211
1	6	C3	212
1	6	C3	213
1	6	C3	214
1	6	C3	215
1	6	C3	216
1	6	C3	217
1	6	C3	218
1	6	C3	219
1	6	C3	220
1	6	C3	221
1	6	C3	222
1	6	C3	223
1	6	C3	224
1	6	C3	225
1	6	C3	226
1	6	C3	227
1	6	C3	228
1	6	C3	229
1	6	C3	230
1	6	C3	231
1	6	C3	232
1	6	C3	233
1	6	C3	234
1	6	C3	235
1	6	C3	236
1	6	C3	237
1	6	C3	238
1	6	C3	239
1	6	C3	240
1	6	C3	241
1	6	C3	242
1	6	C3	243
1	6	C3	244
1	6	C3	245
1	6	C3	246
1	6	C3	247
1	6	C3	248
1	6	C3	249
1	6	C3	250
1	6	C3	251
1	6	C3	252
1	6	C3	253
1	6	C3	254
1	6	C3	255
1	6	C3	256
1	6	C3	257
1	6	C3	258
1	6	C3	259
1	6	C3	260
1	6	C3	261
1	6	C3	262
1	6	C3	263
1	6	C3	264
1	6	C3	265
1	6	C3	266
1	6	C3	267
1	6	C3	268
1	6	C3	269
1	6	C3	270
1	6	C3	271
1	6	C3	272
1	6	C3	273
1	6	C3	274
1	6	C3	275
1	6	C3	276
1	6	C3	277
1	6	C3	278
1	6	C3	279
1	6	C3	280
1	6	C3	281
1	6	C3	282
1	6	C3	283
1	6	C3	284
1	6	C3	285
1	6	C3	286
1	6	C3	287
1	6	C3	288
1	6	C3	289
1	6	C3	290
1	6	C3	291
1	6	C3	292
1	6	C3	293
1	6	C3	294
1	6	C3	295
1	6	C3	296
1	6	C3	297
1	6	C3	298
1	6	C3	299
1	6	C3	300
1	6	C3	301
1	6	C3	302
1	6	C3	303
1	6	C3	304
1	6	C3	305
1	6	C3	306
1	6	C3	307
1	6	C3	308
1	6	C3	309
1	6	C3	310
1	6	C3	311
1	6	C3	312
1	6	C3	313
1	6	C3	314
1	6	C3	315
1	6	C3	316
1	6	C3	317
1	6	C3	318
1	6	C3	319
1	6	C3	320
1	6	C3	321
1	6	C3	322
1	6	C3	323
1	6	C3	324
1	6	C3	325
1	6	C3	326
1	6	C3	327
1	6	C3	328
1	6	C3	329
1	6	C3	330
1	6	C3	331
1	6	C3	332
1	6	C3	333
1	6	C3	334
1	6	C3	335
1	6	C3	336
1	6	C3	337
1	6	C3	338
1	6	C3	339
1	6	C3	340
1	6	C3	341
1	6	C3	342
1	6	C3	343
1	6	C3	344
1	6	C3	345
1	6	C3	346
1	6	C3	347
1	6	C3	348
1	6	C4	0
1	6	C4	1
1	6	C4	2
1	6	C4	3
1	6	C4	4
1	6	C4	5
1	6	C4	6
1	6	C4	7
1	6	C4	8
1	6	C4	9
1	6	C4	10
1	6	C4	11
1	6	C4	12
1	6	C4	13
1	6	C4	14
1	6	C4	15
1	6	C4	16
1	6	C4	17
1	6	C4	18
1	6	C4	19
1	6	C4	20
1	6	C4	21
1	6	C4	22
1	6	C4	23
1	6	C4	24
1	6	C4	25
1	6	C4	26
1	6	C4	27
1	6	C4	28
1	6	C4	29
1	6	C4	30
1	6	C4	31
1	6	C4	32
1	6	C4	33
1	6	C4	34
1	6	C4	35
1	6	C4	36
1	6	C4	37
1	6	C4	38
1	6	C4	39
1	6	C4	40
1	6	C4	41
1	6	C4	42
1	6	C4	43
1	6	C4	44
1	6	C4	45
1	6	C4	46
1	6	C4	47
1	6	C4	48
1	6	C4	49
1	6	C4	50
1	6	C4	51
1	6	C4	52
1	6	C4	53
1	6	C4	54
1	6	C4	55
1	6	C4	56
1	6	C4	57
1	6	C4	58
1	6	C4	59
1	6	C4	60
1	6	C4	61
1	6	C4	62
1	6	C4	63
1	6	C4	64
1	6	C4	65
1	6	C4	66
1	6	C4	67
1	6	C4	68
1	6	C4	69
1	6	C4	70
1	6	C4	71
1	6	C4	72
1	6	C4	73
1	6	C4	74
1	6	C4	75
1	6	C4	76
1	6	C4	77
1	6	C4	78
1	6	C4	79
1	6	C4	80
1	6	C4	81
1	6	C4	82
1	6	C4	83
1	6	C4	84
1	6	C4	85
1	6	C4	86
1	6	C4	87
1	6	C4	88
1	6	C4	89
1	6	C4	90
1	6	C4	91
1	6	C4	92
1	6	C4	93
1	6	C4	94
1	6	C4	95
1	6	C4	96
1	6	C4	97
1	6	C4	98
1	6	C4	99
1	6	C4	100
1	6	C4	101
1	6	C4	102
1	6	C4	103
1	6	C4	104
1	6	C4	105
1	6	C4	106
1	6	C4	107
1	6	C4	108
1	6	C4	109
1	6	C4	110
1	6	C4	111
1	6	C4	112
1	6	C4	113
1	6	C4	114
1	6	C4	115
1	6	C4	116
1	6	C4	117
1	6	C4	118
1	6	C4	119
1	6	C4	120
1	6	C4	121
1	6	C4	122
1	6	C4	123
1	6	C4	124
1	6	C4	125
1	6	C4	126
1	6	C4	127
1	6	C4	128
1	6	C4	129
1	6	C4	130
1	6	C4	131
1	6	C4	132
1	6	C4	133
1	6	C4	134
1	6	C4	135
1	6	C4	136
1	6	C4	137
1	6	C4	138
1	6	C4	139
1	6	C4	140
1	6	C4	141
1	6	C4	142
1	6	C4	143
1	6	C4	144
1	6	C4	145
1	6	C4	146
1	6	C4	147
1	6	C4	148
1	6	C4	149
1	6	C4	150
1	6	C4	151
1	6	C4	152
1	6	C4	153
1	6	C4	154
1	6	C4	155
1	6	C4	156
1	6	C4	157
1	6	C4	158
1	6	C4	159
1	6	C4	160
1	6	C4	161
1	6	C4	162
1	6	C4	163
1	6	C4	164
1	6	C4	165
1	6	C4	166
1	6	C4	167
1	6	C4	168
1	6	C4	169
1	6	C4	170
1	6	C4	171
1	6	C4	172
1	6	C4	173
1	6	C4	174
1	6	C4	175
1	6	C4	176
1	6	C4	177
1	6	C4	178
1	6	C4	179
1	6	C4	180
1	6	C4	181
1	6	C4	182
1	6	C4	183
1	6	C4	184
1	6	C4	185
1	6	C4	186
1	6	C4	187
1	6	C4	188
1	6	C4	189
1	6	C4	190
1	6	C4	191
1	6	C4	192
1	6	C4	193
1	6	C4	194
1	6	C4	195
1	6	C4	196
1	6	C4	197
1	6	C4	198
1	6	C4	199
1	6	C4	200
1	6	C4	201
1	6	C4	202
1	6	C4	203
1	6	C4	204
1	6	C4	205
1	6	C4	206
1	6	C4	207
1	6	C4	208
1	6	C4	209
1	6	C4	210
1	6	C4	211
1	6	C4	212
1	6	C4	213
1	6	C4	214
1	6	C4	215
1	6	C4	216
1	6	C4	217
1	6	C4	218
1	6	C4	219
1	6	C4	220
1	6	C4	221
1	6	C4	222
1	6	C4	223
1	6	C4	224
1	6	C4	225
1	6	C4	226
1	6	C4	227
1	6	C4	228
1	6	C4	229
1	6	C4	230
1	6	C4	231
1	6	C4	232
1	6	C4	233
1	6	C4	234
1	6	C4	235
1	6	C4	236
1	6	C4	237
1	6	C4	238
1	6	C4	239
1	6	C4	240
1	6	C4	241
1	6	C4	242
1	6	C4	243
1	6	C4	244
1	6	C4	245
1	6	C4	246
1	6	C4	247
1	6	C4	248
1	6	C4	249
1	6	C4	250
1	6	C4	251
1	6	C4	252
1	6	C4	253
1	6	C4	254
1	6	C4	255
1	6	C4	256
1	6	C4	257
1	6	C4	258
1	6	C4	259
1	6	C4	260
1	6	C4	261
1	6	C4	262
1	6	C4	263
1	6	C4	264
1	6	C4	265
1	6	C4	266
1	6	C4	267
1	6	C4	268
1	6	C4	269
1	6	C4	270
1	6	C4	271
1	6	C4	272
1	6	C4	273
1	6	C4	274
1	6	C4	275
1	6	C4	276
1	6	C4	277
1	6	C4	278
1	6	C4	279
1	6	C4	280
1	6	C4	281
1	6	C4	282
1	6	C4	283
1	6	C4	284
1	6	C4	285
1	6	C4	286
1	6	C4	287
1	6	C4	288
1	6	C4	289
1	6	C4	290
1	6	C4	291
1	6	C4	292
1	6	C4	293
1	6	C4	294
1	6	C4	295
1	6	C4	296
1	6	C4	297
1	6	C4	298
1	6	C4	299
1	6	C4	300
1	6	C4	301
1	6	C4	302
1	6	C4	303
1	6	C4	304
1	6	C4	305
1	6	C4	306
1	6	C4	307
1	6	C4	308
1	6	C4	309
1	6	C4	310
1	6	C4	311
1	6	C4	312
1	6	C4	313
1	6	C4	314
1	6	C4	315
1	6	C4	316
1	6	C4	317
1	6	C4	318
1	6	C4	319
1	6	C4	320
1	6	C4	321
1	6	C4	322
1	6	C4	323
1	6	C4	324
1	6	C4	325
1	6	C4	326
1	6	C4	327
1	6	C4	328
1	6	C4	329
1	6	C4	330
1	6	C4	331
1	6	C4	332
1	6	C4	333
1	6	C4	334
1	6	C4	335
1	6	C4	336
1	6	C4	337
1	6	C4	338
1	6	C4	339
1	6	C4	340
1	6	C4	341
1	6	C4	342
1	6	C4	343
1	6	C4	344
1	6	C4	345
1	6	C4	346
1	6	C4	347
1	6	C4	348
1	7	A1	0
1	7	A1	1
1	7	A1	2
1	7	A1	3
1	7	A1	4
1	7	A1	5
1	7	A1	6
1	7	A1	7
1	7	A1	8
1	7	A1	9
1	7	A1	10
1	7	A1	11
1	7	A1	12
1	7	A1	13
1	7	A1	14
1	7	A1	15
1	7	A1	16
1	7	A1	17
1	7	A1	18
1	7	A1	19
1	7	A1	20
1	7	A1	21
1	7	A1	22
1	7	A1	23
1	7	A1	24
1	7	A1	25
1	7	A1	26
1	7	A1	27
1	7	A1	28
1	7	A1	29
1	7	A1	30
1	7	A1	31
1	7	A1	32
1	7	A1	33
1	7	A1	34
1	7	A1	35
1	7	A1	36
1	7	A1	37
1	7	A1	38
1	7	A1	39
1	7	A1	40
1	7	A1	41
1	7	A1	42
1	7	A1	43
1	7	A1	44
1	7	A1	45
1	7	A1	46
1	7	A1	47
1	7	A1	48
1	7	A1	49
1	7	A1	50
1	7	A1	51
1	7	A1	52
1	7	A1	53
1	7	A1	54
1	7	A1	55
1	7	A1	56
1	7	A1	57
1	7	A1	58
1	7	A1	59
1	7	A1	60
1	7	A1	61
1	7	A1	62
1	7	A1	63
1	7	A1	64
1	7	A1	65
1	7	A1	66
1	7	A1	67
1	7	A1	68
1	7	A1	69
1	7	A1	70
1	7	A1	71
1	7	A1	72
1	7	A1	73
1	7	A1	74
1	7	A1	75
1	7	A1	76
1	7	A1	77
1	7	A1	78
1	7	A1	79
1	7	A1	80
1	7	A1	81
1	7	A1	82
1	7	A1	83
1	7	A1	84
1	7	A1	85
1	7	A1	86
1	7	A1	87
1	7	A1	88
1	7	A1	89
1	7	A1	90
1	7	A1	91
1	7	A1	92
1	7	A1	93
1	7	A1	94
1	7	A1	95
1	7	A1	96
1	7	A1	97
1	7	A1	98
1	7	A1	99
1	7	A1	100
1	7	A1	101
1	7	A1	102
1	7	A1	103
1	7	A1	104
1	7	A1	105
1	7	A1	106
1	7	A1	107
1	7	A1	108
1	7	A1	109
1	7	A1	110
1	7	A1	111
1	7	A1	112
1	7	A1	113
1	7	A1	114
1	7	A1	115
1	7	A1	116
1	7	A1	117
1	7	A1	118
1	7	A1	119
1	7	A1	120
1	7	A1	121
1	7	A1	122
1	7	A1	123
1	7	A1	124
1	7	A1	125
1	7	A1	126
1	7	A1	127
1	7	A1	128
1	7	A1	129
1	7	A1	130
1	7	A1	131
1	7	A1	132
1	7	A1	133
1	7	A1	134
1	7	A1	135
1	7	A1	136
1	7	A1	137
1	7	A1	138
1	7	A1	139
1	7	A1	140
1	7	A1	141
1	7	A1	142
1	7	A1	143
1	7	A1	144
1	7	A1	145
1	7	A1	146
1	7	A1	147
1	7	A1	148
1	7	A1	149
1	7	A1	150
1	7	A1	151
1	7	A1	152
1	7	A1	153
1	7	A1	154
1	7	A1	155
1	7	A1	156
1	7	A1	157
1	7	A1	158
1	7	A1	159
1	7	A1	160
1	7	A1	161
1	7	A1	162
1	7	A1	163
1	7	A1	164
1	7	A1	165
1	7	A1	166
1	7	A1	167
1	7	A1	168
1	7	A1	169
1	7	A1	170
1	7	A1	171
1	7	A1	172
1	7	A1	173
1	7	A1	174
1	7	A1	175
1	7	A1	176
1	7	A1	177
1	7	A1	178
1	7	A1	179
1	7	A1	180
1	7	A1	181
1	7	A1	182
1	7	A1	183
1	7	A1	184
1	7	A1	185
1	7	A1	186
1	7	A1	187
1	7	A1	188
1	7	A1	189
1	7	A1	190
1	7	A1	191
1	7	A1	192
1	7	A1	193
1	7	A1	194
1	7	A1	195
1	7	A1	196
1	7	A1	197
1	7	A1	198
1	7	A1	199
1	7	A1	200
1	7	A1	201
1	7	A1	202
1	7	A1	203
1	7	A1	204
1	7	A1	205
1	7	A1	206
1	7	A1	207
1	7	A1	208
1	7	A1	209
1	7	A1	210
1	7	A1	211
1	7	A1	212
1	7	A1	213
1	7	A1	214
1	7	A1	215
1	7	A1	216
1	7	A1	217
1	7	A1	218
1	7	A1	219
1	7	A1	220
1	7	A1	221
1	7	A1	222
1	7	A1	223
1	7	A1	224
1	7	A1	225
1	7	A1	226
1	7	A1	227
1	7	A1	228
1	7	A1	229
1	7	A1	230
1	7	A1	231
1	7	A1	232
1	7	A1	233
1	7	A1	234
1	7	A1	235
1	7	A1	236
1	7	A1	237
1	7	A1	238
1	7	A1	239
1	7	A1	240
1	7	A1	241
1	7	A1	242
1	7	A1	243
1	7	A1	244
1	7	A1	245
1	7	A1	246
1	7	A1	247
1	7	A1	248
1	7	A1	249
1	7	A1	250
1	7	A1	251
1	7	A1	252
1	7	A1	253
1	7	A1	254
1	7	A1	255
1	7	A1	256
1	7	A1	257
1	7	A1	258
1	7	A1	259
1	7	A1	260
1	7	A1	261
1	7	A1	262
1	7	A1	263
1	7	A1	264
1	7	A1	265
1	7	A1	266
1	7	A1	267
1	7	A1	268
1	7	A1	269
1	7	A1	270
1	7	A1	271
1	7	A1	272
1	7	A1	273
1	7	A1	274
1	7	A1	275
1	7	A1	276
1	7	A1	277
1	7	A1	278
1	7	A1	279
1	7	A1	280
1	7	A1	281
1	7	A1	282
1	7	A1	283
1	7	A1	284
1	7	A1	285
1	7	A1	286
1	7	A1	287
1	7	A1	288
1	7	A1	289
1	7	A1	290
1	7	A1	291
1	7	A1	292
1	7	A1	293
1	7	A1	294
1	7	A1	295
1	7	A1	296
1	7	A1	297
1	7	A1	298
1	7	A1	299
1	7	A1	300
1	7	A1	301
1	7	A1	302
1	7	A1	303
1	7	A1	304
1	7	A1	305
1	7	A1	306
1	7	A1	307
1	7	A1	308
1	7	A1	309
1	7	A1	310
1	7	A1	311
1	7	A1	312
1	7	A1	313
1	7	A1	314
1	7	A1	315
1	7	A1	316
1	7	A1	317
1	7	A1	318
1	7	A1	319
1	7	A1	320
1	7	A1	321
1	7	A1	322
1	7	A1	323
1	7	A1	324
1	7	A1	325
1	7	A1	326
1	7	A1	327
1	7	A1	328
1	7	A1	329
1	7	A1	330
1	7	A1	331
1	7	A1	332
1	7	A1	333
1	7	A1	334
1	7	A1	335
1	7	A1	336
1	7	A1	337
1	7	A1	338
1	7	A1	339
1	7	A1	340
1	7	A1	341
1	7	A1	342
1	7	A1	343
1	7	A1	344
1	7	A1	345
1	7	A1	346
1	7	A1	347
1	7	A1	348
1	7	A2	0
1	7	A2	1
1	7	A2	2
1	7	A2	3
1	7	A2	4
1	7	A2	5
1	7	A2	6
1	7	A2	7
1	7	A2	8
1	7	A2	9
1	7	A2	10
1	7	A2	11
1	7	A2	12
1	7	A2	13
1	7	A2	14
1	7	A2	15
1	7	A2	16
1	7	A2	17
1	7	A2	18
1	7	A2	19
1	7	A2	20
1	7	A2	21
1	7	A2	22
1	7	A2	23
1	7	A2	24
1	7	A2	25
1	7	A2	26
1	7	A2	27
1	7	A2	28
1	7	A2	29
1	7	A2	30
1	7	A2	31
1	7	A2	32
1	7	A2	33
1	7	A2	34
1	7	A2	35
1	7	A2	36
1	7	A2	37
1	7	A2	38
1	7	A2	39
1	7	A2	40
1	7	A2	41
1	7	A2	42
1	7	A2	43
1	7	A2	44
1	7	A2	45
1	7	A2	46
1	7	A2	47
1	7	A2	48
1	7	A2	49
1	7	A2	50
1	7	A2	51
1	7	A2	52
1	7	A2	53
1	7	A2	54
1	7	A2	55
1	7	A2	56
1	7	A2	57
1	7	A2	58
1	7	A2	59
1	7	A2	60
1	7	A2	61
1	7	A2	62
1	7	A2	63
1	7	A2	64
1	7	A2	65
1	7	A2	66
1	7	A2	67
1	7	A2	68
1	7	A2	69
1	7	A2	70
1	7	A2	71
1	7	A2	72
1	7	A2	73
1	7	A2	74
1	7	A2	75
1	7	A2	76
1	7	A2	77
1	7	A2	78
1	7	A2	79
1	7	A2	80
1	7	A2	81
1	7	A2	82
1	7	A2	83
1	7	A2	84
1	7	A2	85
1	7	A2	86
1	7	A2	87
1	7	A2	88
1	7	A2	89
1	7	A2	90
1	7	A2	91
1	7	A2	92
1	7	A2	93
1	7	A2	94
1	7	A2	95
1	7	A2	96
1	7	A2	97
1	7	A2	98
1	7	A2	99
1	7	A2	100
1	7	A2	101
1	7	A2	102
1	7	A2	103
1	7	A2	104
1	7	A2	105
1	7	A2	106
1	7	A2	107
1	7	A2	108
1	7	A2	109
1	7	A2	110
1	7	A2	111
1	7	A2	112
1	7	A2	113
1	7	A2	114
1	7	A2	115
1	7	A2	116
1	7	A2	117
1	7	A2	118
1	7	A2	119
1	7	A2	120
1	7	A2	121
1	7	A2	122
1	7	A2	123
1	7	A2	124
1	7	A2	125
1	7	A2	126
1	7	A2	127
1	7	A2	128
1	7	A2	129
1	7	A2	130
1	7	A2	131
1	7	A2	132
1	7	A2	133
1	7	A2	134
1	7	A2	135
1	7	A2	136
1	7	A2	137
1	7	A2	138
1	7	A2	139
1	7	A2	140
1	7	A2	141
1	7	A2	142
1	7	A2	143
1	7	A2	144
1	7	A2	145
1	7	A2	146
1	7	A2	147
1	7	A2	148
1	7	A2	149
1	7	A2	150
1	7	A2	151
1	7	A2	152
1	7	A2	153
1	7	A2	154
1	7	A2	155
1	7	A2	156
1	7	A2	157
1	7	A2	158
1	7	A2	159
1	7	A2	160
1	7	A2	161
1	7	A2	162
1	7	A2	163
1	7	A2	164
1	7	A2	165
1	7	A2	166
1	7	A2	167
1	7	A2	168
1	7	A2	169
1	7	A2	170
1	7	A2	171
1	7	A2	172
1	7	A2	173
1	7	A2	174
1	7	A2	175
1	7	A2	176
1	7	A2	177
1	7	A2	178
1	7	A2	179
1	7	A2	180
1	7	A2	181
1	7	A2	182
1	7	A2	183
1	7	A2	184
1	7	A2	185
1	7	A2	186
1	7	A2	187
1	7	A2	188
1	7	A2	189
1	7	A2	190
1	7	A2	191
1	7	A2	192
1	7	A2	193
1	7	A2	194
1	7	A2	195
1	7	A2	196
1	7	A2	197
1	7	A2	198
1	7	A2	199
1	7	A2	200
1	7	A2	201
1	7	A2	202
1	7	A2	203
1	7	A2	204
1	7	A2	205
1	7	A2	206
1	7	A2	207
1	7	A2	208
1	7	A2	209
1	7	A2	210
1	7	A2	211
1	7	A2	212
1	7	A2	213
1	7	A2	214
1	7	A2	215
1	7	A2	216
1	7	A2	217
1	7	A2	218
1	7	A2	219
1	7	A2	220
1	7	A2	221
1	7	A2	222
1	7	A2	223
1	7	A2	224
1	7	A2	225
1	7	A2	226
1	7	A2	227
1	7	A2	228
1	7	A2	229
1	7	A2	230
1	7	A2	231
1	7	A2	232
1	7	A2	233
1	7	A2	234
1	7	A2	235
1	7	A2	236
1	7	A2	237
1	7	A2	238
1	7	A2	239
1	7	A2	240
1	7	A2	241
1	7	A2	242
1	7	A2	243
1	7	A2	244
1	7	A2	245
1	7	A2	246
1	7	A2	247
1	7	A2	248
1	7	A2	249
1	7	A2	250
1	7	A2	251
1	7	A2	252
1	7	A2	253
1	7	A2	254
1	7	A2	255
1	7	A2	256
1	7	A2	257
1	7	A2	258
1	7	A2	259
1	7	A2	260
1	7	A2	261
1	7	A2	262
1	7	A2	263
1	7	A2	264
1	7	A2	265
1	7	A2	266
1	7	A2	267
1	7	A2	268
1	7	A2	269
1	7	A2	270
1	7	A2	271
1	7	A2	272
1	7	A2	273
1	7	A2	274
1	7	A2	275
1	7	A2	276
1	7	A2	277
1	7	A2	278
1	7	A2	279
1	7	A2	280
1	7	A2	281
1	7	A2	282
1	7	A2	283
1	7	A2	284
1	7	A2	285
1	7	A2	286
1	7	A2	287
1	7	A2	288
1	7	A2	289
1	7	A2	290
1	7	A2	291
1	7	A2	292
1	7	A2	293
1	7	A2	294
1	7	A2	295
1	7	A2	296
1	7	A2	297
1	7	A2	298
1	7	A2	299
1	7	A2	300
1	7	A2	301
1	7	A2	302
1	7	A2	303
1	7	A2	304
1	7	A2	305
1	7	A2	306
1	7	A2	307
1	7	A2	308
1	7	A2	309
1	7	A2	310
1	7	A2	311
1	7	A2	312
1	7	A2	313
1	7	A2	314
1	7	A2	315
1	7	A2	316
1	7	A2	317
1	7	A2	318
1	7	A2	319
1	7	A2	320
1	7	A2	321
1	7	A2	322
1	7	A2	323
1	7	A2	324
1	7	A2	325
1	7	A2	326
1	7	A2	327
1	7	A2	328
1	7	A2	329
1	7	A2	330
1	7	A2	331
1	7	A2	332
1	7	A2	333
1	7	A2	334
1	7	A2	335
1	7	A2	336
1	7	A2	337
1	7	A2	338
1	7	A2	339
1	7	A2	340
1	7	A2	341
1	7	A2	342
1	7	A2	343
1	7	A2	344
1	7	A2	345
1	7	A2	346
1	7	A2	347
1	7	A2	348
1	7	C2	0
1	7	C2	1
1	7	C2	2
1	7	C2	3
1	7	C2	4
1	7	C2	5
1	7	C2	6
1	7	C2	7
1	7	C2	8
1	7	C2	9
1	7	C2	10
1	7	C2	11
1	7	C2	12
1	7	C2	13
1	7	C2	14
1	7	C2	15
1	7	C2	16
1	7	C2	17
1	7	C2	18
1	7	C2	19
1	7	C2	20
1	7	C2	21
1	7	C2	22
1	7	C2	23
1	7	C2	24
1	7	C2	25
1	7	C2	26
1	7	C2	27
1	7	C2	28
1	7	C2	29
1	7	C2	30
1	7	C2	31
1	7	C2	32
1	7	C2	33
1	7	C2	34
1	7	C2	35
1	7	C2	36
1	7	C2	37
1	7	C2	38
1	7	C2	39
1	7	C2	40
1	7	C2	41
1	7	C2	42
1	7	C2	43
1	7	C2	44
1	7	C2	45
1	7	C2	46
1	7	C2	47
1	7	C2	48
1	7	C2	49
1	7	C2	50
1	7	C2	51
1	7	C2	52
1	7	C2	53
1	7	C2	54
1	7	C2	55
1	7	C2	56
1	7	C2	57
1	7	C2	58
1	7	C2	59
1	7	C2	60
1	7	C2	61
1	7	C2	62
1	7	C2	63
1	7	C2	64
1	7	C2	65
1	7	C2	66
1	7	C2	67
1	7	C2	68
1	7	C2	69
1	7	C2	70
1	7	C2	71
1	7	C2	72
1	7	C2	73
1	7	C2	74
1	7	C2	75
1	7	C2	76
1	7	C2	77
1	7	C2	78
1	7	C2	79
1	7	C2	80
1	7	C2	81
1	7	C2	82
1	7	C2	83
1	7	C2	84
1	7	C2	85
1	7	C2	86
1	7	C2	87
1	7	C2	88
1	7	C2	89
1	7	C2	90
1	7	C2	91
1	7	C2	92
1	7	C2	93
1	7	C2	94
1	7	C2	95
1	7	C2	96
1	7	C2	97
1	7	C2	98
1	7	C2	99
1	7	C2	100
1	7	C2	101
1	7	C2	102
1	7	C2	103
1	7	C2	104
1	7	C2	105
1	7	C2	106
1	7	C2	107
1	7	C2	108
1	7	C2	109
1	7	C2	110
1	7	C2	111
1	7	C2	112
1	7	C2	113
1	7	C2	114
1	7	C2	115
1	7	C2	116
1	7	C2	117
1	7	C2	118
1	7	C2	119
1	7	C2	120
1	7	C2	121
1	7	C2	122
1	7	C2	123
1	7	C2	124
1	7	C2	125
1	7	C2	126
1	7	C2	127
1	7	C2	128
1	7	C2	129
1	7	C2	130
1	7	C2	131
1	7	C2	132
1	7	C2	133
1	7	C2	134
1	7	C2	135
1	7	C2	136
1	7	C2	137
1	7	C2	138
1	7	C2	139
1	7	C2	140
1	7	C2	141
1	7	C2	142
1	7	C2	143
1	7	C2	144
1	7	C2	145
1	7	C2	146
1	7	C2	147
1	7	C2	148
1	7	C2	149
1	7	C2	150
1	7	C2	151
1	7	C2	152
1	7	C2	153
1	7	C2	154
1	7	C2	155
1	7	C2	156
1	7	C2	157
1	7	C2	158
1	7	C2	159
1	7	C2	160
1	7	C2	161
1	7	C2	162
1	7	C2	163
1	7	C2	164
1	7	C2	165
1	7	C2	166
1	7	C2	167
1	7	C2	168
1	7	C2	169
1	7	C2	170
1	7	C2	171
1	7	C2	172
1	7	C2	173
1	7	C2	174
1	7	C2	175
1	7	C2	176
1	7	C2	177
1	7	C2	178
1	7	C2	179
1	7	C2	180
1	7	C2	181
1	7	C2	182
1	7	C2	183
1	7	C2	184
1	7	C2	185
1	7	C2	186
1	7	C2	187
1	7	C2	188
1	7	C2	189
1	7	C2	190
1	7	C2	191
1	7	C2	192
1	7	C2	193
1	7	C2	194
1	7	C2	195
1	7	C2	196
1	7	C2	197
1	7	C2	198
1	7	C2	199
1	7	C2	200
1	7	C2	201
1	7	C2	202
1	7	C2	203
1	7	C2	204
1	7	C2	205
1	7	C2	206
1	7	C2	207
1	7	C2	208
1	7	C2	209
1	7	C2	210
1	7	C2	211
1	7	C2	212
1	7	C2	213
1	7	C2	214
1	7	C2	215
1	7	C2	216
1	7	C2	217
1	7	C2	218
1	7	C2	219
1	7	C2	220
1	7	C2	221
1	7	C2	222
1	7	C2	223
1	7	C2	224
1	7	C2	225
1	7	C2	226
1	7	C2	227
1	7	C2	228
1	7	C2	229
1	7	C2	230
1	7	C2	231
1	7	C2	232
1	7	C2	233
1	7	C2	234
1	7	C2	235
1	7	C2	236
1	7	C2	237
1	7	C2	238
1	7	C2	239
1	7	C2	240
1	7	C2	241
1	7	C2	242
1	7	C2	243
1	7	C2	244
1	7	C2	245
1	7	C2	246
1	7	C2	247
1	7	C2	248
1	7	C2	249
1	7	C2	250
1	7	C2	251
1	7	C2	252
1	7	C2	253
1	7	C2	254
1	7	C2	255
1	7	C2	256
1	7	C2	257
1	7	C2	258
1	7	C2	259
1	7	C2	260
1	7	C2	261
1	7	C2	262
1	7	C2	263
1	7	C2	264
1	7	C2	265
1	7	C2	266
1	7	C2	267
1	7	C2	268
1	7	C2	269
1	7	C2	270
1	7	C2	271
1	7	C2	272
1	7	C2	273
1	7	C2	274
1	7	C2	275
1	7	C2	276
1	7	C2	277
1	7	C2	278
1	7	C2	279
1	7	C2	280
1	7	C2	281
1	7	C2	282
1	7	C2	283
1	7	C2	284
1	7	C2	285
1	7	C2	286
1	7	C2	287
1	7	C2	288
1	7	C2	289
1	7	C2	290
1	7	C2	291
1	7	C2	292
1	7	C2	293
1	7	C2	294
1	7	C2	295
1	7	C2	296
1	7	C2	297
1	7	C2	298
1	7	C2	299
1	7	C2	300
1	7	C2	301
1	7	C2	302
1	7	C2	303
1	7	C2	304
1	7	C2	305
1	7	C2	306
1	7	C2	307
1	7	C2	308
1	7	C2	309
1	7	C2	310
1	7	C2	311
1	7	C2	312
1	7	C2	313
1	7	C2	314
1	7	C2	315
1	7	C2	316
1	7	C2	317
1	7	C2	318
1	7	C2	319
1	7	C2	320
1	7	C2	321
1	7	C2	322
1	7	C2	323
1	7	C2	324
1	7	C2	325
1	7	C2	326
1	7	C2	327
1	7	C2	328
1	7	C2	329
1	7	C2	330
1	7	C2	331
1	7	C2	332
1	7	C2	333
1	7	C2	334
1	7	C2	335
1	7	C2	336
1	7	C2	337
1	7	C2	338
1	7	C2	339
1	7	C2	340
1	7	C2	341
1	7	C2	342
1	7	C2	343
1	7	C2	344
1	7	C2	345
1	7	C2	346
1	7	C2	347
1	7	C2	348
1	7	C3	0
1	7	C3	1
1	7	C3	2
1	7	C3	3
1	7	C3	4
1	7	C3	5
1	7	C3	6
1	7	C3	7
1	7	C3	8
1	7	C3	9
1	7	C3	10
1	7	C3	11
1	7	C3	12
1	7	C3	13
1	7	C3	14
1	7	C3	15
1	7	C3	16
1	7	C3	17
1	7	C3	18
1	7	C3	19
1	7	C3	20
1	7	C3	21
1	7	C3	22
1	7	C3	23
1	7	C3	24
1	7	C3	25
1	7	C3	26
1	7	C3	27
1	7	C3	28
1	7	C3	29
1	7	C3	30
1	7	C3	31
1	7	C3	32
1	7	C3	33
1	7	C3	34
1	7	C3	35
1	7	C3	36
1	7	C3	37
1	7	C3	38
1	7	C3	39
1	7	C3	40
1	7	C3	41
1	7	C3	42
1	7	C3	43
1	7	C3	44
1	7	C3	45
1	7	C3	46
1	7	C3	47
1	7	C3	48
1	7	C3	49
1	7	C3	50
1	7	C3	51
1	7	C3	52
1	7	C3	53
1	7	C3	54
1	7	C3	55
1	7	C3	56
1	7	C3	57
1	7	C3	58
1	7	C3	59
1	7	C3	60
1	7	C3	61
1	7	C3	62
1	7	C3	63
1	7	C3	64
1	7	C3	65
1	7	C3	66
1	7	C3	67
1	7	C3	68
1	7	C3	69
1	7	C3	70
1	7	C3	71
1	7	C3	72
1	7	C3	73
1	7	C3	74
1	7	C3	75
1	7	C3	76
1	7	C3	77
1	7	C3	78
1	7	C3	79
1	7	C3	80
1	7	C3	81
1	7	C3	82
1	7	C3	83
1	7	C3	84
1	7	C3	85
1	7	C3	86
1	7	C3	87
1	7	C3	88
1	7	C3	89
1	7	C3	90
1	7	C3	91
1	7	C3	92
1	7	C3	93
1	7	C3	94
1	7	C3	95
1	7	C3	96
1	7	C3	97
1	7	C3	98
1	7	C3	99
1	7	C3	100
1	7	C3	101
1	7	C3	102
1	7	C3	103
1	7	C3	104
1	7	C3	105
1	7	C3	106
1	7	C3	107
1	7	C3	108
1	7	C3	109
1	7	C3	110
1	7	C3	111
1	7	C3	112
1	7	C3	113
1	7	C3	114
1	7	C3	115
1	7	C3	116
1	7	C3	117
1	7	C3	118
1	7	C3	119
1	7	C3	120
1	7	C3	121
1	7	C3	122
1	7	C3	123
1	7	C3	124
1	7	C3	125
1	7	C3	126
1	7	C3	127
1	7	C3	128
1	7	C3	129
1	7	C3	130
1	7	C3	131
1	7	C3	132
1	7	C3	133
1	7	C3	134
1	7	C3	135
1	7	C3	136
1	7	C3	137
1	7	C3	138
1	7	C3	139
1	7	C3	140
1	7	C3	141
1	7	C3	142
1	7	C3	143
1	7	C3	144
1	7	C3	145
1	7	C3	146
1	7	C3	147
1	7	C3	148
1	7	C3	149
1	7	C3	150
1	7	C3	151
1	7	C3	152
1	7	C3	153
1	7	C3	154
1	7	C3	155
1	7	C3	156
1	7	C3	157
1	7	C3	158
1	7	C3	159
1	7	C3	160
1	7	C3	161
1	7	C3	162
1	7	C3	163
1	7	C3	164
1	7	C3	165
1	7	C3	166
1	7	C3	167
1	7	C3	168
1	7	C3	169
1	7	C3	170
1	7	C3	171
1	7	C3	172
1	7	C3	173
1	7	C3	174
1	7	C3	175
1	7	C3	176
1	7	C3	177
1	7	C3	178
1	7	C3	179
1	7	C3	180
1	7	C3	181
1	7	C3	182
1	7	C3	183
1	7	C3	184
1	7	C3	185
1	7	C3	186
1	7	C3	187
1	7	C3	188
1	7	C3	189
1	7	C3	190
1	7	C3	191
1	7	C3	192
1	7	C3	193
1	7	C3	194
1	7	C3	195
1	7	C3	196
1	7	C3	197
1	7	C3	198
1	7	C3	199
1	7	C3	200
1	7	C3	201
1	7	C3	202
1	7	C3	203
1	7	C3	204
1	7	C3	205
1	7	C3	206
1	7	C3	207
1	7	C3	208
1	7	C3	209
1	7	C3	210
1	7	C3	211
1	7	C3	212
1	7	C3	213
1	7	C3	214
1	7	C3	215
1	7	C3	216
1	7	C3	217
1	7	C3	218
1	7	C3	219
1	7	C3	220
1	7	C3	221
1	7	C3	222
1	7	C3	223
1	7	C3	224
1	7	C3	225
1	7	C3	226
1	7	C3	227
1	7	C3	228
1	7	C3	229
1	7	C3	230
1	7	C3	231
1	7	C3	232
1	7	C3	233
1	7	C3	234
1	7	C3	235
1	7	C3	236
1	7	C3	237
1	7	C3	238
1	7	C3	239
1	7	C3	240
1	7	C3	241
1	7	C3	242
1	7	C3	243
1	7	C3	244
1	7	C3	245
1	7	C3	246
1	7	C3	247
1	7	C3	248
1	7	C3	249
1	7	C3	250
1	7	C3	251
1	7	C3	252
1	7	C3	253
1	7	C3	254
1	7	C3	255
1	7	C3	256
1	7	C3	257
1	7	C3	258
1	7	C3	259
1	7	C3	260
1	7	C3	261
1	7	C3	262
1	7	C3	263
1	7	C3	264
1	7	C3	265
1	7	C3	266
1	7	C3	267
1	7	C3	268
1	7	C3	269
1	7	C3	270
1	7	C3	271
1	7	C3	272
1	7	C3	273
1	7	C3	274
1	7	C3	275
1	7	C3	276
1	7	C3	277
1	7	C3	278
1	7	C3	279
1	7	C3	280
1	7	C3	281
1	7	C3	282
1	7	C3	283
1	7	C3	284
1	7	C3	285
1	7	C3	286
1	7	C3	287
1	7	C3	288
1	7	C3	289
1	7	C3	290
1	7	C3	291
1	7	C3	292
1	7	C3	293
1	7	C3	294
1	7	C3	295
1	7	C3	296
1	7	C3	297
1	7	C3	298
1	7	C3	299
1	7	C3	300
1	7	C3	301
1	7	C3	302
1	7	C3	303
1	7	C3	304
1	7	C3	305
1	7	C3	306
1	7	C3	307
1	7	C3	308
1	7	C3	309
1	7	C3	310
1	7	C3	311
1	7	C3	312
1	7	C3	313
1	7	C3	314
1	7	C3	315
1	7	C3	316
1	7	C3	317
1	7	C3	318
1	7	C3	319
1	7	C3	320
1	7	C3	321
1	7	C3	322
1	7	C3	323
1	7	C3	324
1	7	C3	325
1	7	C3	326
1	7	C3	327
1	7	C3	328
1	7	C3	329
1	7	C3	330
1	7	C3	331
1	7	C3	332
1	7	C3	333
1	7	C3	334
1	7	C3	335
1	7	C3	336
1	7	C3	337
1	7	C3	338
1	7	C3	339
1	7	C3	340
1	7	C3	341
1	7	C3	342
1	7	C3	343
1	7	C3	344
1	7	C3	345
1	7	C3	346
1	7	C3	347
1	7	C3	348
1	7	C4	0
1	7	C4	1
1	7	C4	2
1	7	C4	3
1	7	C4	4
1	7	C4	5
1	7	C4	6
1	7	C4	7
1	7	C4	8
1	7	C4	9
1	7	C4	10
1	7	C4	11
1	7	C4	12
1	7	C4	13
1	7	C4	14
1	7	C4	15
1	7	C4	16
1	7	C4	17
1	7	C4	18
1	7	C4	19
1	7	C4	20
1	7	C4	21
1	7	C4	22
1	7	C4	23
1	7	C4	24
1	7	C4	25
1	7	C4	26
1	7	C4	27
1	7	C4	28
1	7	C4	29
1	7	C4	30
1	7	C4	31
1	7	C4	32
1	7	C4	33
1	7	C4	34
1	7	C4	35
1	7	C4	36
1	7	C4	37
1	7	C4	38
1	7	C4	39
1	7	C4	40
1	7	C4	41
1	7	C4	42
1	7	C4	43
1	7	C4	44
1	7	C4	45
1	7	C4	46
1	7	C4	47
1	7	C4	48
1	7	C4	49
1	7	C4	50
1	7	C4	51
1	7	C4	52
1	7	C4	53
1	7	C4	54
1	7	C4	55
1	7	C4	56
1	7	C4	57
1	7	C4	58
1	7	C4	59
1	7	C4	60
1	7	C4	61
1	7	C4	62
1	7	C4	63
1	7	C4	64
1	7	C4	65
1	7	C4	66
1	7	C4	67
1	7	C4	68
1	7	C4	69
1	7	C4	70
1	7	C4	71
1	7	C4	72
1	7	C4	73
1	7	C4	74
1	7	C4	75
1	7	C4	76
1	7	C4	77
1	7	C4	78
1	7	C4	79
1	7	C4	80
1	7	C4	81
1	7	C4	82
1	7	C4	83
1	7	C4	84
1	7	C4	85
1	7	C4	86
1	7	C4	87
1	7	C4	88
1	7	C4	89
1	7	C4	90
1	7	C4	91
1	7	C4	92
1	7	C4	93
1	7	C4	94
1	7	C4	95
1	7	C4	96
1	7	C4	97
1	7	C4	98
1	7	C4	99
1	7	C4	100
1	7	C4	101
1	7	C4	102
1	7	C4	103
1	7	C4	104
1	7	C4	105
1	7	C4	106
1	7	C4	107
1	7	C4	108
1	7	C4	109
1	7	C4	110
1	7	C4	111
1	7	C4	112
1	7	C4	113
1	7	C4	114
1	7	C4	115
1	7	C4	116
1	7	C4	117
1	7	C4	118
1	7	C4	119
1	7	C4	120
1	7	C4	121
1	7	C4	122
1	7	C4	123
1	7	C4	124
1	7	C4	125
1	7	C4	126
1	7	C4	127
1	7	C4	128
1	7	C4	129
1	7	C4	130
1	7	C4	131
1	7	C4	132
1	7	C4	133
1	7	C4	134
1	7	C4	135
1	7	C4	136
1	7	C4	137
1	7	C4	138
1	7	C4	139
1	7	C4	140
1	7	C4	141
1	7	C4	142
1	7	C4	143
1	7	C4	144
1	7	C4	145
1	7	C4	146
1	7	C4	147
1	7	C4	148
1	7	C4	149
1	7	C4	150
1	7	C4	151
1	7	C4	152
1	7	C4	153
1	7	C4	154
1	7	C4	155
1	7	C4	156
1	7	C4	157
1	7	C4	158
1	7	C4	159
1	7	C4	160
1	7	C4	161
1	7	C4	162
1	7	C4	163
1	7	C4	164
1	7	C4	165
1	7	C4	166
1	7	C4	167
1	7	C4	168
1	7	C4	169
1	7	C4	170
1	7	C4	171
1	7	C4	172
1	7	C4	173
1	7	C4	174
1	7	C4	175
1	7	C4	176
1	7	C4	177
1	7	C4	178
1	7	C4	179
1	7	C4	180
1	7	C4	181
1	7	C4	182
1	7	C4	183
1	7	C4	184
1	7	C4	185
1	7	C4	186
1	7	C4	187
1	7	C4	188
1	7	C4	189
1	7	C4	190
1	7	C4	191
1	7	C4	192
1	7	C4	193
1	7	C4	194
1	7	C4	195
1	7	C4	196
1	7	C4	197
1	7	C4	198
1	7	C4	199
1	7	C4	200
1	7	C4	201
1	7	C4	202
1	7	C4	203
1	7	C4	204
1	7	C4	205
1	7	C4	206
1	7	C4	207
1	7	C4	208
1	7	C4	209
1	7	C4	210
1	7	C4	211
1	7	C4	212
1	7	C4	213
1	7	C4	214
1	7	C4	215
1	7	C4	216
1	7	C4	217
1	7	C4	218
1	7	C4	219
1	7	C4	220
1	7	C4	221
1	7	C4	222
1	7	C4	223
1	7	C4	224
1	7	C4	225
1	7	C4	226
1	7	C4	227
1	7	C4	228
1	7	C4	229
1	7	C4	230
1	7	C4	231
1	7	C4	232
1	7	C4	233
1	7	C4	234
1	7	C4	235
1	7	C4	236
1	7	C4	237
1	7	C4	238
1	7	C4	239
1	7	C4	240
1	7	C4	241
1	7	C4	242
1	7	C4	243
1	7	C4	244
1	7	C4	245
1	7	C4	246
1	7	C4	247
1	7	C4	248
1	7	C4	249
1	7	C4	250
1	7	C4	251
1	7	C4	252
1	7	C4	253
1	7	C4	254
1	7	C4	255
1	7	C4	256
1	7	C4	257
1	7	C4	258
1	7	C4	259
1	7	C4	260
1	7	C4	261
1	7	C4	262
1	7	C4	263
1	7	C4	264
1	7	C4	265
1	7	C4	266
1	7	C4	267
1	7	C4	268
1	7	C4	269
1	7	C4	270
1	7	C4	271
1	7	C4	272
1	7	C4	273
1	7	C4	274
1	7	C4	275
1	7	C4	276
1	7	C4	277
1	7	C4	278
1	7	C4	279
1	7	C4	280
1	7	C4	281
1	7	C4	282
1	7	C4	283
1	7	C4	284
1	7	C4	285
1	7	C4	286
1	7	C4	287
1	7	C4	288
1	7	C4	289
1	7	C4	290
1	7	C4	291
1	7	C4	292
1	7	C4	293
1	7	C4	294
1	7	C4	295
1	7	C4	296
1	7	C4	297
1	7	C4	298
1	7	C4	299
1	7	C4	300
1	7	C4	301
1	7	C4	302
1	7	C4	303
1	7	C4	304
1	7	C4	305
1	7	C4	306
1	7	C4	307
1	7	C4	308
1	7	C4	309
1	7	C4	310
1	7	C4	311
1	7	C4	312
1	7	C4	313
1	7	C4	314
1	7	C4	315
1	7	C4	316
1	7	C4	317
1	7	C4	318
1	7	C4	319
1	7	C4	320
1	7	C4	321
1	7	C4	322
1	7	C4	323
1	7	C4	324
1	7	C4	325
1	7	C4	326
1	7	C4	327
1	7	C4	328
1	7	C4	329
1	7	C4	330
1	7	C4	331
1	7	C4	332
1	7	C4	333
1	7	C4	334
1	7	C4	335
1	7	C4	336
1	7	C4	337
1	7	C4	338
1	7	C4	339
1	7	C4	340
1	7	C4	341
1	7	C4	342
1	7	C4	343
1	7	C4	344
1	7	C4	345
1	7	C4	346
1	7	C4	347
1	7	C4	348
1	8	A1	0
1	8	A1	1
1	8	A1	2
1	8	A1	3
1	8	A1	4
1	8	A1	5
1	8	A1	6
1	8	A1	7
1	8	A1	8
1	8	A1	9
1	8	A1	10
1	8	A1	11
1	8	A1	12
1	8	A1	13
1	8	A1	14
1	8	A1	15
1	8	A1	16
1	8	A1	17
1	8	A1	18
1	8	A1	19
1	8	A1	20
1	8	A1	21
1	8	A1	22
1	8	A1	23
1	8	A1	24
1	8	A1	25
1	8	A1	26
1	8	A1	27
1	8	A1	28
1	8	A1	29
1	8	A1	30
1	8	A1	31
1	8	A1	32
1	8	A1	33
1	8	A1	34
1	8	A1	35
1	8	A1	36
1	8	A1	37
1	8	A1	38
1	8	A1	39
1	8	A1	40
1	8	A1	41
1	8	A1	42
1	8	A1	43
1	8	A1	44
1	8	A1	45
1	8	A1	46
1	8	A1	47
1	8	A1	48
1	8	A1	49
1	8	A1	50
1	8	A1	51
1	8	A1	52
1	8	A1	53
1	8	A1	54
1	8	A1	55
1	8	A1	56
1	8	A1	57
1	8	A1	58
1	8	A1	59
1	8	A1	60
1	8	A1	61
1	8	A1	62
1	8	A1	63
1	8	A1	64
1	8	A1	65
1	8	A1	66
1	8	A1	67
1	8	A1	68
1	8	A1	69
1	8	A1	70
1	8	A1	71
1	8	A1	72
1	8	A1	73
1	8	A1	74
1	8	A1	75
1	8	A1	76
1	8	A1	77
1	8	A1	78
1	8	A1	79
1	8	A1	80
1	8	A1	81
1	8	A1	82
1	8	A1	83
1	8	A1	84
1	8	A1	85
1	8	A1	86
1	8	A1	87
1	8	A1	88
1	8	A1	89
1	8	A1	90
1	8	A1	91
1	8	A1	92
1	8	A1	93
1	8	A1	94
1	8	A1	95
1	8	A1	96
1	8	A1	97
1	8	A1	98
1	8	A1	99
1	8	A1	100
1	8	A1	101
1	8	A1	102
1	8	A1	103
1	8	A1	104
1	8	A1	105
1	8	A1	106
1	8	A1	107
1	8	A1	108
1	8	A1	109
1	8	A1	110
1	8	A1	111
1	8	A1	112
1	8	A1	113
1	8	A1	114
1	8	A1	115
1	8	A1	116
1	8	A1	117
1	8	A1	118
1	8	A1	119
1	8	A1	120
1	8	A1	121
1	8	A1	122
1	8	A1	123
1	8	A1	124
1	8	A1	125
1	8	A1	126
1	8	A1	127
1	8	A1	128
1	8	A1	129
1	8	A1	130
1	8	A1	131
1	8	A1	132
1	8	A1	133
1	8	A1	134
1	8	A1	135
1	8	A1	136
1	8	A1	137
1	8	A1	138
1	8	A1	139
1	8	A1	140
1	8	A1	141
1	8	A1	142
1	8	A1	143
1	8	A1	144
1	8	A1	145
1	8	A1	146
1	8	A1	147
1	8	A1	148
1	8	A1	149
1	8	A1	150
1	8	A1	151
1	8	A1	152
1	8	A1	153
1	8	A1	154
1	8	A1	155
1	8	A1	156
1	8	A1	157
1	8	A1	158
1	8	A1	159
1	8	A1	160
1	8	A1	161
1	8	A1	162
1	8	A1	163
1	8	A1	164
1	8	A1	165
1	8	A1	166
1	8	A1	167
1	8	A1	168
1	8	A1	169
1	8	A1	170
1	8	A1	171
1	8	A1	172
1	8	A1	173
1	8	A1	174
1	8	A1	175
1	8	A1	176
1	8	A1	177
1	8	A1	178
1	8	A1	179
1	8	A1	180
1	8	A1	181
1	8	A1	182
1	8	A1	183
1	8	A1	184
1	8	A1	185
1	8	A1	186
1	8	A1	187
1	8	A1	188
1	8	A1	189
1	8	A1	190
1	8	A1	191
1	8	A1	192
1	8	A1	193
1	8	A1	194
1	8	A1	195
1	8	A1	196
1	8	A1	197
1	8	A1	198
1	8	A1	199
1	8	A1	200
1	8	A1	201
1	8	A1	202
1	8	A1	203
1	8	A1	204
1	8	A1	205
1	8	A1	206
1	8	A1	207
1	8	A1	208
1	8	A1	209
1	8	A1	210
1	8	A1	211
1	8	A1	212
1	8	A1	213
1	8	A1	214
1	8	A1	215
1	8	A1	216
1	8	A1	217
1	8	A1	218
1	8	A1	219
1	8	A1	220
1	8	A1	221
1	8	A1	222
1	8	A1	223
1	8	A1	224
1	8	A1	225
1	8	A1	226
1	8	A1	227
1	8	A1	228
1	8	A1	229
1	8	A1	230
1	8	A1	231
1	8	A1	232
1	8	A1	233
1	8	A1	234
1	8	A1	235
1	8	A1	236
1	8	A1	237
1	8	A1	238
1	8	A1	239
1	8	A1	240
1	8	A1	241
1	8	A1	242
1	8	A1	243
1	8	A1	244
1	8	A1	245
1	8	A1	246
1	8	A1	247
1	8	A1	248
1	8	A1	249
1	8	A1	250
1	8	A1	251
1	8	A1	252
1	8	A1	253
1	8	A1	254
1	8	A1	255
1	8	A1	256
1	8	A1	257
1	8	A1	258
1	8	A1	259
1	8	A1	260
1	8	A1	261
1	8	A1	262
1	8	A1	263
1	8	A1	264
1	8	A1	265
1	8	A1	266
1	8	A1	267
1	8	A1	268
1	8	A1	269
1	8	A1	270
1	8	A1	271
1	8	A1	272
1	8	A1	273
1	8	A1	274
1	8	A1	275
1	8	A1	276
1	8	A1	277
1	8	A1	278
1	8	A1	279
1	8	A1	280
1	8	A1	281
1	8	A1	282
1	8	A1	283
1	8	A1	284
1	8	A1	285
1	8	A1	286
1	8	A1	287
1	8	A1	288
1	8	A1	289
1	8	A1	290
1	8	A1	291
1	8	A1	292
1	8	A1	293
1	8	A1	294
1	8	A1	295
1	8	A1	296
1	8	A1	297
1	8	A1	298
1	8	A1	299
1	8	A1	300
1	8	A1	301
1	8	A1	302
1	8	A1	303
1	8	A1	304
1	8	A1	305
1	8	A1	306
1	8	A1	307
1	8	A1	308
1	8	A1	309
1	8	A1	310
1	8	A1	311
1	8	A1	312
1	8	A1	313
1	8	A1	314
1	8	A1	315
1	8	A1	316
1	8	A1	317
1	8	A1	318
1	8	A1	319
1	8	A1	320
1	8	A1	321
1	8	A1	322
1	8	A1	323
1	8	A1	324
1	8	A1	325
1	8	A1	326
1	8	A1	327
1	8	A1	328
1	8	A1	329
1	8	A1	330
1	8	A1	331
1	8	A1	332
1	8	A1	333
1	8	A1	334
1	8	A1	335
1	8	A1	336
1	8	A1	337
1	8	A1	338
1	8	A1	339
1	8	A1	340
1	8	A1	341
1	8	A1	342
1	8	A1	343
1	8	A1	344
1	8	A1	345
1	8	A1	346
1	8	A1	347
1	8	A1	348
1	8	A2	0
1	8	A2	1
1	8	A2	2
1	8	A2	3
1	8	A2	4
1	8	A2	5
1	8	A2	6
1	8	A2	7
1	8	A2	8
1	8	A2	9
1	8	A2	10
1	8	A2	11
1	8	A2	12
1	8	A2	13
1	8	A2	14
1	8	A2	15
1	8	A2	16
1	8	A2	17
1	8	A2	18
1	8	A2	19
1	8	A2	20
1	8	A2	21
1	8	A2	22
1	8	A2	23
1	8	A2	24
1	8	A2	25
1	8	A2	26
1	8	A2	27
1	8	A2	28
1	8	A2	29
1	8	A2	30
1	8	A2	31
1	8	A2	32
1	8	A2	33
1	8	A2	34
1	8	A2	35
1	8	A2	36
1	8	A2	37
1	8	A2	38
1	8	A2	39
1	8	A2	40
1	8	A2	41
1	8	A2	42
1	8	A2	43
1	8	A2	44
1	8	A2	45
1	8	A2	46
1	8	A2	47
1	8	A2	48
1	8	A2	49
1	8	A2	50
1	8	A2	51
1	8	A2	52
1	8	A2	53
1	8	A2	54
1	8	A2	55
1	8	A2	56
1	8	A2	57
1	8	A2	58
1	8	A2	59
1	8	A2	60
1	8	A2	61
1	8	A2	62
1	8	A2	63
1	8	A2	64
1	8	A2	65
1	8	A2	66
1	8	A2	67
1	8	A2	68
1	8	A2	69
1	8	A2	70
1	8	A2	71
1	8	A2	72
1	8	A2	73
1	8	A2	74
1	8	A2	75
1	8	A2	76
1	8	A2	77
1	8	A2	78
1	8	A2	79
1	8	A2	80
1	8	A2	81
1	8	A2	82
1	8	A2	83
1	8	A2	84
1	8	A2	85
1	8	A2	86
1	8	A2	87
1	8	A2	88
1	8	A2	89
1	8	A2	90
1	8	A2	91
1	8	A2	92
1	8	A2	93
1	8	A2	94
1	8	A2	95
1	8	A2	96
1	8	A2	97
1	8	A2	98
1	8	A2	99
1	8	A2	100
1	8	A2	101
1	8	A2	102
1	8	A2	103
1	8	A2	104
1	8	A2	105
1	8	A2	106
1	8	A2	107
1	8	A2	108
1	8	A2	109
1	8	A2	110
1	8	A2	111
1	8	A2	112
1	8	A2	113
1	8	A2	114
1	8	A2	115
1	8	A2	116
1	8	A2	117
1	8	A2	118
1	8	A2	119
1	8	A2	120
1	8	A2	121
1	8	A2	122
1	8	A2	123
1	8	A2	124
1	8	A2	125
1	8	A2	126
1	8	A2	127
1	8	A2	128
1	8	A2	129
1	8	A2	130
1	8	A2	131
1	8	A2	132
1	8	A2	133
1	8	A2	134
1	8	A2	135
1	8	A2	136
1	8	A2	137
1	8	A2	138
1	8	A2	139
1	8	A2	140
1	8	A2	141
1	8	A2	142
1	8	A2	143
1	8	A2	144
1	8	A2	145
1	8	A2	146
1	8	A2	147
1	8	A2	148
1	8	A2	149
1	8	A2	150
1	8	A2	151
1	8	A2	152
1	8	A2	153
1	8	A2	154
1	8	A2	155
1	8	A2	156
1	8	A2	157
1	8	A2	158
1	8	A2	159
1	8	A2	160
1	8	A2	161
1	8	A2	162
1	8	A2	163
1	8	A2	164
1	8	A2	165
1	8	A2	166
1	8	A2	167
1	8	A2	168
1	8	A2	169
1	8	A2	170
1	8	A2	171
1	8	A2	172
1	8	A2	173
1	8	A2	174
1	8	A2	175
1	8	A2	176
1	8	A2	177
1	8	A2	178
1	8	A2	179
1	8	A2	180
1	8	A2	181
1	8	A2	182
1	8	A2	183
1	8	A2	184
1	8	A2	185
1	8	A2	186
1	8	A2	187
1	8	A2	188
1	8	A2	189
1	8	A2	190
1	8	A2	191
1	8	A2	192
1	8	A2	193
1	8	A2	194
1	8	A2	195
1	8	A2	196
1	8	A2	197
1	8	A2	198
1	8	A2	199
1	8	A2	200
1	8	A2	201
1	8	A2	202
1	8	A2	203
1	8	A2	204
1	8	A2	205
1	8	A2	206
1	8	A2	207
1	8	A2	208
1	8	A2	209
1	8	A2	210
1	8	A2	211
1	8	A2	212
1	8	A2	213
1	8	A2	214
1	8	A2	215
1	8	A2	216
1	8	A2	217
1	8	A2	218
1	8	A2	219
1	8	A2	220
1	8	A2	221
1	8	A2	222
1	8	A2	223
1	8	A2	224
1	8	A2	225
1	8	A2	226
1	8	A2	227
1	8	A2	228
1	8	A2	229
1	8	A2	230
1	8	A2	231
1	8	A2	232
1	8	A2	233
1	8	A2	234
1	8	A2	235
1	8	A2	236
1	8	A2	237
1	8	A2	238
1	8	A2	239
1	8	A2	240
1	8	A2	241
1	8	A2	242
1	8	A2	243
1	8	A2	244
1	8	A2	245
1	8	A2	246
1	8	A2	247
1	8	A2	248
1	8	A2	249
1	8	A2	250
1	8	A2	251
1	8	A2	252
1	8	A2	253
1	8	A2	254
1	8	A2	255
1	8	A2	256
1	8	A2	257
1	8	A2	258
1	8	A2	259
1	8	A2	260
1	8	A2	261
1	8	A2	262
1	8	A2	263
1	8	A2	264
1	8	A2	265
1	8	A2	266
1	8	A2	267
1	8	A2	268
1	8	A2	269
1	8	A2	270
1	8	A2	271
1	8	A2	272
1	8	A2	273
1	8	A2	274
1	8	A2	275
1	8	A2	276
1	8	A2	277
1	8	A2	278
1	8	A2	279
1	8	A2	280
1	8	A2	281
1	8	A2	282
1	8	A2	283
1	8	A2	284
1	8	A2	285
1	8	A2	286
1	8	A2	287
1	8	A2	288
1	8	A2	289
1	8	A2	290
1	8	A2	291
1	8	A2	292
1	8	A2	293
1	8	A2	294
1	8	A2	295
1	8	A2	296
1	8	A2	297
1	8	A2	298
1	8	A2	299
1	8	A2	300
1	8	A2	301
1	8	A2	302
1	8	A2	303
1	8	A2	304
1	8	A2	305
1	8	A2	306
1	8	A2	307
1	8	A2	308
1	8	A2	309
1	8	A2	310
1	8	A2	311
1	8	A2	312
1	8	A2	313
1	8	A2	314
1	8	A2	315
1	8	A2	316
1	8	A2	317
1	8	A2	318
1	8	A2	319
1	8	A2	320
1	8	A2	321
1	8	A2	322
1	8	A2	323
1	8	A2	324
1	8	A2	325
1	8	A2	326
1	8	A2	327
1	8	A2	328
1	8	A2	329
1	8	A2	330
1	8	A2	331
1	8	A2	332
1	8	A2	333
1	8	A2	334
1	8	A2	335
1	8	A2	336
1	8	A2	337
1	8	A2	338
1	8	A2	339
1	8	A2	340
1	8	A2	341
1	8	A2	342
1	8	A2	343
1	8	A2	344
1	8	A2	345
1	8	A2	346
1	8	A2	347
1	8	A2	348
1	8	C2	0
1	8	C2	1
1	8	C2	2
1	8	C2	3
1	8	C2	4
1	8	C2	5
1	8	C2	6
1	8	C2	7
1	8	C2	8
1	8	C2	9
1	8	C2	10
1	8	C2	11
1	8	C2	12
1	8	C2	13
1	8	C2	14
1	8	C2	15
1	8	C2	16
1	8	C2	17
1	8	C2	18
1	8	C2	19
1	8	C2	20
1	8	C2	21
1	8	C2	22
1	8	C2	23
1	8	C2	24
1	8	C2	25
1	8	C2	26
1	8	C2	27
1	8	C2	28
1	8	C2	29
1	8	C2	30
1	8	C2	31
1	8	C2	32
1	8	C2	33
1	8	C2	34
1	8	C2	35
1	8	C2	36
1	8	C2	37
1	8	C2	38
1	8	C2	39
1	8	C2	40
1	8	C2	41
1	8	C2	42
1	8	C2	43
1	8	C2	44
1	8	C2	45
1	8	C2	46
1	8	C2	47
1	8	C2	48
1	8	C2	49
1	8	C2	50
1	8	C2	51
1	8	C2	52
1	8	C2	53
1	8	C2	54
1	8	C2	55
1	8	C2	56
1	8	C2	57
1	8	C2	58
1	8	C2	59
1	8	C2	60
1	8	C2	61
1	8	C2	62
1	8	C2	63
1	8	C2	64
1	8	C2	65
1	8	C2	66
1	8	C2	67
1	8	C2	68
1	8	C2	69
1	8	C2	70
1	8	C2	71
1	8	C2	72
1	8	C2	73
1	8	C2	74
1	8	C2	75
1	8	C2	76
1	8	C2	77
1	8	C2	78
1	8	C2	79
1	8	C2	80
1	8	C2	81
1	8	C2	82
1	8	C2	83
1	8	C2	84
1	8	C2	85
1	8	C2	86
1	8	C2	87
1	8	C2	88
1	8	C2	89
1	8	C2	90
1	8	C2	91
1	8	C2	92
1	8	C2	93
1	8	C2	94
1	8	C2	95
1	8	C2	96
1	8	C2	97
1	8	C2	98
1	8	C2	99
1	8	C2	100
1	8	C2	101
1	8	C2	102
1	8	C2	103
1	8	C2	104
1	8	C2	105
1	8	C2	106
1	8	C2	107
1	8	C2	108
1	8	C2	109
1	8	C2	110
1	8	C2	111
1	8	C2	112
1	8	C2	113
1	8	C2	114
1	8	C2	115
1	8	C2	116
1	8	C2	117
1	8	C2	118
1	8	C2	119
1	8	C2	120
1	8	C2	121
1	8	C2	122
1	8	C2	123
1	8	C2	124
1	8	C2	125
1	8	C2	126
1	8	C2	127
1	8	C2	128
1	8	C2	129
1	8	C2	130
1	8	C2	131
1	8	C2	132
1	8	C2	133
1	8	C2	134
1	8	C2	135
1	8	C2	136
1	8	C2	137
1	8	C2	138
1	8	C2	139
1	8	C2	140
1	8	C2	141
1	8	C2	142
1	8	C2	143
1	8	C2	144
1	8	C2	145
1	8	C2	146
1	8	C2	147
1	8	C2	148
1	8	C2	149
1	8	C2	150
1	8	C2	151
1	8	C2	152
1	8	C2	153
1	8	C2	154
1	8	C2	155
1	8	C2	156
1	8	C2	157
1	8	C2	158
1	8	C2	159
1	8	C2	160
1	8	C2	161
1	8	C2	162
1	8	C2	163
1	8	C2	164
1	8	C2	165
1	8	C2	166
1	8	C2	167
1	8	C2	168
1	8	C2	169
1	8	C2	170
1	8	C2	171
1	8	C2	172
1	8	C2	173
1	8	C2	174
1	8	C2	175
1	8	C2	176
1	8	C2	177
1	8	C2	178
1	8	C2	179
1	8	C2	180
1	8	C2	181
1	8	C2	182
1	8	C2	183
1	8	C2	184
1	8	C2	185
1	8	C2	186
1	8	C2	187
1	8	C2	188
1	8	C2	189
1	8	C2	190
1	8	C2	191
1	8	C2	192
1	8	C2	193
1	8	C2	194
1	8	C2	195
1	8	C2	196
1	8	C2	197
1	8	C2	198
1	8	C2	199
1	8	C2	200
1	8	C2	201
1	8	C2	202
1	8	C2	203
1	8	C2	204
1	8	C2	205
1	8	C2	206
1	8	C2	207
1	8	C2	208
1	8	C2	209
1	8	C2	210
1	8	C2	211
1	8	C2	212
1	8	C2	213
1	8	C2	214
1	8	C2	215
1	8	C2	216
1	8	C2	217
1	8	C2	218
1	8	C2	219
1	8	C2	220
1	8	C2	221
1	8	C2	222
1	8	C2	223
1	8	C2	224
1	8	C2	225
1	8	C2	226
1	8	C2	227
1	8	C2	228
1	8	C2	229
1	8	C2	230
1	8	C2	231
1	8	C2	232
1	8	C2	233
1	8	C2	234
1	8	C2	235
1	8	C2	236
1	8	C2	237
1	8	C2	238
1	8	C2	239
1	8	C2	240
1	8	C2	241
1	8	C2	242
1	8	C2	243
1	8	C2	244
1	8	C2	245
1	8	C2	246
1	8	C2	247
1	8	C2	248
1	8	C2	249
1	8	C2	250
1	8	C2	251
1	8	C2	252
1	8	C2	253
1	8	C2	254
1	8	C2	255
1	8	C2	256
1	8	C2	257
1	8	C2	258
1	8	C2	259
1	8	C2	260
1	8	C2	261
1	8	C2	262
1	8	C2	263
1	8	C2	264
1	8	C2	265
1	8	C2	266
1	8	C2	267
1	8	C2	268
1	8	C2	269
1	8	C2	270
1	8	C2	271
1	8	C2	272
1	8	C2	273
1	8	C2	274
1	8	C2	275
1	8	C2	276
1	8	C2	277
1	8	C2	278
1	8	C2	279
1	8	C2	280
1	8	C2	281
1	8	C2	282
1	8	C2	283
1	8	C2	284
1	8	C2	285
1	8	C2	286
1	8	C2	287
1	8	C2	288
1	8	C2	289
1	8	C2	290
1	8	C2	291
1	8	C2	292
1	8	C2	293
1	8	C2	294
1	8	C2	295
1	8	C2	296
1	8	C2	297
1	8	C2	298
1	8	C2	299
1	8	C2	300
1	8	C2	301
1	8	C2	302
1	8	C2	303
1	8	C2	304
1	8	C2	305
1	8	C2	306
1	8	C2	307
1	8	C2	308
1	8	C2	309
1	8	C2	310
1	8	C2	311
1	8	C2	312
1	8	C2	313
1	8	C2	314
1	8	C2	315
1	8	C2	316
1	8	C2	317
1	8	C2	318
1	8	C2	319
1	8	C2	320
1	8	C2	321
1	8	C2	322
1	8	C2	323
1	8	C2	324
1	8	C2	325
1	8	C2	326
1	8	C2	327
1	8	C2	328
1	8	C2	329
1	8	C2	330
1	8	C2	331
1	8	C2	332
1	8	C2	333
1	8	C2	334
1	8	C2	335
1	8	C2	336
1	8	C2	337
1	8	C2	338
1	8	C2	339
1	8	C2	340
1	8	C2	341
1	8	C2	342
1	8	C2	343
1	8	C2	344
1	8	C2	345
1	8	C2	346
1	8	C2	347
1	8	C2	348
1	8	C3	0
1	8	C3	1
1	8	C3	2
1	8	C3	3
1	8	C3	4
1	8	C3	5
1	8	C3	6
1	8	C3	7
1	8	C3	8
1	8	C3	9
1	8	C3	10
1	8	C3	11
1	8	C3	12
1	8	C3	13
1	8	C3	14
1	8	C3	15
1	8	C3	16
1	8	C3	17
1	8	C3	18
1	8	C3	19
1	8	C3	20
1	8	C3	21
1	8	C3	22
1	8	C3	23
1	8	C3	24
1	8	C3	25
1	8	C3	26
1	8	C3	27
1	8	C3	28
1	8	C3	29
1	8	C3	30
1	8	C3	31
1	8	C3	32
1	8	C3	33
1	8	C3	34
1	8	C3	35
1	8	C3	36
1	8	C3	37
1	8	C3	38
1	8	C3	39
1	8	C3	40
1	8	C3	41
1	8	C3	42
1	8	C3	43
1	8	C3	44
1	8	C3	45
1	8	C3	46
1	8	C3	47
1	8	C3	48
1	8	C3	49
1	8	C3	50
1	8	C3	51
1	8	C3	52
1	8	C3	53
1	8	C3	54
1	8	C3	55
1	8	C3	56
1	8	C3	57
1	8	C3	58
1	8	C3	59
1	8	C3	60
1	8	C3	61
1	8	C3	62
1	8	C3	63
1	8	C3	64
1	8	C3	65
1	8	C3	66
1	8	C3	67
1	8	C3	68
1	8	C3	69
1	8	C3	70
1	8	C3	71
1	8	C3	72
1	8	C3	73
1	8	C3	74
1	8	C3	75
1	8	C3	76
1	8	C3	77
1	8	C3	78
1	8	C3	79
1	8	C3	80
1	8	C3	81
1	8	C3	82
1	8	C3	83
1	8	C3	84
1	8	C3	85
1	8	C3	86
1	8	C3	87
1	8	C3	88
1	8	C3	89
1	8	C3	90
1	8	C3	91
1	8	C3	92
1	8	C3	93
1	8	C3	94
1	8	C3	95
1	8	C3	96
1	8	C3	97
1	8	C3	98
1	8	C3	99
1	8	C3	100
1	8	C3	101
1	8	C3	102
1	8	C3	103
1	8	C3	104
1	8	C3	105
1	8	C3	106
1	8	C3	107
1	8	C3	108
1	8	C3	109
1	8	C3	110
1	8	C3	111
1	8	C3	112
1	8	C3	113
1	8	C3	114
1	8	C3	115
1	8	C3	116
1	8	C3	117
1	8	C3	118
1	8	C3	119
1	8	C3	120
1	8	C3	121
1	8	C3	122
1	8	C3	123
1	8	C3	124
1	8	C3	125
1	8	C3	126
1	8	C3	127
1	8	C3	128
1	8	C3	129
1	8	C3	130
1	8	C3	131
1	8	C3	132
1	8	C3	133
1	8	C3	134
1	8	C3	135
1	8	C3	136
1	8	C3	137
1	8	C3	138
1	8	C3	139
1	8	C3	140
1	8	C3	141
1	8	C3	142
1	8	C3	143
1	8	C3	144
1	8	C3	145
1	8	C3	146
1	8	C3	147
1	8	C3	148
1	8	C3	149
1	8	C3	150
1	8	C3	151
1	8	C3	152
1	8	C3	153
1	8	C3	154
1	8	C3	155
1	8	C3	156
1	8	C3	157
1	8	C3	158
1	8	C3	159
1	8	C3	160
1	8	C3	161
1	8	C3	162
1	8	C3	163
1	8	C3	164
1	8	C3	165
1	8	C3	166
1	8	C3	167
1	8	C3	168
1	8	C3	169
1	8	C3	170
1	8	C3	171
1	8	C3	172
1	8	C3	173
1	8	C3	174
1	8	C3	175
1	8	C3	176
1	8	C3	177
1	8	C3	178
1	8	C3	179
1	8	C3	180
1	8	C3	181
1	8	C3	182
1	8	C3	183
1	8	C3	184
1	8	C3	185
1	8	C3	186
1	8	C3	187
1	8	C3	188
1	8	C3	189
1	8	C3	190
1	8	C3	191
1	8	C3	192
1	8	C3	193
1	8	C3	194
1	8	C3	195
1	8	C3	196
1	8	C3	197
1	8	C3	198
1	8	C3	199
1	8	C3	200
1	8	C3	201
1	8	C3	202
1	8	C3	203
1	8	C3	204
1	8	C3	205
1	8	C3	206
1	8	C3	207
1	8	C3	208
1	8	C3	209
1	8	C3	210
1	8	C3	211
1	8	C3	212
1	8	C3	213
1	8	C3	214
1	8	C3	215
1	8	C3	216
1	8	C3	217
1	8	C3	218
1	8	C3	219
1	8	C3	220
1	8	C3	221
1	8	C3	222
1	8	C3	223
1	8	C3	224
1	8	C3	225
1	8	C3	226
1	8	C3	227
1	8	C3	228
1	8	C3	229
1	8	C3	230
1	8	C3	231
1	8	C3	232
1	8	C3	233
1	8	C3	234
1	8	C3	235
1	8	C3	236
1	8	C3	237
1	8	C3	238
1	8	C3	239
1	8	C3	240
1	8	C3	241
1	8	C3	242
1	8	C3	243
1	8	C3	244
1	8	C3	245
1	8	C3	246
1	8	C3	247
1	8	C3	248
1	8	C3	249
1	8	C3	250
1	8	C3	251
1	8	C3	252
1	8	C3	253
1	8	C3	254
1	8	C3	255
1	8	C3	256
1	8	C3	257
1	8	C3	258
1	8	C3	259
1	8	C3	260
1	8	C3	261
1	8	C3	262
1	8	C3	263
1	8	C3	264
1	8	C3	265
1	8	C3	266
1	8	C3	267
1	8	C3	268
1	8	C3	269
1	8	C3	270
1	8	C3	271
1	8	C3	272
1	8	C3	273
1	8	C3	274
1	8	C3	275
1	8	C3	276
1	8	C3	277
1	8	C3	278
1	8	C3	279
1	8	C3	280
1	8	C3	281
1	8	C3	282
1	8	C3	283
1	8	C3	284
1	8	C3	285
1	8	C3	286
1	8	C3	287
1	8	C3	288
1	8	C3	289
1	8	C3	290
1	8	C3	291
1	8	C3	292
1	8	C3	293
1	8	C3	294
1	8	C3	295
1	8	C3	296
1	8	C3	297
1	8	C3	298
1	8	C3	299
1	8	C3	300
1	8	C3	301
1	8	C3	302
1	8	C3	303
1	8	C3	304
1	8	C3	305
1	8	C3	306
1	8	C3	307
1	8	C3	308
1	8	C3	309
1	8	C3	310
1	8	C3	311
1	8	C3	312
1	8	C3	313
1	8	C3	314
1	8	C3	315
1	8	C3	316
1	8	C3	317
1	8	C3	318
1	8	C3	319
1	8	C3	320
1	8	C3	321
1	8	C3	322
1	8	C3	323
1	8	C3	324
1	8	C3	325
1	8	C3	326
1	8	C3	327
1	8	C3	328
1	8	C3	329
1	8	C3	330
1	8	C3	331
1	8	C3	332
1	8	C3	333
1	8	C3	334
1	8	C3	335
1	8	C3	336
1	8	C3	337
1	8	C3	338
1	8	C3	339
1	8	C3	340
1	8	C3	341
1	8	C3	342
1	8	C3	343
1	8	C3	344
1	8	C3	345
1	8	C3	346
1	8	C3	347
1	8	C3	348
1	8	C4	0
1	8	C4	1
1	8	C4	2
1	8	C4	3
1	8	C4	4
1	8	C4	5
1	8	C4	6
1	8	C4	7
1	8	C4	8
1	8	C4	9
1	8	C4	10
1	8	C4	11
1	8	C4	12
1	8	C4	13
1	8	C4	14
1	8	C4	15
1	8	C4	16
1	8	C4	17
1	8	C4	18
1	8	C4	19
1	8	C4	20
1	8	C4	21
1	8	C4	22
1	8	C4	23
1	8	C4	24
1	8	C4	25
1	8	C4	26
1	8	C4	27
1	8	C4	28
1	8	C4	29
1	8	C4	30
1	8	C4	31
1	8	C4	32
1	8	C4	33
1	8	C4	34
1	8	C4	35
1	8	C4	36
1	8	C4	37
1	8	C4	38
1	8	C4	39
1	8	C4	40
1	8	C4	41
1	8	C4	42
1	8	C4	43
1	8	C4	44
1	8	C4	45
1	8	C4	46
1	8	C4	47
1	8	C4	48
1	8	C4	49
1	8	C4	50
1	8	C4	51
1	8	C4	52
1	8	C4	53
1	8	C4	54
1	8	C4	55
1	8	C4	56
1	8	C4	57
1	8	C4	58
1	8	C4	59
1	8	C4	60
1	8	C4	61
1	8	C4	62
1	8	C4	63
1	8	C4	64
1	8	C4	65
1	8	C4	66
1	8	C4	67
1	8	C4	68
1	8	C4	69
1	8	C4	70
1	8	C4	71
1	8	C4	72
1	8	C4	73
1	8	C4	74
1	8	C4	75
1	8	C4	76
1	8	C4	77
1	8	C4	78
1	8	C4	79
1	8	C4	80
1	8	C4	81
1	8	C4	82
1	8	C4	83
1	8	C4	84
1	8	C4	85
1	8	C4	86
1	8	C4	87
1	8	C4	88
1	8	C4	89
1	8	C4	90
1	8	C4	91
1	8	C4	92
1	8	C4	93
1	8	C4	94
1	8	C4	95
1	8	C4	96
1	8	C4	97
1	8	C4	98
1	8	C4	99
1	8	C4	100
1	8	C4	101
1	8	C4	102
1	8	C4	103
1	8	C4	104
1	8	C4	105
1	8	C4	106
1	8	C4	107
1	8	C4	108
1	8	C4	109
1	8	C4	110
1	8	C4	111
1	8	C4	112
1	8	C4	113
1	8	C4	114
1	8	C4	115
1	8	C4	116
1	8	C4	117
1	8	C4	118
1	8	C4	119
1	8	C4	120
1	8	C4	121
1	8	C4	122
1	8	C4	123
1	8	C4	124
1	8	C4	125
1	8	C4	126
1	8	C4	127
1	8	C4	128
1	8	C4	129
1	8	C4	130
1	8	C4	131
1	8	C4	132
1	8	C4	133
1	8	C4	134
1	8	C4	135
1	8	C4	136
1	8	C4	137
1	8	C4	138
1	8	C4	139
1	8	C4	140
1	8	C4	141
1	8	C4	142
1	8	C4	143
1	8	C4	144
1	8	C4	145
1	8	C4	146
1	8	C4	147
1	8	C4	148
1	8	C4	149
1	8	C4	150
1	8	C4	151
1	8	C4	152
1	8	C4	153
1	8	C4	154
1	8	C4	155
1	8	C4	156
1	8	C4	157
1	8	C4	158
1	8	C4	159
1	8	C4	160
1	8	C4	161
1	8	C4	162
1	8	C4	163
1	8	C4	164
1	8	C4	165
1	8	C4	166
1	8	C4	167
1	8	C4	168
1	8	C4	169
1	8	C4	170
1	8	C4	171
1	8	C4	172
1	8	C4	173
1	8	C4	174
1	8	C4	175
1	8	C4	176
1	8	C4	177
1	8	C4	178
1	8	C4	179
1	8	C4	180
1	8	C4	181
1	8	C4	182
1	8	C4	183
1	8	C4	184
1	8	C4	185
1	8	C4	186
1	8	C4	187
1	8	C4	188
1	8	C4	189
1	8	C4	190
1	8	C4	191
1	8	C4	192
1	8	C4	193
1	8	C4	194
1	8	C4	195
1	8	C4	196
1	8	C4	197
1	8	C4	198
1	8	C4	199
1	8	C4	200
1	8	C4	201
1	8	C4	202
1	8	C4	203
1	8	C4	204
1	8	C4	205
1	8	C4	206
1	8	C4	207
1	8	C4	208
1	8	C4	209
1	8	C4	210
1	8	C4	211
1	8	C4	212
1	8	C4	213
1	8	C4	214
1	8	C4	215
1	8	C4	216
1	8	C4	217
1	8	C4	218
1	8	C4	219
1	8	C4	220
1	8	C4	221
1	8	C4	222
1	8	C4	223
1	8	C4	224
1	8	C4	225
1	8	C4	226
1	8	C4	227
1	8	C4	228
1	8	C4	229
1	8	C4	230
1	8	C4	231
1	8	C4	232
1	8	C4	233
1	8	C4	234
1	8	C4	235
1	8	C4	236
1	8	C4	237
1	8	C4	238
1	8	C4	239
1	8	C4	240
1	8	C4	241
1	8	C4	242
1	8	C4	243
1	8	C4	244
1	8	C4	245
1	8	C4	246
1	8	C4	247
1	8	C4	248
1	8	C4	249
1	8	C4	250
1	8	C4	251
1	8	C4	252
1	8	C4	253
1	8	C4	254
1	8	C4	255
1	8	C4	256
1	8	C4	257
1	8	C4	258
1	8	C4	259
1	8	C4	260
1	8	C4	261
1	8	C4	262
1	8	C4	263
1	8	C4	264
1	8	C4	265
1	8	C4	266
1	8	C4	267
1	8	C4	268
1	8	C4	269
1	8	C4	270
1	8	C4	271
1	8	C4	272
1	8	C4	273
1	8	C4	274
1	8	C4	275
1	8	C4	276
1	8	C4	277
1	8	C4	278
1	8	C4	279
1	8	C4	280
1	8	C4	281
1	8	C4	282
1	8	C4	283
1	8	C4	284
1	8	C4	285
1	8	C4	286
1	8	C4	287
1	8	C4	288
1	8	C4	289
1	8	C4	290
1	8	C4	291
1	8	C4	292
1	8	C4	293
1	8	C4	294
1	8	C4	295
1	8	C4	296
1	8	C4	297
1	8	C4	298
1	8	C4	299
1	8	C4	300
1	8	C4	301
1	8	C4	302
1	8	C4	303
1	8	C4	304
1	8	C4	305
1	8	C4	306
1	8	C4	307
1	8	C4	308
1	8	C4	309
1	8	C4	310
1	8	C4	311
1	8	C4	312
1	8	C4	313
1	8	C4	314
1	8	C4	315
1	8	C4	316
1	8	C4	317
1	8	C4	318
1	8	C4	319
1	8	C4	320
1	8	C4	321
1	8	C4	322
1	8	C4	323
1	8	C4	324
1	8	C4	325
1	8	C4	326
1	8	C4	327
1	8	C4	328
1	8	C4	329
1	8	C4	330
1	8	C4	331
1	8	C4	332
1	8	C4	333
1	8	C4	334
1	8	C4	335
1	8	C4	336
1	8	C4	337
1	8	C4	338
1	8	C4	339
1	8	C4	340
1	8	C4	341
1	8	C4	342
1	8	C4	343
1	8	C4	344
1	8	C4	345
1	8	C4	346
1	8	C4	347
1	8	C4	348
1	9	A1	0
1	9	A1	1
1	9	A1	2
1	9	A1	3
1	9	A1	4
1	9	A1	5
1	9	A1	6
1	9	A1	7
1	9	A1	8
1	9	A1	9
1	9	A1	10
1	9	A1	11
1	9	A1	12
1	9	A1	13
1	9	A1	14
1	9	A1	15
1	9	A1	16
1	9	A1	17
1	9	A1	18
1	9	A1	19
1	9	A1	20
1	9	A1	21
1	9	A1	22
1	9	A1	23
1	9	A1	24
1	9	A1	25
1	9	A1	26
1	9	A1	27
1	9	A1	28
1	9	A1	29
1	9	A1	30
1	9	A1	31
1	9	A1	32
1	9	A1	33
1	9	A1	34
1	9	A1	35
1	9	A1	36
1	9	A1	37
1	9	A1	38
1	9	A1	39
1	9	A1	40
1	9	A1	41
1	9	A1	42
1	9	A1	43
1	9	A1	44
1	9	A1	45
1	9	A1	46
1	9	A1	47
1	9	A1	48
1	9	A1	49
1	9	A1	50
1	9	A1	51
1	9	A1	52
1	9	A1	53
1	9	A1	54
1	9	A1	55
1	9	A1	56
1	9	A1	57
1	9	A1	58
1	9	A1	59
1	9	A1	60
1	9	A1	61
1	9	A1	62
1	9	A1	63
1	9	A1	64
1	9	A1	65
1	9	A1	66
1	9	A1	67
1	9	A1	68
1	9	A1	69
1	9	A1	70
1	9	A1	71
1	9	A1	72
1	9	A1	73
1	9	A1	74
1	9	A1	75
1	9	A1	76
1	9	A1	77
1	9	A1	78
1	9	A1	79
1	9	A1	80
1	9	A1	81
1	9	A1	82
1	9	A1	83
1	9	A1	84
1	9	A1	85
1	9	A1	86
1	9	A1	87
1	9	A1	88
1	9	A1	89
1	9	A1	90
1	9	A1	91
1	9	A1	92
1	9	A1	93
1	9	A1	94
1	9	A1	95
1	9	A1	96
1	9	A1	97
1	9	A1	98
1	9	A1	99
1	9	A1	100
1	9	A1	101
1	9	A1	102
1	9	A1	103
1	9	A1	104
1	9	A1	105
1	9	A1	106
1	9	A1	107
1	9	A1	108
1	9	A1	109
1	9	A1	110
1	9	A1	111
1	9	A1	112
1	9	A1	113
1	9	A1	114
1	9	A1	115
1	9	A1	116
1	9	A1	117
1	9	A1	118
1	9	A1	119
1	9	A1	120
1	9	A1	121
1	9	A1	122
1	9	A1	123
1	9	A1	124
1	9	A1	125
1	9	A1	126
1	9	A1	127
1	9	A1	128
1	9	A1	129
1	9	A1	130
1	9	A1	131
1	9	A1	132
1	9	A1	133
1	9	A1	134
1	9	A1	135
1	9	A1	136
1	9	A1	137
1	9	A1	138
1	9	A1	139
1	9	A1	140
1	9	A1	141
1	9	A1	142
1	9	A1	143
1	9	A1	144
1	9	A1	145
1	9	A1	146
1	9	A1	147
1	9	A1	148
1	9	A1	149
1	9	A1	150
1	9	A1	151
1	9	A1	152
1	9	A1	153
1	9	A1	154
1	9	A1	155
1	9	A1	156
1	9	A1	157
1	9	A1	158
1	9	A1	159
1	9	A1	160
1	9	A1	161
1	9	A1	162
1	9	A1	163
1	9	A1	164
1	9	A1	165
1	9	A1	166
1	9	A1	167
1	9	A1	168
1	9	A1	169
1	9	A1	170
1	9	A1	171
1	9	A1	172
1	9	A1	173
1	9	A1	174
1	9	A1	175
1	9	A1	176
1	9	A1	177
1	9	A1	178
1	9	A1	179
1	9	A1	180
1	9	A1	181
1	9	A1	182
1	9	A1	183
1	9	A1	184
1	9	A1	185
1	9	A1	186
1	9	A1	187
1	9	A1	188
1	9	A1	189
1	9	A1	190
1	9	A1	191
1	9	A1	192
1	9	A1	193
1	9	A1	194
1	9	A1	195
1	9	A1	196
1	9	A1	197
1	9	A1	198
1	9	A1	199
1	9	A1	200
1	9	A1	201
1	9	A1	202
1	9	A1	203
1	9	A1	204
1	9	A1	205
1	9	A1	206
1	9	A1	207
1	9	A1	208
1	9	A1	209
1	9	A1	210
1	9	A1	211
1	9	A1	212
1	9	A1	213
1	9	A1	214
1	9	A1	215
1	9	A1	216
1	9	A1	217
1	9	A1	218
1	9	A1	219
1	9	A1	220
1	9	A1	221
1	9	A1	222
1	9	A1	223
1	9	A1	224
1	9	A1	225
1	9	A1	226
1	9	A1	227
1	9	A1	228
1	9	A1	229
1	9	A1	230
1	9	A1	231
1	9	A1	232
1	9	A1	233
1	9	A1	234
1	9	A1	235
1	9	A1	236
1	9	A1	237
1	9	A1	238
1	9	A1	239
1	9	A1	240
1	9	A1	241
1	9	A1	242
1	9	A1	243
1	9	A1	244
1	9	A1	245
1	9	A1	246
1	9	A1	247
1	9	A1	248
1	9	A1	249
1	9	A1	250
1	9	A1	251
1	9	A1	252
1	9	A1	253
1	9	A1	254
1	9	A1	255
1	9	A1	256
1	9	A1	257
1	9	A1	258
1	9	A1	259
1	9	A1	260
1	9	A1	261
1	9	A1	262
1	9	A1	263
1	9	A1	264
1	9	A1	265
1	9	A1	266
1	9	A1	267
1	9	A1	268
1	9	A1	269
1	9	A1	270
1	9	A1	271
1	9	A1	272
1	9	A1	273
1	9	A1	274
1	9	A1	275
1	9	A1	276
1	9	A1	277
1	9	A1	278
1	9	A1	279
1	9	A1	280
1	9	A1	281
1	9	A1	282
1	9	A1	283
1	9	A1	284
1	9	A1	285
1	9	A1	286
1	9	A1	287
1	9	A1	288
1	9	A1	289
1	9	A1	290
1	9	A1	291
1	9	A1	292
1	9	A1	293
1	9	A1	294
1	9	A1	295
1	9	A1	296
1	9	A1	297
1	9	A1	298
1	9	A1	299
1	9	A1	300
1	9	A1	301
1	9	A1	302
1	9	A1	303
1	9	A1	304
1	9	A1	305
1	9	A1	306
1	9	A1	307
1	9	A1	308
1	9	A1	309
1	9	A1	310
1	9	A1	311
1	9	A1	312
1	9	A1	313
1	9	A1	314
1	9	A1	315
1	9	A1	316
1	9	A1	317
1	9	A1	318
1	9	A1	319
1	9	A1	320
1	9	A1	321
1	9	A1	322
1	9	A1	323
1	9	A1	324
1	9	A1	325
1	9	A1	326
1	9	A1	327
1	9	A1	328
1	9	A1	329
1	9	A1	330
1	9	A1	331
1	9	A1	332
1	9	A1	333
1	9	A1	334
1	9	A1	335
1	9	A1	336
1	9	A1	337
1	9	A1	338
1	9	A1	339
1	9	A1	340
1	9	A1	341
1	9	A1	342
1	9	A1	343
1	9	A1	344
1	9	A1	345
1	9	A1	346
1	9	A1	347
1	9	A1	348
1	9	A2	0
1	9	A2	1
1	9	A2	2
1	9	A2	3
1	9	A2	4
1	9	A2	5
1	9	A2	6
1	9	A2	7
1	9	A2	8
1	9	A2	9
1	9	A2	10
1	9	A2	11
1	9	A2	12
1	9	A2	13
1	9	A2	14
1	9	A2	15
1	9	A2	16
1	9	A2	17
1	9	A2	18
1	9	A2	19
1	9	A2	20
1	9	A2	21
1	9	A2	22
1	9	A2	23
1	9	A2	24
1	9	A2	25
1	9	A2	26
1	9	A2	27
1	9	A2	28
1	9	A2	29
1	9	A2	30
1	9	A2	31
1	9	A2	32
1	9	A2	33
1	9	A2	34
1	9	A2	35
1	9	A2	36
1	9	A2	37
1	9	A2	38
1	9	A2	39
1	9	A2	40
1	9	A2	41
1	9	A2	42
1	9	A2	43
1	9	A2	44
1	9	A2	45
1	9	A2	46
1	9	A2	47
1	9	A2	48
1	9	A2	49
1	9	A2	50
1	9	A2	51
1	9	A2	52
1	9	A2	53
1	9	A2	54
1	9	A2	55
1	9	A2	56
1	9	A2	57
1	9	A2	58
1	9	A2	59
1	9	A2	60
1	9	A2	61
1	9	A2	62
1	9	A2	63
1	9	A2	64
1	9	A2	65
1	9	A2	66
1	9	A2	67
1	9	A2	68
1	9	A2	69
1	9	A2	70
1	9	A2	71
1	9	A2	72
1	9	A2	73
1	9	A2	74
1	9	A2	75
1	9	A2	76
1	9	A2	77
1	9	A2	78
1	9	A2	79
1	9	A2	80
1	9	A2	81
1	9	A2	82
1	9	A2	83
1	9	A2	84
1	9	A2	85
1	9	A2	86
1	9	A2	87
1	9	A2	88
1	9	A2	89
1	9	A2	90
1	9	A2	91
1	9	A2	92
1	9	A2	93
1	9	A2	94
1	9	A2	95
1	9	A2	96
1	9	A2	97
1	9	A2	98
1	9	A2	99
1	9	A2	100
1	9	A2	101
1	9	A2	102
1	9	A2	103
1	9	A2	104
1	9	A2	105
1	9	A2	106
1	9	A2	107
1	9	A2	108
1	9	A2	109
1	9	A2	110
1	9	A2	111
1	9	A2	112
1	9	A2	113
1	9	A2	114
1	9	A2	115
1	9	A2	116
1	9	A2	117
1	9	A2	118
1	9	A2	119
1	9	A2	120
1	9	A2	121
1	9	A2	122
1	9	A2	123
1	9	A2	124
1	9	A2	125
1	9	A2	126
1	9	A2	127
1	9	A2	128
1	9	A2	129
1	9	A2	130
1	9	A2	131
1	9	A2	132
1	9	A2	133
1	9	A2	134
1	9	A2	135
1	9	A2	136
1	9	A2	137
1	9	A2	138
1	9	A2	139
1	9	A2	140
1	9	A2	141
1	9	A2	142
1	9	A2	143
1	9	A2	144
1	9	A2	145
1	9	A2	146
1	9	A2	147
1	9	A2	148
1	9	A2	149
1	9	A2	150
1	9	A2	151
1	9	A2	152
1	9	A2	153
1	9	A2	154
1	9	A2	155
1	9	A2	156
1	9	A2	157
1	9	A2	158
1	9	A2	159
1	9	A2	160
1	9	A2	161
1	9	A2	162
1	9	A2	163
1	9	A2	164
1	9	A2	165
1	9	A2	166
1	9	A2	167
1	9	A2	168
1	9	A2	169
1	9	A2	170
1	9	A2	171
1	9	A2	172
1	9	A2	173
1	9	A2	174
1	9	A2	175
1	9	A2	176
1	9	A2	177
1	9	A2	178
1	9	A2	179
1	9	A2	180
1	9	A2	181
1	9	A2	182
1	9	A2	183
1	9	A2	184
1	9	A2	185
1	9	A2	186
1	9	A2	187
1	9	A2	188
1	9	A2	189
1	9	A2	190
1	9	A2	191
1	9	A2	192
1	9	A2	193
1	9	A2	194
1	9	A2	195
1	9	A2	196
1	9	A2	197
1	9	A2	198
1	9	A2	199
1	9	A2	200
1	9	A2	201
1	9	A2	202
1	9	A2	203
1	9	A2	204
1	9	A2	205
1	9	A2	206
1	9	A2	207
1	9	A2	208
1	9	A2	209
1	9	A2	210
1	9	A2	211
1	9	A2	212
1	9	A2	213
1	9	A2	214
1	9	A2	215
1	9	A2	216
1	9	A2	217
1	9	A2	218
1	9	A2	219
1	9	A2	220
1	9	A2	221
1	9	A2	222
1	9	A2	223
1	9	A2	224
1	9	A2	225
1	9	A2	226
1	9	A2	227
1	9	A2	228
1	9	A2	229
1	9	A2	230
1	9	A2	231
1	9	A2	232
1	9	A2	233
1	9	A2	234
1	9	A2	235
1	9	A2	236
1	9	A2	237
1	9	A2	238
1	9	A2	239
1	9	A2	240
1	9	A2	241
1	9	A2	242
1	9	A2	243
1	9	A2	244
1	9	A2	245
1	9	A2	246
1	9	A2	247
1	9	A2	248
1	9	A2	249
1	9	A2	250
1	9	A2	251
1	9	A2	252
1	9	A2	253
1	9	A2	254
1	9	A2	255
1	9	A2	256
1	9	A2	257
1	9	A2	258
1	9	A2	259
1	9	A2	260
1	9	A2	261
1	9	A2	262
1	9	A2	263
1	9	A2	264
1	9	A2	265
1	9	A2	266
1	9	A2	267
1	9	A2	268
1	9	A2	269
1	9	A2	270
1	9	A2	271
1	9	A2	272
1	9	A2	273
1	9	A2	274
1	9	A2	275
1	9	A2	276
1	9	A2	277
1	9	A2	278
1	9	A2	279
1	9	A2	280
1	9	A2	281
1	9	A2	282
1	9	A2	283
1	9	A2	284
1	9	A2	285
1	9	A2	286
1	9	A2	287
1	9	A2	288
1	9	A2	289
1	9	A2	290
1	9	A2	291
1	9	A2	292
1	9	A2	293
1	9	A2	294
1	9	A2	295
1	9	A2	296
1	9	A2	297
1	9	A2	298
1	9	A2	299
1	9	A2	300
1	9	A2	301
1	9	A2	302
1	9	A2	303
1	9	A2	304
1	9	A2	305
1	9	A2	306
1	9	A2	307
1	9	A2	308
1	9	A2	309
1	9	A2	310
1	9	A2	311
1	9	A2	312
1	9	A2	313
1	9	A2	314
1	9	A2	315
1	9	A2	316
1	9	A2	317
1	9	A2	318
1	9	A2	319
1	9	A2	320
1	9	A2	321
1	9	A2	322
1	9	A2	323
1	9	A2	324
1	9	A2	325
1	9	A2	326
1	9	A2	327
1	9	A2	328
1	9	A2	329
1	9	A2	330
1	9	A2	331
1	9	A2	332
1	9	A2	333
1	9	A2	334
1	9	A2	335
1	9	A2	336
1	9	A2	337
1	9	A2	338
1	9	A2	339
1	9	A2	340
1	9	A2	341
1	9	A2	342
1	9	A2	343
1	9	A2	344
1	9	A2	345
1	9	A2	346
1	9	A2	347
1	9	A2	348
1	9	C2	0
1	9	C2	1
1	9	C2	2
1	9	C2	3
1	9	C2	4
1	9	C2	5
1	9	C2	6
1	9	C2	7
1	9	C2	8
1	9	C2	9
1	9	C2	10
1	9	C2	11
1	9	C2	12
1	9	C2	13
1	9	C2	14
1	9	C2	15
1	9	C2	16
1	9	C2	17
1	9	C2	18
1	9	C2	19
1	9	C2	20
1	9	C2	21
1	9	C2	22
1	9	C2	23
1	9	C2	24
1	9	C2	25
1	9	C2	26
1	9	C2	27
1	9	C2	28
1	9	C2	29
1	9	C2	30
1	9	C2	31
1	9	C2	32
1	9	C2	33
1	9	C2	34
1	9	C2	35
1	9	C2	36
1	9	C2	37
1	9	C2	38
1	9	C2	39
1	9	C2	40
1	9	C2	41
1	9	C2	42
1	9	C2	43
1	9	C2	44
1	9	C2	45
1	9	C2	46
1	9	C2	47
1	9	C2	48
1	9	C2	49
1	9	C2	50
1	9	C2	51
1	9	C2	52
1	9	C2	53
1	9	C2	54
1	9	C2	55
1	9	C2	56
1	9	C2	57
1	9	C2	58
1	9	C2	59
1	9	C2	60
1	9	C2	61
1	9	C2	62
1	9	C2	63
1	9	C2	64
1	9	C2	65
1	9	C2	66
1	9	C2	67
1	9	C2	68
1	9	C2	69
1	9	C2	70
1	9	C2	71
1	9	C2	72
1	9	C2	73
1	9	C2	74
1	9	C2	75
1	9	C2	76
1	9	C2	77
1	9	C2	78
1	9	C2	79
1	9	C2	80
1	9	C2	81
1	9	C2	82
1	9	C2	83
1	9	C2	84
1	9	C2	85
1	9	C2	86
1	9	C2	87
1	9	C2	88
1	9	C2	89
1	9	C2	90
1	9	C2	91
1	9	C2	92
1	9	C2	93
1	9	C2	94
1	9	C2	95
1	9	C2	96
1	9	C2	97
1	9	C2	98
1	9	C2	99
1	9	C2	100
1	9	C2	101
1	9	C2	102
1	9	C2	103
1	9	C2	104
1	9	C2	105
1	9	C2	106
1	9	C2	107
1	9	C2	108
1	9	C2	109
1	9	C2	110
1	9	C2	111
1	9	C2	112
1	9	C2	113
1	9	C2	114
1	9	C2	115
1	9	C2	116
1	9	C2	117
1	9	C2	118
1	9	C2	119
1	9	C2	120
1	9	C2	121
1	9	C2	122
1	9	C2	123
1	9	C2	124
1	9	C2	125
1	9	C2	126
1	9	C2	127
1	9	C2	128
1	9	C2	129
1	9	C2	130
1	9	C2	131
1	9	C2	132
1	9	C2	133
1	9	C2	134
1	9	C2	135
1	9	C2	136
1	9	C2	137
1	9	C2	138
1	9	C2	139
1	9	C2	140
1	9	C2	141
1	9	C2	142
1	9	C2	143
1	9	C2	144
1	9	C2	145
1	9	C2	146
1	9	C2	147
1	9	C2	148
1	9	C2	149
1	9	C2	150
1	9	C2	151
1	9	C2	152
1	9	C2	153
1	9	C2	154
1	9	C2	155
1	9	C2	156
1	9	C2	157
1	9	C2	158
1	9	C2	159
1	9	C2	160
1	9	C2	161
1	9	C2	162
1	9	C2	163
1	9	C2	164
1	9	C2	165
1	9	C2	166
1	9	C2	167
1	9	C2	168
1	9	C2	169
1	9	C2	170
1	9	C2	171
1	9	C2	172
1	9	C2	173
1	9	C2	174
1	9	C2	175
1	9	C2	176
1	9	C2	177
1	9	C2	178
1	9	C2	179
1	9	C2	180
1	9	C2	181
1	9	C2	182
1	9	C2	183
1	9	C2	184
1	9	C2	185
1	9	C2	186
1	9	C2	187
1	9	C2	188
1	9	C2	189
1	9	C2	190
1	9	C2	191
1	9	C2	192
1	9	C2	193
1	9	C2	194
1	9	C2	195
1	9	C2	196
1	9	C2	197
1	9	C2	198
1	9	C2	199
1	9	C2	200
1	9	C2	201
1	9	C2	202
1	9	C2	203
1	9	C2	204
1	9	C2	205
1	9	C2	206
1	9	C2	207
1	9	C2	208
1	9	C2	209
1	9	C2	210
1	9	C2	211
1	9	C2	212
1	9	C2	213
1	9	C2	214
1	9	C2	215
1	9	C2	216
1	9	C2	217
1	9	C2	218
1	9	C2	219
1	9	C2	220
1	9	C2	221
1	9	C2	222
1	9	C2	223
1	9	C2	224
1	9	C2	225
1	9	C2	226
1	9	C2	227
1	9	C2	228
1	9	C2	229
1	9	C2	230
1	9	C2	231
1	9	C2	232
1	9	C2	233
1	9	C2	234
1	9	C2	235
1	9	C2	236
1	9	C2	237
1	9	C2	238
1	9	C2	239
1	9	C2	240
1	9	C2	241
1	9	C2	242
1	9	C2	243
1	9	C2	244
1	9	C2	245
1	9	C2	246
1	9	C2	247
1	9	C2	248
1	9	C2	249
1	9	C2	250
1	9	C2	251
1	9	C2	252
1	9	C2	253
1	9	C2	254
1	9	C2	255
1	9	C2	256
1	9	C2	257
1	9	C2	258
1	9	C2	259
1	9	C2	260
1	9	C2	261
1	9	C2	262
1	9	C2	263
1	9	C2	264
1	9	C2	265
1	9	C2	266
1	9	C2	267
1	9	C2	268
1	9	C2	269
1	9	C2	270
1	9	C2	271
1	9	C2	272
1	9	C2	273
1	9	C2	274
1	9	C2	275
1	9	C2	276
1	9	C2	277
1	9	C2	278
1	9	C2	279
1	9	C2	280
1	9	C2	281
1	9	C2	282
1	9	C2	283
1	9	C2	284
1	9	C2	285
1	9	C2	286
1	9	C2	287
1	9	C2	288
1	9	C2	289
1	9	C2	290
1	9	C2	291
1	9	C2	292
1	9	C2	293
1	9	C2	294
1	9	C2	295
1	9	C2	296
1	9	C2	297
1	9	C2	298
1	9	C2	299
1	9	C2	300
1	9	C2	301
1	9	C2	302
1	9	C2	303
1	9	C2	304
1	9	C2	305
1	9	C2	306
1	9	C2	307
1	9	C2	308
1	9	C2	309
1	9	C2	310
1	9	C2	311
1	9	C2	312
1	9	C2	313
1	9	C2	314
1	9	C2	315
1	9	C2	316
1	9	C2	317
1	9	C2	318
1	9	C2	319
1	9	C2	320
1	9	C2	321
1	9	C2	322
1	9	C2	323
1	9	C2	324
1	9	C2	325
1	9	C2	326
1	9	C2	327
1	9	C2	328
1	9	C2	329
1	9	C2	330
1	9	C2	331
1	9	C2	332
1	9	C2	333
1	9	C2	334
1	9	C2	335
1	9	C2	336
1	9	C2	337
1	9	C2	338
1	9	C2	339
1	9	C2	340
1	9	C2	341
1	9	C2	342
1	9	C2	343
1	9	C2	344
1	9	C2	345
1	9	C2	346
1	9	C2	347
1	9	C2	348
1	9	C3	0
1	9	C3	1
1	9	C3	2
1	9	C3	3
1	9	C3	4
1	9	C3	5
1	9	C3	6
1	9	C3	7
1	9	C3	8
1	9	C3	9
1	9	C3	10
1	9	C3	11
1	9	C3	12
1	9	C3	13
1	9	C3	14
1	9	C3	15
1	9	C3	16
1	9	C3	17
1	9	C3	18
1	9	C3	19
1	9	C3	20
1	9	C3	21
1	9	C3	22
1	9	C3	23
1	9	C3	24
1	9	C3	25
1	9	C3	26
1	9	C3	27
1	9	C3	28
1	9	C3	29
1	9	C3	30
1	9	C3	31
1	9	C3	32
1	9	C3	33
1	9	C3	34
1	9	C3	35
1	9	C3	36
1	9	C3	37
1	9	C3	38
1	9	C3	39
1	9	C3	40
1	9	C3	41
1	9	C3	42
1	9	C3	43
1	9	C3	44
1	9	C3	45
1	9	C3	46
1	9	C3	47
1	9	C3	48
1	9	C3	49
1	9	C3	50
1	9	C3	51
1	9	C3	52
1	9	C3	53
1	9	C3	54
1	9	C3	55
1	9	C3	56
1	9	C3	57
1	9	C3	58
1	9	C3	59
1	9	C3	60
1	9	C3	61
1	9	C3	62
1	9	C3	63
1	9	C3	64
1	9	C3	65
1	9	C3	66
1	9	C3	67
1	9	C3	68
1	9	C3	69
1	9	C3	70
1	9	C3	71
1	9	C3	72
1	9	C3	73
1	9	C3	74
1	9	C3	75
1	9	C3	76
1	9	C3	77
1	9	C3	78
1	9	C3	79
1	9	C3	80
1	9	C3	81
1	9	C3	82
1	9	C3	83
1	9	C3	84
1	9	C3	85
1	9	C3	86
1	9	C3	87
1	9	C3	88
1	9	C3	89
1	9	C3	90
1	9	C3	91
1	9	C3	92
1	9	C3	93
1	9	C3	94
1	9	C3	95
1	9	C3	96
1	9	C3	97
1	9	C3	98
1	9	C3	99
1	9	C3	100
1	9	C3	101
1	9	C3	102
1	9	C3	103
1	9	C3	104
1	9	C3	105
1	9	C3	106
1	9	C3	107
1	9	C3	108
1	9	C3	109
1	9	C3	110
1	9	C3	111
1	9	C3	112
1	9	C3	113
1	9	C3	114
1	9	C3	115
1	9	C3	116
1	9	C3	117
1	9	C3	118
1	9	C3	119
1	9	C3	120
1	9	C3	121
1	9	C3	122
1	9	C3	123
1	9	C3	124
1	9	C3	125
1	9	C3	126
1	9	C3	127
1	9	C3	128
1	9	C3	129
1	9	C3	130
1	9	C3	131
1	9	C3	132
1	9	C3	133
1	9	C3	134
1	9	C3	135
1	9	C3	136
1	9	C3	137
1	9	C3	138
1	9	C3	139
1	9	C3	140
1	9	C3	141
1	9	C3	142
1	9	C3	143
1	9	C3	144
1	9	C3	145
1	9	C3	146
1	9	C3	147
1	9	C3	148
1	9	C3	149
1	9	C3	150
1	9	C3	151
1	9	C3	152
1	9	C3	153
1	9	C3	154
1	9	C3	155
1	9	C3	156
1	9	C3	157
1	9	C3	158
1	9	C3	159
1	9	C3	160
1	9	C3	161
1	9	C3	162
1	9	C3	163
1	9	C3	164
1	9	C3	165
1	9	C3	166
1	9	C3	167
1	9	C3	168
1	9	C3	169
1	9	C3	170
1	9	C3	171
1	9	C3	172
1	9	C3	173
1	9	C3	174
1	9	C3	175
1	9	C3	176
1	9	C3	177
1	9	C3	178
1	9	C3	179
1	9	C3	180
1	9	C3	181
1	9	C3	182
1	9	C3	183
1	9	C3	184
1	9	C3	185
1	9	C3	186
1	9	C3	187
1	9	C3	188
1	9	C3	189
1	9	C3	190
1	9	C3	191
1	9	C3	192
1	9	C3	193
1	9	C3	194
1	9	C3	195
1	9	C3	196
1	9	C3	197
1	9	C3	198
1	9	C3	199
1	9	C3	200
1	9	C3	201
1	9	C3	202
1	9	C3	203
1	9	C3	204
1	9	C3	205
1	9	C3	206
1	9	C3	207
1	9	C3	208
1	9	C3	209
1	9	C3	210
1	9	C3	211
1	9	C3	212
1	9	C3	213
1	9	C3	214
1	9	C3	215
1	9	C3	216
1	9	C3	217
1	9	C3	218
1	9	C3	219
1	9	C3	220
1	9	C3	221
1	9	C3	222
1	9	C3	223
1	9	C3	224
1	9	C3	225
1	9	C3	226
1	9	C3	227
1	9	C3	228
1	9	C3	229
1	9	C3	230
1	9	C3	231
1	9	C3	232
1	9	C3	233
1	9	C3	234
1	9	C3	235
1	9	C3	236
1	9	C3	237
1	9	C3	238
1	9	C3	239
1	9	C3	240
1	9	C3	241
1	9	C3	242
1	9	C3	243
1	9	C3	244
1	9	C3	245
1	9	C3	246
1	9	C3	247
1	9	C3	248
1	9	C3	249
1	9	C3	250
1	9	C3	251
1	9	C3	252
1	9	C3	253
1	9	C3	254
1	9	C3	255
1	9	C3	256
1	9	C3	257
1	9	C3	258
1	9	C3	259
1	9	C3	260
1	9	C3	261
1	9	C3	262
1	9	C3	263
1	9	C3	264
1	9	C3	265
1	9	C3	266
1	9	C3	267
1	9	C3	268
1	9	C3	269
1	9	C3	270
1	9	C3	271
1	9	C3	272
1	9	C3	273
1	9	C3	274
1	9	C3	275
1	9	C3	276
1	9	C3	277
1	9	C3	278
1	9	C3	279
1	9	C3	280
1	9	C3	281
1	9	C3	282
1	9	C3	283
1	9	C3	284
1	9	C3	285
1	9	C3	286
1	9	C3	287
1	9	C3	288
1	9	C3	289
1	9	C3	290
1	9	C3	291
1	9	C3	292
1	9	C3	293
1	9	C3	294
1	9	C3	295
1	9	C3	296
1	9	C3	297
1	9	C3	298
1	9	C3	299
1	9	C3	300
1	9	C3	301
1	9	C3	302
1	9	C3	303
1	9	C3	304
1	9	C3	305
1	9	C3	306
1	9	C3	307
1	9	C3	308
1	9	C3	309
1	9	C3	310
1	9	C3	311
1	9	C3	312
1	9	C3	313
1	9	C3	314
1	9	C3	315
1	9	C3	316
1	9	C3	317
1	9	C3	318
1	9	C3	319
1	9	C3	320
1	9	C3	321
1	9	C3	322
1	9	C3	323
1	9	C3	324
1	9	C3	325
1	9	C3	326
1	9	C3	327
1	9	C3	328
1	9	C3	329
1	9	C3	330
1	9	C3	331
1	9	C3	332
1	9	C3	333
1	9	C3	334
1	9	C3	335
1	9	C3	336
1	9	C3	337
1	9	C3	338
1	9	C3	339
1	9	C3	340
1	9	C3	341
1	9	C3	342
1	9	C3	343
1	9	C3	344
1	9	C3	345
1	9	C3	346
1	9	C3	347
1	9	C3	348
1	9	C4	0
1	9	C4	1
1	9	C4	2
1	9	C4	3
1	9	C4	4
1	9	C4	5
1	9	C4	6
1	9	C4	7
1	9	C4	8
1	9	C4	9
1	9	C4	10
1	9	C4	11
1	9	C4	12
1	9	C4	13
1	9	C4	14
1	9	C4	15
1	9	C4	16
1	9	C4	17
1	9	C4	18
1	9	C4	19
1	9	C4	20
1	9	C4	21
1	9	C4	22
1	9	C4	23
1	9	C4	24
1	9	C4	25
1	9	C4	26
1	9	C4	27
1	9	C4	28
1	9	C4	29
1	9	C4	30
1	9	C4	31
1	9	C4	32
1	9	C4	33
1	9	C4	34
1	9	C4	35
1	9	C4	36
1	9	C4	37
1	9	C4	38
1	9	C4	39
1	9	C4	40
1	9	C4	41
1	9	C4	42
1	9	C4	43
1	9	C4	44
1	9	C4	45
1	9	C4	46
1	9	C4	47
1	9	C4	48
1	9	C4	49
1	9	C4	50
1	9	C4	51
1	9	C4	52
1	9	C4	53
1	9	C4	54
1	9	C4	55
1	9	C4	56
1	9	C4	57
1	9	C4	58
1	9	C4	59
1	9	C4	60
1	9	C4	61
1	9	C4	62
1	9	C4	63
1	9	C4	64
1	9	C4	65
1	9	C4	66
1	9	C4	67
1	9	C4	68
1	9	C4	69
1	9	C4	70
1	9	C4	71
1	9	C4	72
1	9	C4	73
1	9	C4	74
1	9	C4	75
1	9	C4	76
1	9	C4	77
1	9	C4	78
1	9	C4	79
1	9	C4	80
1	9	C4	81
1	9	C4	82
1	9	C4	83
1	9	C4	84
1	9	C4	85
1	9	C4	86
1	9	C4	87
1	9	C4	88
1	9	C4	89
1	9	C4	90
1	9	C4	91
1	9	C4	92
1	9	C4	93
1	9	C4	94
1	9	C4	95
1	9	C4	96
1	9	C4	97
1	9	C4	98
1	9	C4	99
1	9	C4	100
1	9	C4	101
1	9	C4	102
1	9	C4	103
1	9	C4	104
1	9	C4	105
1	9	C4	106
1	9	C4	107
1	9	C4	108
1	9	C4	109
1	9	C4	110
1	9	C4	111
1	9	C4	112
1	9	C4	113
1	9	C4	114
1	9	C4	115
1	9	C4	116
1	9	C4	117
1	9	C4	118
1	9	C4	119
1	9	C4	120
1	9	C4	121
1	9	C4	122
1	9	C4	123
1	9	C4	124
1	9	C4	125
1	9	C4	126
1	9	C4	127
1	9	C4	128
1	9	C4	129
1	9	C4	130
1	9	C4	131
1	9	C4	132
1	9	C4	133
1	9	C4	134
1	9	C4	135
1	9	C4	136
1	9	C4	137
1	9	C4	138
1	9	C4	139
1	9	C4	140
1	9	C4	141
1	9	C4	142
1	9	C4	143
1	9	C4	144
1	9	C4	145
1	9	C4	146
1	9	C4	147
1	9	C4	148
1	9	C4	149
1	9	C4	150
1	9	C4	151
1	9	C4	152
1	9	C4	153
1	9	C4	154
1	9	C4	155
1	9	C4	156
1	9	C4	157
1	9	C4	158
1	9	C4	159
1	9	C4	160
1	9	C4	161
1	9	C4	162
1	9	C4	163
1	9	C4	164
1	9	C4	165
1	9	C4	166
1	9	C4	167
1	9	C4	168
1	9	C4	169
1	9	C4	170
1	9	C4	171
1	9	C4	172
1	9	C4	173
1	9	C4	174
1	9	C4	175
1	9	C4	176
1	9	C4	177
1	9	C4	178
1	9	C4	179
1	9	C4	180
1	9	C4	181
1	9	C4	182
1	9	C4	183
1	9	C4	184
1	9	C4	185
1	9	C4	186
1	9	C4	187
1	9	C4	188
1	9	C4	189
1	9	C4	190
1	9	C4	191
1	9	C4	192
1	9	C4	193
1	9	C4	194
1	9	C4	195
1	9	C4	196
1	9	C4	197
1	9	C4	198
1	9	C4	199
1	9	C4	200
1	9	C4	201
1	9	C4	202
1	9	C4	203
1	9	C4	204
1	9	C4	205
1	9	C4	206
1	9	C4	207
1	9	C4	208
1	9	C4	209
1	9	C4	210
1	9	C4	211
1	9	C4	212
1	9	C4	213
1	9	C4	214
1	9	C4	215
1	9	C4	216
1	9	C4	217
1	9	C4	218
1	9	C4	219
1	9	C4	220
1	9	C4	221
1	9	C4	222
1	9	C4	223
1	9	C4	224
1	9	C4	225
1	9	C4	226
1	9	C4	227
1	9	C4	228
1	9	C4	229
1	9	C4	230
1	9	C4	231
1	9	C4	232
1	9	C4	233
1	9	C4	234
1	9	C4	235
1	9	C4	236
1	9	C4	237
1	9	C4	238
1	9	C4	239
1	9	C4	240
1	9	C4	241
1	9	C4	242
1	9	C4	243
1	9	C4	244
1	9	C4	245
1	9	C4	246
1	9	C4	247
1	9	C4	248
1	9	C4	249
1	9	C4	250
1	9	C4	251
1	9	C4	252
1	9	C4	253
1	9	C4	254
1	9	C4	255
1	9	C4	256
1	9	C4	257
1	9	C4	258
1	9	C4	259
1	9	C4	260
1	9	C4	261
1	9	C4	262
1	9	C4	263
1	9	C4	264
1	9	C4	265
1	9	C4	266
1	9	C4	267
1	9	C4	268
1	9	C4	269
1	9	C4	270
1	9	C4	271
1	9	C4	272
1	9	C4	273
1	9	C4	274
1	9	C4	275
1	9	C4	276
1	9	C4	277
1	9	C4	278
1	9	C4	279
1	9	C4	280
1	9	C4	281
1	9	C4	282
1	9	C4	283
1	9	C4	284
1	9	C4	285
1	9	C4	286
1	9	C4	287
1	9	C4	288
1	9	C4	289
1	9	C4	290
1	9	C4	291
1	9	C4	292
1	9	C4	293
1	9	C4	294
1	9	C4	295
1	9	C4	296
1	9	C4	297
1	9	C4	298
1	9	C4	299
1	9	C4	300
1	9	C4	301
1	9	C4	302
1	9	C4	303
1	9	C4	304
1	9	C4	305
1	9	C4	306
1	9	C4	307
1	9	C4	308
1	9	C4	309
1	9	C4	310
1	9	C4	311
1	9	C4	312
1	9	C4	313
1	9	C4	314
1	9	C4	315
1	9	C4	316
1	9	C4	317
1	9	C4	318
1	9	C4	319
1	9	C4	320
1	9	C4	321
1	9	C4	322
1	9	C4	323
1	9	C4	324
1	9	C4	325
1	9	C4	326
1	9	C4	327
1	9	C4	328
1	9	C4	329
1	9	C4	330
1	9	C4	331
1	9	C4	332
1	9	C4	333
1	9	C4	334
1	9	C4	335
1	9	C4	336
1	9	C4	337
1	9	C4	338
1	9	C4	339
1	9	C4	340
1	9	C4	341
1	9	C4	342
1	9	C4	343
1	9	C4	344
1	9	C4	345
1	9	C4	346
1	9	C4	347
1	9	C4	348
1	10	A1	0
1	10	A1	1
1	10	A1	2
1	10	A1	3
1	10	A1	4
1	10	A1	5
1	10	A1	6
1	10	A1	7
1	10	A1	8
1	10	A1	9
1	10	A1	10
1	10	A1	11
1	10	A1	12
1	10	A1	13
1	10	A1	14
1	10	A1	15
1	10	A1	16
1	10	A1	17
1	10	A1	18
1	10	A1	19
1	10	A1	20
1	10	A1	21
1	10	A1	22
1	10	A1	23
1	10	A1	24
1	10	A1	25
1	10	A1	26
1	10	A1	27
1	10	A1	28
1	10	A1	29
1	10	A1	30
1	10	A1	31
1	10	A1	32
1	10	A1	33
1	10	A1	34
1	10	A1	35
1	10	A1	36
1	10	A1	37
1	10	A1	38
1	10	A1	39
1	10	A1	40
1	10	A1	41
1	10	A1	42
1	10	A1	43
1	10	A1	44
1	10	A1	45
1	10	A1	46
1	10	A1	47
1	10	A1	48
1	10	A1	49
1	10	A1	50
1	10	A1	51
1	10	A1	52
1	10	A1	53
1	10	A1	54
1	10	A1	55
1	10	A1	56
1	10	A1	57
1	10	A1	58
1	10	A1	59
1	10	A1	60
1	10	A1	61
1	10	A1	62
1	10	A1	63
1	10	A1	64
1	10	A1	65
1	10	A1	66
1	10	A1	67
1	10	A1	68
1	10	A1	69
1	10	A1	70
1	10	A1	71
1	10	A1	72
1	10	A1	73
1	10	A1	74
1	10	A1	75
1	10	A1	76
1	10	A1	77
1	10	A1	78
1	10	A1	79
1	10	A1	80
1	10	A1	81
1	10	A1	82
1	10	A1	83
1	10	A1	84
1	10	A1	85
1	10	A1	86
1	10	A1	87
1	10	A1	88
1	10	A1	89
1	10	A1	90
1	10	A1	91
1	10	A1	92
1	10	A1	93
1	10	A1	94
1	10	A1	95
1	10	A1	96
1	10	A1	97
1	10	A1	98
1	10	A1	99
1	10	A1	100
1	10	A1	101
1	10	A1	102
1	10	A1	103
1	10	A1	104
1	10	A1	105
1	10	A1	106
1	10	A1	107
1	10	A1	108
1	10	A1	109
1	10	A1	110
1	10	A1	111
1	10	A1	112
1	10	A1	113
1	10	A1	114
1	10	A1	115
1	10	A1	116
1	10	A1	117
1	10	A1	118
1	10	A1	119
1	10	A1	120
1	10	A1	121
1	10	A1	122
1	10	A1	123
1	10	A1	124
1	10	A1	125
1	10	A1	126
1	10	A1	127
1	10	A1	128
1	10	A1	129
1	10	A1	130
1	10	A1	131
1	10	A1	132
1	10	A1	133
1	10	A1	134
1	10	A1	135
1	10	A1	136
1	10	A1	137
1	10	A1	138
1	10	A1	139
1	10	A1	140
1	10	A1	141
1	10	A1	142
1	10	A1	143
1	10	A1	144
1	10	A1	145
1	10	A1	146
1	10	A1	147
1	10	A1	148
1	10	A1	149
1	10	A1	150
1	10	A1	151
1	10	A1	152
1	10	A1	153
1	10	A1	154
1	10	A1	155
1	10	A1	156
1	10	A1	157
1	10	A1	158
1	10	A1	159
1	10	A1	160
1	10	A1	161
1	10	A1	162
1	10	A1	163
1	10	A1	164
1	10	A1	165
1	10	A1	166
1	10	A1	167
1	10	A1	168
1	10	A1	169
1	10	A1	170
1	10	A1	171
1	10	A1	172
1	10	A1	173
1	10	A1	174
1	10	A1	175
1	10	A1	176
1	10	A1	177
1	10	A1	178
1	10	A1	179
1	10	A1	180
1	10	A1	181
1	10	A1	182
1	10	A1	183
1	10	A1	184
1	10	A1	185
1	10	A1	186
1	10	A1	187
1	10	A1	188
1	10	A1	189
1	10	A1	190
1	10	A1	191
1	10	A1	192
1	10	A1	193
1	10	A1	194
1	10	A1	195
1	10	A1	196
1	10	A1	197
1	10	A1	198
1	10	A1	199
1	10	A1	200
1	10	A1	201
1	10	A1	202
1	10	A1	203
1	10	A1	204
1	10	A1	205
1	10	A1	206
1	10	A1	207
1	10	A1	208
1	10	A1	209
1	10	A1	210
1	10	A1	211
1	10	A1	212
1	10	A1	213
1	10	A1	214
1	10	A1	215
1	10	A1	216
1	10	A1	217
1	10	A1	218
1	10	A1	219
1	10	A1	220
1	10	A1	221
1	10	A1	222
1	10	A1	223
1	10	A1	224
1	10	A1	225
1	10	A1	226
1	10	A1	227
1	10	A1	228
1	10	A1	229
1	10	A1	230
1	10	A1	231
1	10	A1	232
1	10	A1	233
1	10	A1	234
1	10	A1	235
1	10	A1	236
1	10	A1	237
1	10	A1	238
1	10	A1	239
1	10	A1	240
1	10	A1	241
1	10	A1	242
1	10	A1	243
1	10	A1	244
1	10	A1	245
1	10	A1	246
1	10	A1	247
1	10	A1	248
1	10	A1	249
1	10	A1	250
1	10	A1	251
1	10	A1	252
1	10	A1	253
1	10	A1	254
1	10	A1	255
1	10	A1	256
1	10	A1	257
1	10	A1	258
1	10	A1	259
1	10	A1	260
1	10	A1	261
1	10	A1	262
1	10	A1	263
1	10	A1	264
1	10	A1	265
1	10	A1	266
1	10	A1	267
1	10	A1	268
1	10	A1	269
1	10	A1	270
1	10	A1	271
1	10	A1	272
1	10	A1	273
1	10	A1	274
1	10	A1	275
1	10	A1	276
1	10	A1	277
1	10	A1	278
1	10	A1	279
1	10	A1	280
1	10	A1	281
1	10	A1	282
1	10	A1	283
1	10	A1	284
1	10	A1	285
1	10	A1	286
1	10	A1	287
1	10	A1	288
1	10	A1	289
1	10	A1	290
1	10	A1	291
1	10	A1	292
1	10	A1	293
1	10	A1	294
1	10	A1	295
1	10	A1	296
1	10	A1	297
1	10	A1	298
1	10	A1	299
1	10	A1	300
1	10	A1	301
1	10	A1	302
1	10	A1	303
1	10	A1	304
1	10	A1	305
1	10	A1	306
1	10	A1	307
1	10	A1	308
1	10	A1	309
1	10	A1	310
1	10	A1	311
1	10	A1	312
1	10	A1	313
1	10	A1	314
1	10	A1	315
1	10	A1	316
1	10	A1	317
1	10	A1	318
1	10	A1	319
1	10	A1	320
1	10	A1	321
1	10	A1	322
1	10	A1	323
1	10	A1	324
1	10	A1	325
1	10	A1	326
1	10	A1	327
1	10	A1	328
1	10	A1	329
1	10	A1	330
1	10	A1	331
1	10	A1	332
1	10	A1	333
1	10	A1	334
1	10	A1	335
1	10	A1	336
1	10	A1	337
1	10	A1	338
1	10	A1	339
1	10	A1	340
1	10	A1	341
1	10	A1	342
1	10	A1	343
1	10	A1	344
1	10	A1	345
1	10	A1	346
1	10	A1	347
1	10	A1	348
1	10	A2	0
1	10	A2	1
1	10	A2	2
1	10	A2	3
1	10	A2	4
1	10	A2	5
1	10	A2	6
1	10	A2	7
1	10	A2	8
1	10	A2	9
1	10	A2	10
1	10	A2	11
1	10	A2	12
1	10	A2	13
1	10	A2	14
1	10	A2	15
1	10	A2	16
1	10	A2	17
1	10	A2	18
1	10	A2	19
1	10	A2	20
1	10	A2	21
1	10	A2	22
1	10	A2	23
1	10	A2	24
1	10	A2	25
1	10	A2	26
1	10	A2	27
1	10	A2	28
1	10	A2	29
1	10	A2	30
1	10	A2	31
1	10	A2	32
1	10	A2	33
1	10	A2	34
1	10	A2	35
1	10	A2	36
1	10	A2	37
1	10	A2	38
1	10	A2	39
1	10	A2	40
1	10	A2	41
1	10	A2	42
1	10	A2	43
1	10	A2	44
1	10	A2	45
1	10	A2	46
1	10	A2	47
1	10	A2	48
1	10	A2	49
1	10	A2	50
1	10	A2	51
1	10	A2	52
1	10	A2	53
1	10	A2	54
1	10	A2	55
1	10	A2	56
1	10	A2	57
1	10	A2	58
1	10	A2	59
1	10	A2	60
1	10	A2	61
1	10	A2	62
1	10	A2	63
1	10	A2	64
1	10	A2	65
1	10	A2	66
1	10	A2	67
1	10	A2	68
1	10	A2	69
1	10	A2	70
1	10	A2	71
1	10	A2	72
1	10	A2	73
1	10	A2	74
1	10	A2	75
1	10	A2	76
1	10	A2	77
1	10	A2	78
1	10	A2	79
1	10	A2	80
1	10	A2	81
1	10	A2	82
1	10	A2	83
1	10	A2	84
1	10	A2	85
1	10	A2	86
1	10	A2	87
1	10	A2	88
1	10	A2	89
1	10	A2	90
1	10	A2	91
1	10	A2	92
1	10	A2	93
1	10	A2	94
1	10	A2	95
1	10	A2	96
1	10	A2	97
1	10	A2	98
1	10	A2	99
1	10	A2	100
1	10	A2	101
1	10	A2	102
1	10	A2	103
1	10	A2	104
1	10	A2	105
1	10	A2	106
1	10	A2	107
1	10	A2	108
1	10	A2	109
1	10	A2	110
1	10	A2	111
1	10	A2	112
1	10	A2	113
1	10	A2	114
1	10	A2	115
1	10	A2	116
1	10	A2	117
1	10	A2	118
1	10	A2	119
1	10	A2	120
1	10	A2	121
1	10	A2	122
1	10	A2	123
1	10	A2	124
1	10	A2	125
1	10	A2	126
1	10	A2	127
1	10	A2	128
1	10	A2	129
1	10	A2	130
1	10	A2	131
1	10	A2	132
1	10	A2	133
1	10	A2	134
1	10	A2	135
1	10	A2	136
1	10	A2	137
1	10	A2	138
1	10	A2	139
1	10	A2	140
1	10	A2	141
1	10	A2	142
1	10	A2	143
1	10	A2	144
1	10	A2	145
1	10	A2	146
1	10	A2	147
1	10	A2	148
1	10	A2	149
1	10	A2	150
1	10	A2	151
1	10	A2	152
1	10	A2	153
1	10	A2	154
1	10	A2	155
1	10	A2	156
1	10	A2	157
1	10	A2	158
1	10	A2	159
1	10	A2	160
1	10	A2	161
1	10	A2	162
1	10	A2	163
1	10	A2	164
1	10	A2	165
1	10	A2	166
1	10	A2	167
1	10	A2	168
1	10	A2	169
1	10	A2	170
1	10	A2	171
1	10	A2	172
1	10	A2	173
1	10	A2	174
1	10	A2	175
1	10	A2	176
1	10	A2	177
1	10	A2	178
1	10	A2	179
1	10	A2	180
1	10	A2	181
1	10	A2	182
1	10	A2	183
1	10	A2	184
1	10	A2	185
1	10	A2	186
1	10	A2	187
1	10	A2	188
1	10	A2	189
1	10	A2	190
1	10	A2	191
1	10	A2	192
1	10	A2	193
1	10	A2	194
1	10	A2	195
1	10	A2	196
1	10	A2	197
1	10	A2	198
1	10	A2	199
1	10	A2	200
1	10	A2	201
1	10	A2	202
1	10	A2	203
1	10	A2	204
1	10	A2	205
1	10	A2	206
1	10	A2	207
1	10	A2	208
1	10	A2	209
1	10	A2	210
1	10	A2	211
1	10	A2	212
1	10	A2	213
1	10	A2	214
1	10	A2	215
1	10	A2	216
1	10	A2	217
1	10	A2	218
1	10	A2	219
1	10	A2	220
1	10	A2	221
1	10	A2	222
1	10	A2	223
1	10	A2	224
1	10	A2	225
1	10	A2	226
1	10	A2	227
1	10	A2	228
1	10	A2	229
1	10	A2	230
1	10	A2	231
1	10	A2	232
1	10	A2	233
1	10	A2	234
1	10	A2	235
1	10	A2	236
1	10	A2	237
1	10	A2	238
1	10	A2	239
1	10	A2	240
1	10	A2	241
1	10	A2	242
1	10	A2	243
1	10	A2	244
1	10	A2	245
1	10	A2	246
1	10	A2	247
1	10	A2	248
1	10	A2	249
1	10	A2	250
1	10	A2	251
1	10	A2	252
1	10	A2	253
1	10	A2	254
1	10	A2	255
1	10	A2	256
1	10	A2	257
1	10	A2	258
1	10	A2	259
1	10	A2	260
1	10	A2	261
1	10	A2	262
1	10	A2	263
1	10	A2	264
1	10	A2	265
1	10	A2	266
1	10	A2	267
1	10	A2	268
1	10	A2	269
1	10	A2	270
1	10	A2	271
1	10	A2	272
1	10	A2	273
1	10	A2	274
1	10	A2	275
1	10	A2	276
1	10	A2	277
1	10	A2	278
1	10	A2	279
1	10	A2	280
1	10	A2	281
1	10	A2	282
1	10	A2	283
1	10	A2	284
1	10	A2	285
1	10	A2	286
1	10	A2	287
1	10	A2	288
1	10	A2	289
1	10	A2	290
1	10	A2	291
1	10	A2	292
1	10	A2	293
1	10	A2	294
1	10	A2	295
1	10	A2	296
1	10	A2	297
1	10	A2	298
1	10	A2	299
1	10	A2	300
1	10	A2	301
1	10	A2	302
1	10	A2	303
1	10	A2	304
1	10	A2	305
1	10	A2	306
1	10	A2	307
1	10	A2	308
1	10	A2	309
1	10	A2	310
1	10	A2	311
1	10	A2	312
1	10	A2	313
1	10	A2	314
1	10	A2	315
1	10	A2	316
1	10	A2	317
1	10	A2	318
1	10	A2	319
1	10	A2	320
1	10	A2	321
1	10	A2	322
1	10	A2	323
1	10	A2	324
1	10	A2	325
1	10	A2	326
1	10	A2	327
1	10	A2	328
1	10	A2	329
1	10	A2	330
1	10	A2	331
1	10	A2	332
1	10	A2	333
1	10	A2	334
1	10	A2	335
1	10	A2	336
1	10	A2	337
1	10	A2	338
1	10	A2	339
1	10	A2	340
1	10	A2	341
1	10	A2	342
1	10	A2	343
1	10	A2	344
1	10	A2	345
1	10	A2	346
1	10	A2	347
1	10	A2	348
1	10	C2	0
1	10	C2	1
1	10	C2	2
1	10	C2	3
1	10	C2	4
1	10	C2	5
1	10	C2	6
1	10	C2	7
1	10	C2	8
1	10	C2	9
1	10	C2	10
1	10	C2	11
1	10	C2	12
1	10	C2	13
1	10	C2	14
1	10	C2	15
1	10	C2	16
1	10	C2	17
1	10	C2	18
1	10	C2	19
1	10	C2	20
1	10	C2	21
1	10	C2	22
1	10	C2	23
1	10	C2	24
1	10	C2	25
1	10	C2	26
1	10	C2	27
1	10	C2	28
1	10	C2	29
1	10	C2	30
1	10	C2	31
1	10	C2	32
1	10	C2	33
1	10	C2	34
1	10	C2	35
1	10	C2	36
1	10	C2	37
1	10	C2	38
1	10	C2	39
1	10	C2	40
1	10	C2	41
1	10	C2	42
1	10	C2	43
1	10	C2	44
1	10	C2	45
1	10	C2	46
1	10	C2	47
1	10	C2	48
1	10	C2	49
1	10	C2	50
1	10	C2	51
1	10	C2	52
1	10	C2	53
1	10	C2	54
1	10	C2	55
1	10	C2	56
1	10	C2	57
1	10	C2	58
1	10	C2	59
1	10	C2	60
1	10	C2	61
1	10	C2	62
1	10	C2	63
1	10	C2	64
1	10	C2	65
1	10	C2	66
1	10	C2	67
1	10	C2	68
1	10	C2	69
1	10	C2	70
1	10	C2	71
1	10	C2	72
1	10	C2	73
1	10	C2	74
1	10	C2	75
1	10	C2	76
1	10	C2	77
1	10	C2	78
1	10	C2	79
1	10	C2	80
1	10	C2	81
1	10	C2	82
1	10	C2	83
1	10	C2	84
1	10	C2	85
1	10	C2	86
1	10	C2	87
1	10	C2	88
1	10	C2	89
1	10	C2	90
1	10	C2	91
1	10	C2	92
1	10	C2	93
1	10	C2	94
1	10	C2	95
1	10	C2	96
1	10	C2	97
1	10	C2	98
1	10	C2	99
1	10	C2	100
1	10	C2	101
1	10	C2	102
1	10	C2	103
1	10	C2	104
1	10	C2	105
1	10	C2	106
1	10	C2	107
1	10	C2	108
1	10	C2	109
1	10	C2	110
1	10	C2	111
1	10	C2	112
1	10	C2	113
1	10	C2	114
1	10	C2	115
1	10	C2	116
1	10	C2	117
1	10	C2	118
1	10	C2	119
1	10	C2	120
1	10	C2	121
1	10	C2	122
1	10	C2	123
1	10	C2	124
1	10	C2	125
1	10	C2	126
1	10	C2	127
1	10	C2	128
1	10	C2	129
1	10	C2	130
1	10	C2	131
1	10	C2	132
1	10	C2	133
1	10	C2	134
1	10	C2	135
1	10	C2	136
1	10	C2	137
1	10	C2	138
1	10	C2	139
1	10	C2	140
1	10	C2	141
1	10	C2	142
1	10	C2	143
1	10	C2	144
1	10	C2	145
1	10	C2	146
1	10	C2	147
1	10	C2	148
1	10	C2	149
1	10	C2	150
1	10	C2	151
1	10	C2	152
1	10	C2	153
1	10	C2	154
1	10	C2	155
1	10	C2	156
1	10	C2	157
1	10	C2	158
1	10	C2	159
1	10	C2	160
1	10	C2	161
1	10	C2	162
1	10	C2	163
1	10	C2	164
1	10	C2	165
1	10	C2	166
1	10	C2	167
1	10	C2	168
1	10	C2	169
1	10	C2	170
1	10	C2	171
1	10	C2	172
1	10	C2	173
1	10	C2	174
1	10	C2	175
1	10	C2	176
1	10	C2	177
1	10	C2	178
1	10	C2	179
1	10	C2	180
1	10	C2	181
1	10	C2	182
1	10	C2	183
1	10	C2	184
1	10	C2	185
1	10	C2	186
1	10	C2	187
1	10	C2	188
1	10	C2	189
1	10	C2	190
1	10	C2	191
1	10	C2	192
1	10	C2	193
1	10	C2	194
1	10	C2	195
1	10	C2	196
1	10	C2	197
1	10	C2	198
1	10	C2	199
1	10	C2	200
1	10	C2	201
1	10	C2	202
1	10	C2	203
1	10	C2	204
1	10	C2	205
1	10	C2	206
1	10	C2	207
1	10	C2	208
1	10	C2	209
1	10	C2	210
1	10	C2	211
1	10	C2	212
1	10	C2	213
1	10	C2	214
1	10	C2	215
1	10	C2	216
1	10	C2	217
1	10	C2	218
1	10	C2	219
1	10	C2	220
1	10	C2	221
1	10	C2	222
1	10	C2	223
1	10	C2	224
1	10	C2	225
1	10	C2	226
1	10	C2	227
1	10	C2	228
1	10	C2	229
1	10	C2	230
1	10	C2	231
1	10	C2	232
1	10	C2	233
1	10	C2	234
1	10	C2	235
1	10	C2	236
1	10	C2	237
1	10	C2	238
1	10	C2	239
1	10	C2	240
1	10	C2	241
1	10	C2	242
1	10	C2	243
1	10	C2	244
1	10	C2	245
1	10	C2	246
1	10	C2	247
1	10	C2	248
1	10	C2	249
1	10	C2	250
1	10	C2	251
1	10	C2	252
1	10	C2	253
1	10	C2	254
1	10	C2	255
1	10	C2	256
1	10	C2	257
1	10	C2	258
1	10	C2	259
1	10	C2	260
1	10	C2	261
1	10	C2	262
1	10	C2	263
1	10	C2	264
1	10	C2	265
1	10	C2	266
1	10	C2	267
1	10	C2	268
1	10	C2	269
1	10	C2	270
1	10	C2	271
1	10	C2	272
1	10	C2	273
1	10	C2	274
1	10	C2	275
1	10	C2	276
1	10	C2	277
1	10	C2	278
1	10	C2	279
1	10	C2	280
1	10	C2	281
1	10	C2	282
1	10	C2	283
1	10	C2	284
1	10	C2	285
1	10	C2	286
1	10	C2	287
1	10	C2	288
1	10	C2	289
1	10	C2	290
1	10	C2	291
1	10	C2	292
1	10	C2	293
1	10	C2	294
1	10	C2	295
1	10	C2	296
1	10	C2	297
1	10	C2	298
1	10	C2	299
1	10	C2	300
1	10	C2	301
1	10	C2	302
1	10	C2	303
1	10	C2	304
1	10	C2	305
1	10	C2	306
1	10	C2	307
1	10	C2	308
1	10	C2	309
1	10	C2	310
1	10	C2	311
1	10	C2	312
1	10	C2	313
1	10	C2	314
1	10	C2	315
1	10	C2	316
1	10	C2	317
1	10	C2	318
1	10	C2	319
1	10	C2	320
1	10	C2	321
1	10	C2	322
1	10	C2	323
1	10	C2	324
1	10	C2	325
1	10	C2	326
1	10	C2	327
1	10	C2	328
1	10	C2	329
1	10	C2	330
1	10	C2	331
1	10	C2	332
1	10	C2	333
1	10	C2	334
1	10	C2	335
1	10	C2	336
1	10	C2	337
1	10	C2	338
1	10	C2	339
1	10	C2	340
1	10	C2	341
1	10	C2	342
1	10	C2	343
1	10	C2	344
1	10	C2	345
1	10	C2	346
1	10	C2	347
1	10	C2	348
1	10	C3	0
1	10	C3	1
1	10	C3	2
1	10	C3	3
1	10	C3	4
1	10	C3	5
1	10	C3	6
1	10	C3	7
1	10	C3	8
1	10	C3	9
1	10	C3	10
1	10	C3	11
1	10	C3	12
1	10	C3	13
1	10	C3	14
1	10	C3	15
1	10	C3	16
1	10	C3	17
1	10	C3	18
1	10	C3	19
1	10	C3	20
1	10	C3	21
1	10	C3	22
1	10	C3	23
1	10	C3	24
1	10	C3	25
1	10	C3	26
1	10	C3	27
1	10	C3	28
1	10	C3	29
1	10	C3	30
1	10	C3	31
1	10	C3	32
1	10	C3	33
1	10	C3	34
1	10	C3	35
1	10	C3	36
1	10	C3	37
1	10	C3	38
1	10	C3	39
1	10	C3	40
1	10	C3	41
1	10	C3	42
1	10	C3	43
1	10	C3	44
1	10	C3	45
1	10	C3	46
1	10	C3	47
1	10	C3	48
1	10	C3	49
1	10	C3	50
1	10	C3	51
1	10	C3	52
1	10	C3	53
1	10	C3	54
1	10	C3	55
1	10	C3	56
1	10	C3	57
1	10	C3	58
1	10	C3	59
1	10	C3	60
1	10	C3	61
1	10	C3	62
1	10	C3	63
1	10	C3	64
1	10	C3	65
1	10	C3	66
1	10	C3	67
1	10	C3	68
1	10	C3	69
1	10	C3	70
1	10	C3	71
1	10	C3	72
1	10	C3	73
1	10	C3	74
1	10	C3	75
1	10	C3	76
1	10	C3	77
1	10	C3	78
1	10	C3	79
1	10	C3	80
1	10	C3	81
1	10	C3	82
1	10	C3	83
1	10	C3	84
1	10	C3	85
1	10	C3	86
1	10	C3	87
1	10	C3	88
1	10	C3	89
1	10	C3	90
1	10	C3	91
1	10	C3	92
1	10	C3	93
1	10	C3	94
1	10	C3	95
1	10	C3	96
1	10	C3	97
1	10	C3	98
1	10	C3	99
1	10	C3	100
1	10	C3	101
1	10	C3	102
1	10	C3	103
1	10	C3	104
1	10	C3	105
1	10	C3	106
1	10	C3	107
1	10	C3	108
1	10	C3	109
1	10	C3	110
1	10	C3	111
1	10	C3	112
1	10	C3	113
1	10	C3	114
1	10	C3	115
1	10	C3	116
1	10	C3	117
1	10	C3	118
1	10	C3	119
1	10	C3	120
1	10	C3	121
1	10	C3	122
1	10	C3	123
1	10	C3	124
1	10	C3	125
1	10	C3	126
1	10	C3	127
1	10	C3	128
1	10	C3	129
1	10	C3	130
1	10	C3	131
1	10	C3	132
1	10	C3	133
1	10	C3	134
1	10	C3	135
1	10	C3	136
1	10	C3	137
1	10	C3	138
1	10	C3	139
1	10	C3	140
1	10	C3	141
1	10	C3	142
1	10	C3	143
1	10	C3	144
1	10	C3	145
1	10	C3	146
1	10	C3	147
1	10	C3	148
1	10	C3	149
1	10	C3	150
1	10	C3	151
1	10	C3	152
1	10	C3	153
1	10	C3	154
1	10	C3	155
1	10	C3	156
1	10	C3	157
1	10	C3	158
1	10	C3	159
1	10	C3	160
1	10	C3	161
1	10	C3	162
1	10	C3	163
1	10	C3	164
1	10	C3	165
1	10	C3	166
1	10	C3	167
1	10	C3	168
1	10	C3	169
1	10	C3	170
1	10	C3	171
1	10	C3	172
1	10	C3	173
1	10	C3	174
1	10	C3	175
1	10	C3	176
1	10	C3	177
1	10	C3	178
1	10	C3	179
1	10	C3	180
1	10	C3	181
1	10	C3	182
1	10	C3	183
1	10	C3	184
1	10	C3	185
1	10	C3	186
1	10	C3	187
1	10	C3	188
1	10	C3	189
1	10	C3	190
1	10	C3	191
1	10	C3	192
1	10	C3	193
1	10	C3	194
1	10	C3	195
1	10	C3	196
1	10	C3	197
1	10	C3	198
1	10	C3	199
1	10	C3	200
1	10	C3	201
1	10	C3	202
1	10	C3	203
1	10	C3	204
1	10	C3	205
1	10	C3	206
1	10	C3	207
1	10	C3	208
1	10	C3	209
1	10	C3	210
1	10	C3	211
1	10	C3	212
1	10	C3	213
1	10	C3	214
1	10	C3	215
1	10	C3	216
1	10	C3	217
1	10	C3	218
1	10	C3	219
1	10	C3	220
1	10	C3	221
1	10	C3	222
1	10	C3	223
1	10	C3	224
1	10	C3	225
1	10	C3	226
1	10	C3	227
1	10	C3	228
1	10	C3	229
1	10	C3	230
1	10	C3	231
1	10	C3	232
1	10	C3	233
1	10	C3	234
1	10	C3	235
1	10	C3	236
1	10	C3	237
1	10	C3	238
1	10	C3	239
1	10	C3	240
1	10	C3	241
1	10	C3	242
1	10	C3	243
1	10	C3	244
1	10	C3	245
1	10	C3	246
1	10	C3	247
1	10	C3	248
1	10	C3	249
1	10	C3	250
1	10	C3	251
1	10	C3	252
1	10	C3	253
1	10	C3	254
1	10	C3	255
1	10	C3	256
1	10	C3	257
1	10	C3	258
1	10	C3	259
1	10	C3	260
1	10	C3	261
1	10	C3	262
1	10	C3	263
1	10	C3	264
1	10	C3	265
1	10	C3	266
1	10	C3	267
1	10	C3	268
1	10	C3	269
1	10	C3	270
1	10	C3	271
1	10	C3	272
1	10	C3	273
1	10	C3	274
1	10	C3	275
1	10	C3	276
1	10	C3	277
1	10	C3	278
1	10	C3	279
1	10	C3	280
1	10	C3	281
1	10	C3	282
1	10	C3	283
1	10	C3	284
1	10	C3	285
1	10	C3	286
1	10	C3	287
1	10	C3	288
1	10	C3	289
1	10	C3	290
1	10	C3	291
1	10	C3	292
1	10	C3	293
1	10	C3	294
1	10	C3	295
1	10	C3	296
1	10	C3	297
1	10	C3	298
1	10	C3	299
1	10	C3	300
1	10	C3	301
1	10	C3	302
1	10	C3	303
1	10	C3	304
1	10	C3	305
1	10	C3	306
1	10	C3	307
1	10	C3	308
1	10	C3	309
1	10	C3	310
1	10	C3	311
1	10	C3	312
1	10	C3	313
1	10	C3	314
1	10	C3	315
1	10	C3	316
1	10	C3	317
1	10	C3	318
1	10	C3	319
1	10	C3	320
1	10	C3	321
1	10	C3	322
1	10	C3	323
1	10	C3	324
1	10	C3	325
1	10	C3	326
1	10	C3	327
1	10	C3	328
1	10	C3	329
1	10	C3	330
1	10	C3	331
1	10	C3	332
1	10	C3	333
1	10	C3	334
1	10	C3	335
1	10	C3	336
1	10	C3	337
1	10	C3	338
1	10	C3	339
1	10	C3	340
1	10	C3	341
1	10	C3	342
1	10	C3	343
1	10	C3	344
1	10	C3	345
1	10	C3	346
1	10	C3	347
1	10	C3	348
1	10	C4	0
1	10	C4	1
1	10	C4	2
1	10	C4	3
1	10	C4	4
1	10	C4	5
1	10	C4	6
1	10	C4	7
1	10	C4	8
1	10	C4	9
1	10	C4	10
1	10	C4	11
1	10	C4	12
1	10	C4	13
1	10	C4	14
1	10	C4	15
1	10	C4	16
1	10	C4	17
1	10	C4	18
1	10	C4	19
1	10	C4	20
1	10	C4	21
1	10	C4	22
1	10	C4	23
1	10	C4	24
1	10	C4	25
1	10	C4	26
1	10	C4	27
1	10	C4	28
1	10	C4	29
1	10	C4	30
1	10	C4	31
1	10	C4	32
1	10	C4	33
1	10	C4	34
1	10	C4	35
1	10	C4	36
1	10	C4	37
1	10	C4	38
1	10	C4	39
1	10	C4	40
1	10	C4	41
1	10	C4	42
1	10	C4	43
1	10	C4	44
1	10	C4	45
1	10	C4	46
1	10	C4	47
1	10	C4	48
1	10	C4	49
1	10	C4	50
1	10	C4	51
1	10	C4	52
1	10	C4	53
1	10	C4	54
1	10	C4	55
1	10	C4	56
1	10	C4	57
1	10	C4	58
1	10	C4	59
1	10	C4	60
1	10	C4	61
1	10	C4	62
1	10	C4	63
1	10	C4	64
1	10	C4	65
1	10	C4	66
1	10	C4	67
1	10	C4	68
1	10	C4	69
1	10	C4	70
1	10	C4	71
1	10	C4	72
1	10	C4	73
1	10	C4	74
1	10	C4	75
1	10	C4	76
1	10	C4	77
1	10	C4	78
1	10	C4	79
1	10	C4	80
1	10	C4	81
1	10	C4	82
1	10	C4	83
1	10	C4	84
1	10	C4	85
1	10	C4	86
1	10	C4	87
1	10	C4	88
1	10	C4	89
1	10	C4	90
1	10	C4	91
1	10	C4	92
1	10	C4	93
1	10	C4	94
1	10	C4	95
1	10	C4	96
1	10	C4	97
1	10	C4	98
1	10	C4	99
1	10	C4	100
1	10	C4	101
1	10	C4	102
1	10	C4	103
1	10	C4	104
1	10	C4	105
1	10	C4	106
1	10	C4	107
1	10	C4	108
1	10	C4	109
1	10	C4	110
1	10	C4	111
1	10	C4	112
1	10	C4	113
1	10	C4	114
1	10	C4	115
1	10	C4	116
1	10	C4	117
1	10	C4	118
1	10	C4	119
1	10	C4	120
1	10	C4	121
1	10	C4	122
1	10	C4	123
1	10	C4	124
1	10	C4	125
1	10	C4	126
1	10	C4	127
1	10	C4	128
1	10	C4	129
1	10	C4	130
1	10	C4	131
1	10	C4	132
1	10	C4	133
1	10	C4	134
1	10	C4	135
1	10	C4	136
1	10	C4	137
1	10	C4	138
1	10	C4	139
1	10	C4	140
1	10	C4	141
1	10	C4	142
1	10	C4	143
1	10	C4	144
1	10	C4	145
1	10	C4	146
1	10	C4	147
1	10	C4	148
1	10	C4	149
1	10	C4	150
1	10	C4	151
1	10	C4	152
1	10	C4	153
1	10	C4	154
1	10	C4	155
1	10	C4	156
1	10	C4	157
1	10	C4	158
1	10	C4	159
1	10	C4	160
1	10	C4	161
1	10	C4	162
1	10	C4	163
1	10	C4	164
1	10	C4	165
1	10	C4	166
1	10	C4	167
1	10	C4	168
1	10	C4	169
1	10	C4	170
1	10	C4	171
1	10	C4	172
1	10	C4	173
1	10	C4	174
1	10	C4	175
1	10	C4	176
1	10	C4	177
1	10	C4	178
1	10	C4	179
1	10	C4	180
1	10	C4	181
1	10	C4	182
1	10	C4	183
1	10	C4	184
1	10	C4	185
1	10	C4	186
1	10	C4	187
1	10	C4	188
1	10	C4	189
1	10	C4	190
1	10	C4	191
1	10	C4	192
1	10	C4	193
1	10	C4	194
1	10	C4	195
1	10	C4	196
1	10	C4	197
1	10	C4	198
1	10	C4	199
1	10	C4	200
1	10	C4	201
1	10	C4	202
1	10	C4	203
1	10	C4	204
1	10	C4	205
1	10	C4	206
1	10	C4	207
1	10	C4	208
1	10	C4	209
1	10	C4	210
1	10	C4	211
1	10	C4	212
1	10	C4	213
1	10	C4	214
1	10	C4	215
1	10	C4	216
1	10	C4	217
1	10	C4	218
1	10	C4	219
1	10	C4	220
1	10	C4	221
1	10	C4	222
1	10	C4	223
1	10	C4	224
1	10	C4	225
1	10	C4	226
1	10	C4	227
1	10	C4	228
1	10	C4	229
1	10	C4	230
1	10	C4	231
1	10	C4	232
1	10	C4	233
1	10	C4	234
1	10	C4	235
1	10	C4	236
1	10	C4	237
1	10	C4	238
1	10	C4	239
1	10	C4	240
1	10	C4	241
1	10	C4	242
1	10	C4	243
1	10	C4	244
1	10	C4	245
1	10	C4	246
1	10	C4	247
1	10	C4	248
1	10	C4	249
1	10	C4	250
1	10	C4	251
1	10	C4	252
1	10	C4	253
1	10	C4	254
1	10	C4	255
1	10	C4	256
1	10	C4	257
1	10	C4	258
1	10	C4	259
1	10	C4	260
1	10	C4	261
1	10	C4	262
1	10	C4	263
1	10	C4	264
1	10	C4	265
1	10	C4	266
1	10	C4	267
1	10	C4	268
1	10	C4	269
1	10	C4	270
1	10	C4	271
1	10	C4	272
1	10	C4	273
1	10	C4	274
1	10	C4	275
1	10	C4	276
1	10	C4	277
1	10	C4	278
1	10	C4	279
1	10	C4	280
1	10	C4	281
1	10	C4	282
1	10	C4	283
1	10	C4	284
1	10	C4	285
1	10	C4	286
1	10	C4	287
1	10	C4	288
1	10	C4	289
1	10	C4	290
1	10	C4	291
1	10	C4	292
1	10	C4	293
1	10	C4	294
1	10	C4	295
1	10	C4	296
1	10	C4	297
1	10	C4	298
1	10	C4	299
1	10	C4	300
1	10	C4	301
1	10	C4	302
1	10	C4	303
1	10	C4	304
1	10	C4	305
1	10	C4	306
1	10	C4	307
1	10	C4	308
1	10	C4	309
1	10	C4	310
1	10	C4	311
1	10	C4	312
1	10	C4	313
1	10	C4	314
1	10	C4	315
1	10	C4	316
1	10	C4	317
1	10	C4	318
1	10	C4	319
1	10	C4	320
1	10	C4	321
1	10	C4	322
1	10	C4	323
1	10	C4	324
1	10	C4	325
1	10	C4	326
1	10	C4	327
1	10	C4	328
1	10	C4	329
1	10	C4	330
1	10	C4	331
1	10	C4	332
1	10	C4	333
1	10	C4	334
1	10	C4	335
1	10	C4	336
1	10	C4	337
1	10	C4	338
1	10	C4	339
1	10	C4	340
1	10	C4	341
1	10	C4	342
1	10	C4	343
1	10	C4	344
1	10	C4	345
1	10	C4	346
1	10	C4	347
1	10	C4	348
1	11	A1	0
1	11	A1	1
1	11	A1	2
1	11	A1	3
1	11	A1	4
1	11	A1	5
1	11	A1	6
1	11	A1	7
1	11	A1	8
1	11	A1	9
1	11	A1	10
1	11	A1	11
1	11	A1	12
1	11	A1	13
1	11	A1	14
1	11	A1	15
1	11	A1	16
1	11	A1	17
1	11	A1	18
1	11	A1	19
1	11	A1	20
1	11	A1	21
1	11	A1	22
1	11	A1	23
1	11	A1	24
1	11	A1	25
1	11	A1	26
1	11	A1	27
1	11	A1	28
1	11	A1	29
1	11	A1	30
1	11	A1	31
1	11	A1	32
1	11	A1	33
1	11	A1	34
1	11	A1	35
1	11	A1	36
1	11	A1	37
1	11	A1	38
1	11	A1	39
1	11	A1	40
1	11	A1	41
1	11	A1	42
1	11	A1	43
1	11	A1	44
1	11	A1	45
1	11	A1	46
1	11	A1	47
1	11	A1	48
1	11	A1	49
1	11	A1	50
1	11	A1	51
1	11	A1	52
1	11	A1	53
1	11	A1	54
1	11	A1	55
1	11	A1	56
1	11	A1	57
1	11	A1	58
1	11	A1	59
1	11	A1	60
1	11	A1	61
1	11	A1	62
1	11	A1	63
1	11	A1	64
1	11	A1	65
1	11	A1	66
1	11	A1	67
1	11	A1	68
1	11	A1	69
1	11	A1	70
1	11	A1	71
1	11	A1	72
1	11	A1	73
1	11	A1	74
1	11	A1	75
1	11	A1	76
1	11	A1	77
1	11	A1	78
1	11	A1	79
1	11	A1	80
1	11	A1	81
1	11	A1	82
1	11	A1	83
1	11	A1	84
1	11	A1	85
1	11	A1	86
1	11	A1	87
1	11	A1	88
1	11	A1	89
1	11	A1	90
1	11	A1	91
1	11	A1	92
1	11	A1	93
1	11	A1	94
1	11	A1	95
1	11	A1	96
1	11	A1	97
1	11	A1	98
1	11	A1	99
1	11	A1	100
1	11	A1	101
1	11	A1	102
1	11	A1	103
1	11	A1	104
1	11	A1	105
1	11	A1	106
1	11	A1	107
1	11	A1	108
1	11	A1	109
1	11	A1	110
1	11	A1	111
1	11	A1	112
1	11	A1	113
1	11	A1	114
1	11	A1	115
1	11	A1	116
1	11	A1	117
1	11	A1	118
1	11	A1	119
1	11	A1	120
1	11	A1	121
1	11	A1	122
1	11	A1	123
1	11	A1	124
1	11	A1	125
1	11	A1	126
1	11	A1	127
1	11	A1	128
1	11	A1	129
1	11	A1	130
1	11	A1	131
1	11	A1	132
1	11	A1	133
1	11	A1	134
1	11	A1	135
1	11	A1	136
1	11	A1	137
1	11	A1	138
1	11	A1	139
1	11	A1	140
1	11	A1	141
1	11	A1	142
1	11	A1	143
1	11	A1	144
1	11	A1	145
1	11	A1	146
1	11	A1	147
1	11	A1	148
1	11	A1	149
1	11	A1	150
1	11	A1	151
1	11	A1	152
1	11	A1	153
1	11	A1	154
1	11	A1	155
1	11	A1	156
1	11	A1	157
1	11	A1	158
1	11	A1	159
1	11	A1	160
1	11	A1	161
1	11	A1	162
1	11	A1	163
1	11	A1	164
1	11	A1	165
1	11	A1	166
1	11	A1	167
1	11	A1	168
1	11	A1	169
1	11	A1	170
1	11	A1	171
1	11	A1	172
1	11	A1	173
1	11	A1	174
1	11	A1	175
1	11	A1	176
1	11	A1	177
1	11	A1	178
1	11	A1	179
1	11	A1	180
1	11	A1	181
1	11	A1	182
1	11	A1	183
1	11	A1	184
1	11	A1	185
1	11	A1	186
1	11	A1	187
1	11	A1	188
1	11	A1	189
1	11	A1	190
1	11	A1	191
1	11	A1	192
1	11	A1	193
1	11	A1	194
1	11	A1	195
1	11	A1	196
1	11	A1	197
1	11	A1	198
1	11	A1	199
1	11	A1	200
1	11	A1	201
1	11	A1	202
1	11	A1	203
1	11	A1	204
1	11	A1	205
1	11	A1	206
1	11	A1	207
1	11	A1	208
1	11	A1	209
1	11	A1	210
1	11	A1	211
1	11	A1	212
1	11	A1	213
1	11	A1	214
1	11	A1	215
1	11	A1	216
1	11	A1	217
1	11	A1	218
1	11	A1	219
1	11	A1	220
1	11	A1	221
1	11	A1	222
1	11	A1	223
1	11	A1	224
1	11	A1	225
1	11	A1	226
1	11	A1	227
1	11	A1	228
1	11	A1	229
1	11	A1	230
1	11	A1	231
1	11	A1	232
1	11	A1	233
1	11	A1	234
1	11	A1	235
1	11	A1	236
1	11	A1	237
1	11	A1	238
1	11	A1	239
1	11	A1	240
1	11	A1	241
1	11	A1	242
1	11	A1	243
1	11	A1	244
1	11	A1	245
1	11	A1	246
1	11	A1	247
1	11	A1	248
1	11	A1	249
1	11	A1	250
1	11	A1	251
1	11	A1	252
1	11	A1	253
1	11	A1	254
1	11	A1	255
1	11	A1	256
1	11	A1	257
1	11	A1	258
1	11	A1	259
1	11	A1	260
1	11	A1	261
1	11	A1	262
1	11	A1	263
1	11	A1	264
1	11	A1	265
1	11	A1	266
1	11	A1	267
1	11	A1	268
1	11	A1	269
1	11	A1	270
1	11	A1	271
1	11	A1	272
1	11	A1	273
1	11	A1	274
1	11	A1	275
1	11	A1	276
1	11	A1	277
1	11	A1	278
1	11	A1	279
1	11	A1	280
1	11	A1	281
1	11	A1	282
1	11	A1	283
1	11	A1	284
1	11	A1	285
1	11	A1	286
1	11	A1	287
1	11	A1	288
1	11	A1	289
1	11	A1	290
1	11	A1	291
1	11	A1	292
1	11	A1	293
1	11	A1	294
1	11	A1	295
1	11	A1	296
1	11	A1	297
1	11	A1	298
1	11	A1	299
1	11	A1	300
1	11	A1	301
1	11	A1	302
1	11	A1	303
1	11	A1	304
1	11	A1	305
1	11	A1	306
1	11	A1	307
1	11	A1	308
1	11	A1	309
1	11	A1	310
1	11	A1	311
1	11	A1	312
1	11	A1	313
1	11	A1	314
1	11	A1	315
1	11	A1	316
1	11	A1	317
1	11	A1	318
1	11	A1	319
1	11	A1	320
1	11	A1	321
1	11	A1	322
1	11	A1	323
1	11	A1	324
1	11	A1	325
1	11	A1	326
1	11	A1	327
1	11	A1	328
1	11	A1	329
1	11	A1	330
1	11	A1	331
1	11	A1	332
1	11	A1	333
1	11	A1	334
1	11	A1	335
1	11	A1	336
1	11	A1	337
1	11	A1	338
1	11	A1	339
1	11	A1	340
1	11	A1	341
1	11	A1	342
1	11	A1	343
1	11	A1	344
1	11	A1	345
1	11	A1	346
1	11	A1	347
1	11	A1	348
1	11	A2	0
1	11	A2	1
1	11	A2	2
1	11	A2	3
1	11	A2	4
1	11	A2	5
1	11	A2	6
1	11	A2	7
1	11	A2	8
1	11	A2	9
1	11	A2	10
1	11	A2	11
1	11	A2	12
1	11	A2	13
1	11	A2	14
1	11	A2	15
1	11	A2	16
1	11	A2	17
1	11	A2	18
1	11	A2	19
1	11	A2	20
1	11	A2	21
1	11	A2	22
1	11	A2	23
1	11	A2	24
1	11	A2	25
1	11	A2	26
1	11	A2	27
1	11	A2	28
1	11	A2	29
1	11	A2	30
1	11	A2	31
1	11	A2	32
1	11	A2	33
1	11	A2	34
1	11	A2	35
1	11	A2	36
1	11	A2	37
1	11	A2	38
1	11	A2	39
1	11	A2	40
1	11	A2	41
1	11	A2	42
1	11	A2	43
1	11	A2	44
1	11	A2	45
1	11	A2	46
1	11	A2	47
1	11	A2	48
1	11	A2	49
1	11	A2	50
1	11	A2	51
1	11	A2	52
1	11	A2	53
1	11	A2	54
1	11	A2	55
1	11	A2	56
1	11	A2	57
1	11	A2	58
1	11	A2	59
1	11	A2	60
1	11	A2	61
1	11	A2	62
1	11	A2	63
1	11	A2	64
1	11	A2	65
1	11	A2	66
1	11	A2	67
1	11	A2	68
1	11	A2	69
1	11	A2	70
1	11	A2	71
1	11	A2	72
1	11	A2	73
1	11	A2	74
1	11	A2	75
1	11	A2	76
1	11	A2	77
1	11	A2	78
1	11	A2	79
1	11	A2	80
1	11	A2	81
1	11	A2	82
1	11	A2	83
1	11	A2	84
1	11	A2	85
1	11	A2	86
1	11	A2	87
1	11	A2	88
1	11	A2	89
1	11	A2	90
1	11	A2	91
1	11	A2	92
1	11	A2	93
1	11	A2	94
1	11	A2	95
1	11	A2	96
1	11	A2	97
1	11	A2	98
1	11	A2	99
1	11	A2	100
1	11	A2	101
1	11	A2	102
1	11	A2	103
1	11	A2	104
1	11	A2	105
1	11	A2	106
1	11	A2	107
1	11	A2	108
1	11	A2	109
1	11	A2	110
1	11	A2	111
1	11	A2	112
1	11	A2	113
1	11	A2	114
1	11	A2	115
1	11	A2	116
1	11	A2	117
1	11	A2	118
1	11	A2	119
1	11	A2	120
1	11	A2	121
1	11	A2	122
1	11	A2	123
1	11	A2	124
1	11	A2	125
1	11	A2	126
1	11	A2	127
1	11	A2	128
1	11	A2	129
1	11	A2	130
1	11	A2	131
1	11	A2	132
1	11	A2	133
1	11	A2	134
1	11	A2	135
1	11	A2	136
1	11	A2	137
1	11	A2	138
1	11	A2	139
1	11	A2	140
1	11	A2	141
1	11	A2	142
1	11	A2	143
1	11	A2	144
1	11	A2	145
1	11	A2	146
1	11	A2	147
1	11	A2	148
1	11	A2	149
1	11	A2	150
1	11	A2	151
1	11	A2	152
1	11	A2	153
1	11	A2	154
1	11	A2	155
1	11	A2	156
1	11	A2	157
1	11	A2	158
1	11	A2	159
1	11	A2	160
1	11	A2	161
1	11	A2	162
1	11	A2	163
1	11	A2	164
1	11	A2	165
1	11	A2	166
1	11	A2	167
1	11	A2	168
1	11	A2	169
1	11	A2	170
1	11	A2	171
1	11	A2	172
1	11	A2	173
1	11	A2	174
1	11	A2	175
1	11	A2	176
1	11	A2	177
1	11	A2	178
1	11	A2	179
1	11	A2	180
1	11	A2	181
1	11	A2	182
1	11	A2	183
1	11	A2	184
1	11	A2	185
1	11	A2	186
1	11	A2	187
1	11	A2	188
1	11	A2	189
1	11	A2	190
1	11	A2	191
1	11	A2	192
1	11	A2	193
1	11	A2	194
1	11	A2	195
1	11	A2	196
1	11	A2	197
1	11	A2	198
1	11	A2	199
1	11	A2	200
1	11	A2	201
1	11	A2	202
1	11	A2	203
1	11	A2	204
1	11	A2	205
1	11	A2	206
1	11	A2	207
1	11	A2	208
1	11	A2	209
1	11	A2	210
1	11	A2	211
1	11	A2	212
1	11	A2	213
1	11	A2	214
1	11	A2	215
1	11	A2	216
1	11	A2	217
1	11	A2	218
1	11	A2	219
1	11	A2	220
1	11	A2	221
1	11	A2	222
1	11	A2	223
1	11	A2	224
1	11	A2	225
1	11	A2	226
1	11	A2	227
1	11	A2	228
1	11	A2	229
1	11	A2	230
1	11	A2	231
1	11	A2	232
1	11	A2	233
1	11	A2	234
1	11	A2	235
1	11	A2	236
1	11	A2	237
1	11	A2	238
1	11	A2	239
1	11	A2	240
1	11	A2	241
1	11	A2	242
1	11	A2	243
1	11	A2	244
1	11	A2	245
1	11	A2	246
1	11	A2	247
1	11	A2	248
1	11	A2	249
1	11	A2	250
1	11	A2	251
1	11	A2	252
1	11	A2	253
1	11	A2	254
1	11	A2	255
1	11	A2	256
1	11	A2	257
1	11	A2	258
1	11	A2	259
1	11	A2	260
1	11	A2	261
1	11	A2	262
1	11	A2	263
1	11	A2	264
1	11	A2	265
1	11	A2	266
1	11	A2	267
1	11	A2	268
1	11	A2	269
1	11	A2	270
1	11	A2	271
1	11	A2	272
1	11	A2	273
1	11	A2	274
1	11	A2	275
1	11	A2	276
1	11	A2	277
1	11	A2	278
1	11	A2	279
1	11	A2	280
1	11	A2	281
1	11	A2	282
1	11	A2	283
1	11	A2	284
1	11	A2	285
1	11	A2	286
1	11	A2	287
1	11	A2	288
1	11	A2	289
1	11	A2	290
1	11	A2	291
1	11	A2	292
1	11	A2	293
1	11	A2	294
1	11	A2	295
1	11	A2	296
1	11	A2	297
1	11	A2	298
1	11	A2	299
1	11	A2	300
1	11	A2	301
1	11	A2	302
1	11	A2	303
1	11	A2	304
1	11	A2	305
1	11	A2	306
1	11	A2	307
1	11	A2	308
1	11	A2	309
1	11	A2	310
1	11	A2	311
1	11	A2	312
1	11	A2	313
1	11	A2	314
1	11	A2	315
1	11	A2	316
1	11	A2	317
1	11	A2	318
1	11	A2	319
1	11	A2	320
1	11	A2	321
1	11	A2	322
1	11	A2	323
1	11	A2	324
1	11	A2	325
1	11	A2	326
1	11	A2	327
1	11	A2	328
1	11	A2	329
1	11	A2	330
1	11	A2	331
1	11	A2	332
1	11	A2	333
1	11	A2	334
1	11	A2	335
1	11	A2	336
1	11	A2	337
1	11	A2	338
1	11	A2	339
1	11	A2	340
1	11	A2	341
1	11	A2	342
1	11	A2	343
1	11	A2	344
1	11	A2	345
1	11	A2	346
1	11	A2	347
1	11	A2	348
1	11	C2	0
1	11	C2	1
1	11	C2	2
1	11	C2	3
1	11	C2	4
1	11	C2	5
1	11	C2	6
1	11	C2	7
1	11	C2	8
1	11	C2	9
1	11	C2	10
1	11	C2	11
1	11	C2	12
1	11	C2	13
1	11	C2	14
1	11	C2	15
1	11	C2	16
1	11	C2	17
1	11	C2	18
1	11	C2	19
1	11	C2	20
1	11	C2	21
1	11	C2	22
1	11	C2	23
1	11	C2	24
1	11	C2	25
1	11	C2	26
1	11	C2	27
1	11	C2	28
1	11	C2	29
1	11	C2	30
1	11	C2	31
1	11	C2	32
1	11	C2	33
1	11	C2	34
1	11	C2	35
1	11	C2	36
1	11	C2	37
1	11	C2	38
1	11	C2	39
1	11	C2	40
1	11	C2	41
1	11	C2	42
1	11	C2	43
1	11	C2	44
1	11	C2	45
1	11	C2	46
1	11	C2	47
1	11	C2	48
1	11	C2	49
1	11	C2	50
1	11	C2	51
1	11	C2	52
1	11	C2	53
1	11	C2	54
1	11	C2	55
1	11	C2	56
1	11	C2	57
1	11	C2	58
1	11	C2	59
1	11	C2	60
1	11	C2	61
1	11	C2	62
1	11	C2	63
1	11	C2	64
1	11	C2	65
1	11	C2	66
1	11	C2	67
1	11	C2	68
1	11	C2	69
1	11	C2	70
1	11	C2	71
1	11	C2	72
1	11	C2	73
1	11	C2	74
1	11	C2	75
1	11	C2	76
1	11	C2	77
1	11	C2	78
1	11	C2	79
1	11	C2	80
1	11	C2	81
1	11	C2	82
1	11	C2	83
1	11	C2	84
1	11	C2	85
1	11	C2	86
1	11	C2	87
1	11	C2	88
1	11	C2	89
1	11	C2	90
1	11	C2	91
1	11	C2	92
1	11	C2	93
1	11	C2	94
1	11	C2	95
1	11	C2	96
1	11	C2	97
1	11	C2	98
1	11	C2	99
1	11	C2	100
1	11	C2	101
1	11	C2	102
1	11	C2	103
1	11	C2	104
1	11	C2	105
1	11	C2	106
1	11	C2	107
1	11	C2	108
1	11	C2	109
1	11	C2	110
1	11	C2	111
1	11	C2	112
1	11	C2	113
1	11	C2	114
1	11	C2	115
1	11	C2	116
1	11	C2	117
1	11	C2	118
1	11	C2	119
1	11	C2	120
1	11	C2	121
1	11	C2	122
1	11	C2	123
1	11	C2	124
1	11	C2	125
1	11	C2	126
1	11	C2	127
1	11	C2	128
1	11	C2	129
1	11	C2	130
1	11	C2	131
1	11	C2	132
1	11	C2	133
1	11	C2	134
1	11	C2	135
1	11	C2	136
1	11	C2	137
1	11	C2	138
1	11	C2	139
1	11	C2	140
1	11	C2	141
1	11	C2	142
1	11	C2	143
1	11	C2	144
1	11	C2	145
1	11	C2	146
1	11	C2	147
1	11	C2	148
1	11	C2	149
1	11	C2	150
1	11	C2	151
1	11	C2	152
1	11	C2	153
1	11	C2	154
1	11	C2	155
1	11	C2	156
1	11	C2	157
1	11	C2	158
1	11	C2	159
1	11	C2	160
1	11	C2	161
1	11	C2	162
1	11	C2	163
1	11	C2	164
1	11	C2	165
1	11	C2	166
1	11	C2	167
1	11	C2	168
1	11	C2	169
1	11	C2	170
1	11	C2	171
1	11	C2	172
1	11	C2	173
1	11	C2	174
1	11	C2	175
1	11	C2	176
1	11	C2	177
1	11	C2	178
1	11	C2	179
1	11	C2	180
1	11	C2	181
1	11	C2	182
1	11	C2	183
1	11	C2	184
1	11	C2	185
1	11	C2	186
1	11	C2	187
1	11	C2	188
1	11	C2	189
1	11	C2	190
1	11	C2	191
1	11	C2	192
1	11	C2	193
1	11	C2	194
1	11	C2	195
1	11	C2	196
1	11	C2	197
1	11	C2	198
1	11	C2	199
1	11	C2	200
1	11	C2	201
1	11	C2	202
1	11	C2	203
1	11	C2	204
1	11	C2	205
1	11	C2	206
1	11	C2	207
1	11	C2	208
1	11	C2	209
1	11	C2	210
1	11	C2	211
1	11	C2	212
1	11	C2	213
1	11	C2	214
1	11	C2	215
1	11	C2	216
1	11	C2	217
1	11	C2	218
1	11	C2	219
1	11	C2	220
1	11	C2	221
1	11	C2	222
1	11	C2	223
1	11	C2	224
1	11	C2	225
1	11	C2	226
1	11	C2	227
1	11	C2	228
1	11	C2	229
1	11	C2	230
1	11	C2	231
1	11	C2	232
1	11	C2	233
1	11	C2	234
1	11	C2	235
1	11	C2	236
1	11	C2	237
1	11	C2	238
1	11	C2	239
1	11	C2	240
1	11	C2	241
1	11	C2	242
1	11	C2	243
1	11	C2	244
1	11	C2	245
1	11	C2	246
1	11	C2	247
1	11	C2	248
1	11	C2	249
1	11	C2	250
1	11	C2	251
1	11	C2	252
1	11	C2	253
1	11	C2	254
1	11	C2	255
1	11	C2	256
1	11	C2	257
1	11	C2	258
1	11	C2	259
1	11	C2	260
1	11	C2	261
1	11	C2	262
1	11	C2	263
1	11	C2	264
1	11	C2	265
1	11	C2	266
1	11	C2	267
1	11	C2	268
1	11	C2	269
1	11	C2	270
1	11	C2	271
1	11	C2	272
1	11	C2	273
1	11	C2	274
1	11	C2	275
1	11	C2	276
1	11	C2	277
1	11	C2	278
1	11	C2	279
1	11	C2	280
1	11	C2	281
1	11	C2	282
1	11	C2	283
1	11	C2	284
1	11	C2	285
1	11	C2	286
1	11	C2	287
1	11	C2	288
1	11	C2	289
1	11	C2	290
1	11	C2	291
1	11	C2	292
1	11	C2	293
1	11	C2	294
1	11	C2	295
1	11	C2	296
1	11	C2	297
1	11	C2	298
1	11	C2	299
1	11	C2	300
1	11	C2	301
1	11	C2	302
1	11	C2	303
1	11	C2	304
1	11	C2	305
1	11	C2	306
1	11	C2	307
1	11	C2	308
1	11	C2	309
1	11	C2	310
1	11	C2	311
1	11	C2	312
1	11	C2	313
1	11	C2	314
1	11	C2	315
1	11	C2	316
1	11	C2	317
1	11	C2	318
1	11	C2	319
1	11	C2	320
1	11	C2	321
1	11	C2	322
1	11	C2	323
1	11	C2	324
1	11	C2	325
1	11	C2	326
1	11	C2	327
1	11	C2	328
1	11	C2	329
1	11	C2	330
1	11	C2	331
1	11	C2	332
1	11	C2	333
1	11	C2	334
1	11	C2	335
1	11	C2	336
1	11	C2	337
1	11	C2	338
1	11	C2	339
1	11	C2	340
1	11	C2	341
1	11	C2	342
1	11	C2	343
1	11	C2	344
1	11	C2	345
1	11	C2	346
1	11	C2	347
1	11	C2	348
1	11	C3	0
1	11	C3	1
1	11	C3	2
1	11	C3	3
1	11	C3	4
1	11	C3	5
1	11	C3	6
1	11	C3	7
1	11	C3	8
1	11	C3	9
1	11	C3	10
1	11	C3	11
1	11	C3	12
1	11	C3	13
1	11	C3	14
1	11	C3	15
1	11	C3	16
1	11	C3	17
1	11	C3	18
1	11	C3	19
1	11	C3	20
1	11	C3	21
1	11	C3	22
1	11	C3	23
1	11	C3	24
1	11	C3	25
1	11	C3	26
1	11	C3	27
1	11	C3	28
1	11	C3	29
1	11	C3	30
1	11	C3	31
1	11	C3	32
1	11	C3	33
1	11	C3	34
1	11	C3	35
1	11	C3	36
1	11	C3	37
1	11	C3	38
1	11	C3	39
1	11	C3	40
1	11	C3	41
1	11	C3	42
1	11	C3	43
1	11	C3	44
1	11	C3	45
1	11	C3	46
1	11	C3	47
1	11	C3	48
1	11	C3	49
1	11	C3	50
1	11	C3	51
1	11	C3	52
1	11	C3	53
1	11	C3	54
1	11	C3	55
1	11	C3	56
1	11	C3	57
1	11	C3	58
1	11	C3	59
1	11	C3	60
1	11	C3	61
1	11	C3	62
1	11	C3	63
1	11	C3	64
1	11	C3	65
1	11	C3	66
1	11	C3	67
1	11	C3	68
1	11	C3	69
1	11	C3	70
1	11	C3	71
1	11	C3	72
1	11	C3	73
1	11	C3	74
1	11	C3	75
1	11	C3	76
1	11	C3	77
1	11	C3	78
1	11	C3	79
1	11	C3	80
1	11	C3	81
1	11	C3	82
1	11	C3	83
1	11	C3	84
1	11	C3	85
1	11	C3	86
1	11	C3	87
1	11	C3	88
1	11	C3	89
1	11	C3	90
1	11	C3	91
1	11	C3	92
1	11	C3	93
1	11	C3	94
1	11	C3	95
1	11	C3	96
1	11	C3	97
1	11	C3	98
1	11	C3	99
1	11	C3	100
1	11	C3	101
1	11	C3	102
1	11	C3	103
1	11	C3	104
1	11	C3	105
1	11	C3	106
1	11	C3	107
1	11	C3	108
1	11	C3	109
1	11	C3	110
1	11	C3	111
1	11	C3	112
1	11	C3	113
1	11	C3	114
1	11	C3	115
1	11	C3	116
1	11	C3	117
1	11	C3	118
1	11	C3	119
1	11	C3	120
1	11	C3	121
1	11	C3	122
1	11	C3	123
1	11	C3	124
1	11	C3	125
1	11	C3	126
1	11	C3	127
1	11	C3	128
1	11	C3	129
1	11	C3	130
1	11	C3	131
1	11	C3	132
1	11	C3	133
1	11	C3	134
1	11	C3	135
1	11	C3	136
1	11	C3	137
1	11	C3	138
1	11	C3	139
1	11	C3	140
1	11	C3	141
1	11	C3	142
1	11	C3	143
1	11	C3	144
1	11	C3	145
1	11	C3	146
1	11	C3	147
1	11	C3	148
1	11	C3	149
1	11	C3	150
1	11	C3	151
1	11	C3	152
1	11	C3	153
1	11	C3	154
1	11	C3	155
1	11	C3	156
1	11	C3	157
1	11	C3	158
1	11	C3	159
1	11	C3	160
1	11	C3	161
1	11	C3	162
1	11	C3	163
1	11	C3	164
1	11	C3	165
1	11	C3	166
1	11	C3	167
1	11	C3	168
1	11	C3	169
1	11	C3	170
1	11	C3	171
1	11	C3	172
1	11	C3	173
1	11	C3	174
1	11	C3	175
1	11	C3	176
1	11	C3	177
1	11	C3	178
1	11	C3	179
1	11	C3	180
1	11	C3	181
1	11	C3	182
1	11	C3	183
1	11	C3	184
1	11	C3	185
1	11	C3	186
1	11	C3	187
1	11	C3	188
1	11	C3	189
1	11	C3	190
1	11	C3	191
1	11	C3	192
1	11	C3	193
1	11	C3	194
1	11	C3	195
1	11	C3	196
1	11	C3	197
1	11	C3	198
1	11	C3	199
1	11	C3	200
1	11	C3	201
1	11	C3	202
1	11	C3	203
1	11	C3	204
1	11	C3	205
1	11	C3	206
1	11	C3	207
1	11	C3	208
1	11	C3	209
1	11	C3	210
1	11	C3	211
1	11	C3	212
1	11	C3	213
1	11	C3	214
1	11	C3	215
1	11	C3	216
1	11	C3	217
1	11	C3	218
1	11	C3	219
1	11	C3	220
1	11	C3	221
1	11	C3	222
1	11	C3	223
1	11	C3	224
1	11	C3	225
1	11	C3	226
1	11	C3	227
1	11	C3	228
1	11	C3	229
1	11	C3	230
1	11	C3	231
1	11	C3	232
1	11	C3	233
1	11	C3	234
1	11	C3	235
1	11	C3	236
1	11	C3	237
1	11	C3	238
1	11	C3	239
1	11	C3	240
1	11	C3	241
1	11	C3	242
1	11	C3	243
1	11	C3	244
1	11	C3	245
1	11	C3	246
1	11	C3	247
1	11	C3	248
1	11	C3	249
1	11	C3	250
1	11	C3	251
1	11	C3	252
1	11	C3	253
1	11	C3	254
1	11	C3	255
1	11	C3	256
1	11	C3	257
1	11	C3	258
1	11	C3	259
1	11	C3	260
1	11	C3	261
1	11	C3	262
1	11	C3	263
1	11	C3	264
1	11	C3	265
1	11	C3	266
1	11	C3	267
1	11	C3	268
1	11	C3	269
1	11	C3	270
1	11	C3	271
1	11	C3	272
1	11	C3	273
1	11	C3	274
1	11	C3	275
1	11	C3	276
1	11	C3	277
1	11	C3	278
1	11	C3	279
1	11	C3	280
1	11	C3	281
1	11	C3	282
1	11	C3	283
1	11	C3	284
1	11	C3	285
1	11	C3	286
1	11	C3	287
1	11	C3	288
1	11	C3	289
1	11	C3	290
1	11	C3	291
1	11	C3	292
1	11	C3	293
1	11	C3	294
1	11	C3	295
1	11	C3	296
1	11	C3	297
1	11	C3	298
1	11	C3	299
1	11	C3	300
1	11	C3	301
1	11	C3	302
1	11	C3	303
1	11	C3	304
1	11	C3	305
1	11	C3	306
1	11	C3	307
1	11	C3	308
1	11	C3	309
1	11	C3	310
1	11	C3	311
1	11	C3	312
1	11	C3	313
1	11	C3	314
1	11	C3	315
1	11	C3	316
1	11	C3	317
1	11	C3	318
1	11	C3	319
1	11	C3	320
1	11	C3	321
1	11	C3	322
1	11	C3	323
1	11	C3	324
1	11	C3	325
1	11	C3	326
1	11	C3	327
1	11	C3	328
1	11	C3	329
1	11	C3	330
1	11	C3	331
1	11	C3	332
1	11	C3	333
1	11	C3	334
1	11	C3	335
1	11	C3	336
1	11	C3	337
1	11	C3	338
1	11	C3	339
1	11	C3	340
1	11	C3	341
1	11	C3	342
1	11	C3	343
1	11	C3	344
1	11	C3	345
1	11	C3	346
1	11	C3	347
1	11	C3	348
1	11	C4	0
1	11	C4	1
1	11	C4	2
1	11	C4	3
1	11	C4	4
1	11	C4	5
1	11	C4	6
1	11	C4	7
1	11	C4	8
1	11	C4	9
1	11	C4	10
1	11	C4	11
1	11	C4	12
1	11	C4	13
1	11	C4	14
1	11	C4	15
1	11	C4	16
1	11	C4	17
1	11	C4	18
1	11	C4	19
1	11	C4	20
1	11	C4	21
1	11	C4	22
1	11	C4	23
1	11	C4	24
1	11	C4	25
1	11	C4	26
1	11	C4	27
1	11	C4	28
1	11	C4	29
1	11	C4	30
1	11	C4	31
1	11	C4	32
1	11	C4	33
1	11	C4	34
1	11	C4	35
1	11	C4	36
1	11	C4	37
1	11	C4	38
1	11	C4	39
1	11	C4	40
1	11	C4	41
1	11	C4	42
1	11	C4	43
1	11	C4	44
1	11	C4	45
1	11	C4	46
1	11	C4	47
1	11	C4	48
1	11	C4	49
1	11	C4	50
1	11	C4	51
1	11	C4	52
1	11	C4	53
1	11	C4	54
1	11	C4	55
1	11	C4	56
1	11	C4	57
1	11	C4	58
1	11	C4	59
1	11	C4	60
1	11	C4	61
1	11	C4	62
1	11	C4	63
1	11	C4	64
1	11	C4	65
1	11	C4	66
1	11	C4	67
1	11	C4	68
1	11	C4	69
1	11	C4	70
1	11	C4	71
1	11	C4	72
1	11	C4	73
1	11	C4	74
1	11	C4	75
1	11	C4	76
1	11	C4	77
1	11	C4	78
1	11	C4	79
1	11	C4	80
1	11	C4	81
1	11	C4	82
1	11	C4	83
1	11	C4	84
1	11	C4	85
1	11	C4	86
1	11	C4	87
1	11	C4	88
1	11	C4	89
1	11	C4	90
1	11	C4	91
1	11	C4	92
1	11	C4	93
1	11	C4	94
1	11	C4	95
1	11	C4	96
1	11	C4	97
1	11	C4	98
1	11	C4	99
1	11	C4	100
1	11	C4	101
1	11	C4	102
1	11	C4	103
1	11	C4	104
1	11	C4	105
1	11	C4	106
1	11	C4	107
1	11	C4	108
1	11	C4	109
1	11	C4	110
1	11	C4	111
1	11	C4	112
1	11	C4	113
1	11	C4	114
1	11	C4	115
1	11	C4	116
1	11	C4	117
1	11	C4	118
1	11	C4	119
1	11	C4	120
1	11	C4	121
1	11	C4	122
1	11	C4	123
1	11	C4	124
1	11	C4	125
1	11	C4	126
1	11	C4	127
1	11	C4	128
1	11	C4	129
1	11	C4	130
1	11	C4	131
1	11	C4	132
1	11	C4	133
1	11	C4	134
1	11	C4	135
1	11	C4	136
1	11	C4	137
1	11	C4	138
1	11	C4	139
1	11	C4	140
1	11	C4	141
1	11	C4	142
1	11	C4	143
1	11	C4	144
1	11	C4	145
1	11	C4	146
1	11	C4	147
1	11	C4	148
1	11	C4	149
1	11	C4	150
1	11	C4	151
1	11	C4	152
1	11	C4	153
1	11	C4	154
1	11	C4	155
1	11	C4	156
1	11	C4	157
1	11	C4	158
1	11	C4	159
1	11	C4	160
1	11	C4	161
1	11	C4	162
1	11	C4	163
1	11	C4	164
1	11	C4	165
1	11	C4	166
1	11	C4	167
1	11	C4	168
1	11	C4	169
1	11	C4	170
1	11	C4	171
1	11	C4	172
1	11	C4	173
1	11	C4	174
1	11	C4	175
1	11	C4	176
1	11	C4	177
1	11	C4	178
1	11	C4	179
1	11	C4	180
1	11	C4	181
1	11	C4	182
1	11	C4	183
1	11	C4	184
1	11	C4	185
1	11	C4	186
1	11	C4	187
1	11	C4	188
1	11	C4	189
1	11	C4	190
1	11	C4	191
1	11	C4	192
1	11	C4	193
1	11	C4	194
1	11	C4	195
1	11	C4	196
1	11	C4	197
1	11	C4	198
1	11	C4	199
1	11	C4	200
1	11	C4	201
1	11	C4	202
1	11	C4	203
1	11	C4	204
1	11	C4	205
1	11	C4	206
1	11	C4	207
1	11	C4	208
1	11	C4	209
1	11	C4	210
1	11	C4	211
1	11	C4	212
1	11	C4	213
1	11	C4	214
1	11	C4	215
1	11	C4	216
1	11	C4	217
1	11	C4	218
1	11	C4	219
1	11	C4	220
1	11	C4	221
1	11	C4	222
1	11	C4	223
1	11	C4	224
1	11	C4	225
1	11	C4	226
1	11	C4	227
1	11	C4	228
1	11	C4	229
1	11	C4	230
1	11	C4	231
1	11	C4	232
1	11	C4	233
1	11	C4	234
1	11	C4	235
1	11	C4	236
1	11	C4	237
1	11	C4	238
1	11	C4	239
1	11	C4	240
1	11	C4	241
1	11	C4	242
1	11	C4	243
1	11	C4	244
1	11	C4	245
1	11	C4	246
1	11	C4	247
1	11	C4	248
1	11	C4	249
1	11	C4	250
1	11	C4	251
1	11	C4	252
1	11	C4	253
1	11	C4	254
1	11	C4	255
1	11	C4	256
1	11	C4	257
1	11	C4	258
1	11	C4	259
1	11	C4	260
1	11	C4	261
1	11	C4	262
1	11	C4	263
1	11	C4	264
1	11	C4	265
1	11	C4	266
1	11	C4	267
1	11	C4	268
1	11	C4	269
1	11	C4	270
1	11	C4	271
1	11	C4	272
1	11	C4	273
1	11	C4	274
1	11	C4	275
1	11	C4	276
1	11	C4	277
1	11	C4	278
1	11	C4	279
1	11	C4	280
1	11	C4	281
1	11	C4	282
1	11	C4	283
1	11	C4	284
1	11	C4	285
1	11	C4	286
1	11	C4	287
1	11	C4	288
1	11	C4	289
1	11	C4	290
1	11	C4	291
1	11	C4	292
1	11	C4	293
1	11	C4	294
1	11	C4	295
1	11	C4	296
1	11	C4	297
1	11	C4	298
1	11	C4	299
1	11	C4	300
1	11	C4	301
1	11	C4	302
1	11	C4	303
1	11	C4	304
1	11	C4	305
1	11	C4	306
1	11	C4	307
1	11	C4	308
1	11	C4	309
1	11	C4	310
1	11	C4	311
1	11	C4	312
1	11	C4	313
1	11	C4	314
1	11	C4	315
1	11	C4	316
1	11	C4	317
1	11	C4	318
1	11	C4	319
1	11	C4	320
1	11	C4	321
1	11	C4	322
1	11	C4	323
1	11	C4	324
1	11	C4	325
1	11	C4	326
1	11	C4	327
1	11	C4	328
1	11	C4	329
1	11	C4	330
1	11	C4	331
1	11	C4	332
1	11	C4	333
1	11	C4	334
1	11	C4	335
1	11	C4	336
1	11	C4	337
1	11	C4	338
1	11	C4	339
1	11	C4	340
1	11	C4	341
1	11	C4	342
1	11	C4	343
1	11	C4	344
1	11	C4	345
1	11	C4	346
1	11	C4	347
1	11	C4	348
1	12	A1	0
1	12	A1	1
1	12	A1	2
1	12	A1	3
1	12	A1	4
1	12	A1	5
1	12	A1	6
1	12	A1	7
1	12	A1	8
1	12	A1	9
1	12	A1	10
1	12	A1	11
1	12	A1	12
1	12	A1	13
1	12	A1	14
1	12	A1	15
1	12	A1	16
1	12	A1	17
1	12	A1	18
1	12	A1	19
1	12	A1	20
1	12	A1	21
1	12	A1	22
1	12	A1	23
1	12	A1	24
1	12	A1	25
1	12	A1	26
1	12	A1	27
1	12	A1	28
1	12	A1	29
1	12	A1	30
1	12	A1	31
1	12	A1	32
1	12	A1	33
1	12	A1	34
1	12	A1	35
1	12	A1	36
1	12	A1	37
1	12	A1	38
1	12	A1	39
1	12	A1	40
1	12	A1	41
1	12	A1	42
1	12	A1	43
1	12	A1	44
1	12	A1	45
1	12	A1	46
1	12	A1	47
1	12	A1	48
1	12	A1	49
1	12	A1	50
1	12	A1	51
1	12	A1	52
1	12	A1	53
1	12	A1	54
1	12	A1	55
1	12	A1	56
1	12	A1	57
1	12	A1	58
1	12	A1	59
1	12	A1	60
1	12	A1	61
1	12	A1	62
1	12	A1	63
1	12	A1	64
1	12	A1	65
1	12	A1	66
1	12	A1	67
1	12	A1	68
1	12	A1	69
1	12	A1	70
1	12	A1	71
1	12	A1	72
1	12	A1	73
1	12	A1	74
1	12	A1	75
1	12	A1	76
1	12	A1	77
1	12	A1	78
1	12	A1	79
1	12	A1	80
1	12	A1	81
1	12	A1	82
1	12	A1	83
1	12	A1	84
1	12	A1	85
1	12	A1	86
1	12	A1	87
1	12	A1	88
1	12	A1	89
1	12	A1	90
1	12	A1	91
1	12	A1	92
1	12	A1	93
1	12	A1	94
1	12	A1	95
1	12	A1	96
1	12	A1	97
1	12	A1	98
1	12	A1	99
1	12	A1	100
1	12	A1	101
1	12	A1	102
1	12	A1	103
1	12	A1	104
1	12	A1	105
1	12	A1	106
1	12	A1	107
1	12	A1	108
1	12	A1	109
1	12	A1	110
1	12	A1	111
1	12	A1	112
1	12	A1	113
1	12	A1	114
1	12	A1	115
1	12	A1	116
1	12	A1	117
1	12	A1	118
1	12	A1	119
1	12	A1	120
1	12	A1	121
1	12	A1	122
1	12	A1	123
1	12	A1	124
1	12	A1	125
1	12	A1	126
1	12	A1	127
1	12	A1	128
1	12	A1	129
1	12	A1	130
1	12	A1	131
1	12	A1	132
1	12	A1	133
1	12	A1	134
1	12	A1	135
1	12	A1	136
1	12	A1	137
1	12	A1	138
1	12	A1	139
1	12	A1	140
1	12	A1	141
1	12	A1	142
1	12	A1	143
1	12	A1	144
1	12	A1	145
1	12	A1	146
1	12	A1	147
1	12	A1	148
1	12	A1	149
1	12	A1	150
1	12	A1	151
1	12	A1	152
1	12	A1	153
1	12	A1	154
1	12	A1	155
1	12	A1	156
1	12	A1	157
1	12	A1	158
1	12	A1	159
1	12	A1	160
1	12	A1	161
1	12	A1	162
1	12	A1	163
1	12	A1	164
1	12	A1	165
1	12	A1	166
1	12	A1	167
1	12	A1	168
1	12	A1	169
1	12	A1	170
1	12	A1	171
1	12	A1	172
1	12	A1	173
1	12	A1	174
1	12	A1	175
1	12	A1	176
1	12	A1	177
1	12	A1	178
1	12	A1	179
1	12	A1	180
1	12	A1	181
1	12	A1	182
1	12	A1	183
1	12	A1	184
1	12	A1	185
1	12	A1	186
1	12	A1	187
1	12	A1	188
1	12	A1	189
1	12	A1	190
1	12	A1	191
1	12	A1	192
1	12	A1	193
1	12	A1	194
1	12	A1	195
1	12	A1	196
1	12	A1	197
1	12	A1	198
1	12	A1	199
1	12	A1	200
1	12	A1	201
1	12	A1	202
1	12	A1	203
1	12	A1	204
1	12	A1	205
1	12	A1	206
1	12	A1	207
1	12	A1	208
1	12	A1	209
1	12	A1	210
1	12	A1	211
1	12	A1	212
1	12	A1	213
1	12	A1	214
1	12	A1	215
1	12	A1	216
1	12	A1	217
1	12	A1	218
1	12	A1	219
1	12	A1	220
1	12	A1	221
1	12	A1	222
1	12	A1	223
1	12	A1	224
1	12	A1	225
1	12	A1	226
1	12	A1	227
1	12	A1	228
1	12	A1	229
1	12	A1	230
1	12	A1	231
1	12	A1	232
1	12	A1	233
1	12	A1	234
1	12	A1	235
1	12	A1	236
1	12	A1	237
1	12	A1	238
1	12	A1	239
1	12	A1	240
1	12	A1	241
1	12	A1	242
1	12	A1	243
1	12	A1	244
1	12	A1	245
1	12	A1	246
1	12	A1	247
1	12	A1	248
1	12	A1	249
1	12	A1	250
1	12	A1	251
1	12	A1	252
1	12	A1	253
1	12	A1	254
1	12	A1	255
1	12	A1	256
1	12	A1	257
1	12	A1	258
1	12	A1	259
1	12	A1	260
1	12	A1	261
1	12	A1	262
1	12	A1	263
1	12	A1	264
1	12	A1	265
1	12	A1	266
1	12	A1	267
1	12	A1	268
1	12	A1	269
1	12	A1	270
1	12	A1	271
1	12	A1	272
1	12	A1	273
1	12	A1	274
1	12	A1	275
1	12	A1	276
1	12	A1	277
1	12	A1	278
1	12	A1	279
1	12	A1	280
1	12	A1	281
1	12	A1	282
1	12	A1	283
1	12	A1	284
1	12	A1	285
1	12	A1	286
1	12	A1	287
1	12	A1	288
1	12	A1	289
1	12	A1	290
1	12	A1	291
1	12	A1	292
1	12	A1	293
1	12	A1	294
1	12	A1	295
1	12	A1	296
1	12	A1	297
1	12	A1	298
1	12	A1	299
1	12	A1	300
1	12	A1	301
1	12	A1	302
1	12	A1	303
1	12	A1	304
1	12	A1	305
1	12	A1	306
1	12	A1	307
1	12	A1	308
1	12	A1	309
1	12	A1	310
1	12	A1	311
1	12	A1	312
1	12	A1	313
1	12	A1	314
1	12	A1	315
1	12	A1	316
1	12	A1	317
1	12	A1	318
1	12	A1	319
1	12	A1	320
1	12	A1	321
1	12	A1	322
1	12	A1	323
1	12	A1	324
1	12	A1	325
1	12	A1	326
1	12	A1	327
1	12	A1	328
1	12	A1	329
1	12	A1	330
1	12	A1	331
1	12	A1	332
1	12	A1	333
1	12	A1	334
1	12	A1	335
1	12	A1	336
1	12	A1	337
1	12	A1	338
1	12	A1	339
1	12	A1	340
1	12	A1	341
1	12	A1	342
1	12	A1	343
1	12	A1	344
1	12	A1	345
1	12	A1	346
1	12	A1	347
1	12	A1	348
1	12	A2	0
1	12	A2	1
1	12	A2	2
1	12	A2	3
1	12	A2	4
1	12	A2	5
1	12	A2	6
1	12	A2	7
1	12	A2	8
1	12	A2	9
1	12	A2	10
1	12	A2	11
1	12	A2	12
1	12	A2	13
1	12	A2	14
1	12	A2	15
1	12	A2	16
1	12	A2	17
1	12	A2	18
1	12	A2	19
1	12	A2	20
1	12	A2	21
1	12	A2	22
1	12	A2	23
1	12	A2	24
1	12	A2	25
1	12	A2	26
1	12	A2	27
1	12	A2	28
1	12	A2	29
1	12	A2	30
1	12	A2	31
1	12	A2	32
1	12	A2	33
1	12	A2	34
1	12	A2	35
1	12	A2	36
1	12	A2	37
1	12	A2	38
1	12	A2	39
1	12	A2	40
1	12	A2	41
1	12	A2	42
1	12	A2	43
1	12	A2	44
1	12	A2	45
1	12	A2	46
1	12	A2	47
1	12	A2	48
1	12	A2	49
1	12	A2	50
1	12	A2	51
1	12	A2	52
1	12	A2	53
1	12	A2	54
1	12	A2	55
1	12	A2	56
1	12	A2	57
1	12	A2	58
1	12	A2	59
1	12	A2	60
1	12	A2	61
1	12	A2	62
1	12	A2	63
1	12	A2	64
1	12	A2	65
1	12	A2	66
1	12	A2	67
1	12	A2	68
1	12	A2	69
1	12	A2	70
1	12	A2	71
1	12	A2	72
1	12	A2	73
1	12	A2	74
1	12	A2	75
1	12	A2	76
1	12	A2	77
1	12	A2	78
1	12	A2	79
1	12	A2	80
1	12	A2	81
1	12	A2	82
1	12	A2	83
1	12	A2	84
1	12	A2	85
1	12	A2	86
1	12	A2	87
1	12	A2	88
1	12	A2	89
1	12	A2	90
1	12	A2	91
1	12	A2	92
1	12	A2	93
1	12	A2	94
1	12	A2	95
1	12	A2	96
1	12	A2	97
1	12	A2	98
1	12	A2	99
1	12	A2	100
1	12	A2	101
1	12	A2	102
1	12	A2	103
1	12	A2	104
1	12	A2	105
1	12	A2	106
1	12	A2	107
1	12	A2	108
1	12	A2	109
1	12	A2	110
1	12	A2	111
1	12	A2	112
1	12	A2	113
1	12	A2	114
1	12	A2	115
1	12	A2	116
1	12	A2	117
1	12	A2	118
1	12	A2	119
1	12	A2	120
1	12	A2	121
1	12	A2	122
1	12	A2	123
1	12	A2	124
1	12	A2	125
1	12	A2	126
1	12	A2	127
1	12	A2	128
1	12	A2	129
1	12	A2	130
1	12	A2	131
1	12	A2	132
1	12	A2	133
1	12	A2	134
1	12	A2	135
1	12	A2	136
1	12	A2	137
1	12	A2	138
1	12	A2	139
1	12	A2	140
1	12	A2	141
1	12	A2	142
1	12	A2	143
1	12	A2	144
1	12	A2	145
1	12	A2	146
1	12	A2	147
1	12	A2	148
1	12	A2	149
1	12	A2	150
1	12	A2	151
1	12	A2	152
1	12	A2	153
1	12	A2	154
1	12	A2	155
1	12	A2	156
1	12	A2	157
1	12	A2	158
1	12	A2	159
1	12	A2	160
1	12	A2	161
1	12	A2	162
1	12	A2	163
1	12	A2	164
1	12	A2	165
1	12	A2	166
1	12	A2	167
1	12	A2	168
1	12	A2	169
1	12	A2	170
1	12	A2	171
1	12	A2	172
1	12	A2	173
1	12	A2	174
1	12	A2	175
1	12	A2	176
1	12	A2	177
1	12	A2	178
1	12	A2	179
1	12	A2	180
1	12	A2	181
1	12	A2	182
1	12	A2	183
1	12	A2	184
1	12	A2	185
1	12	A2	186
1	12	A2	187
1	12	A2	188
1	12	A2	189
1	12	A2	190
1	12	A2	191
1	12	A2	192
1	12	A2	193
1	12	A2	194
1	12	A2	195
1	12	A2	196
1	12	A2	197
1	12	A2	198
1	12	A2	199
1	12	A2	200
1	12	A2	201
1	12	A2	202
1	12	A2	203
1	12	A2	204
1	12	A2	205
1	12	A2	206
1	12	A2	207
1	12	A2	208
1	12	A2	209
1	12	A2	210
1	12	A2	211
1	12	A2	212
1	12	A2	213
1	12	A2	214
1	12	A2	215
1	12	A2	216
1	12	A2	217
1	12	A2	218
1	12	A2	219
1	12	A2	220
1	12	A2	221
1	12	A2	222
1	12	A2	223
1	12	A2	224
1	12	A2	225
1	12	A2	226
1	12	A2	227
1	12	A2	228
1	12	A2	229
1	12	A2	230
1	12	A2	231
1	12	A2	232
1	12	A2	233
1	12	A2	234
1	12	A2	235
1	12	A2	236
1	12	A2	237
1	12	A2	238
1	12	A2	239
1	12	A2	240
1	12	A2	241
1	12	A2	242
1	12	A2	243
1	12	A2	244
1	12	A2	245
1	12	A2	246
1	12	A2	247
1	12	A2	248
1	12	A2	249
1	12	A2	250
1	12	A2	251
1	12	A2	252
1	12	A2	253
1	12	A2	254
1	12	A2	255
1	12	A2	256
1	12	A2	257
1	12	A2	258
1	12	A2	259
1	12	A2	260
1	12	A2	261
1	12	A2	262
1	12	A2	263
1	12	A2	264
1	12	A2	265
1	12	A2	266
1	12	A2	267
1	12	A2	268
1	12	A2	269
1	12	A2	270
1	12	A2	271
1	12	A2	272
1	12	A2	273
1	12	A2	274
1	12	A2	275
1	12	A2	276
1	12	A2	277
1	12	A2	278
1	12	A2	279
1	12	A2	280
1	12	A2	281
1	12	A2	282
1	12	A2	283
1	12	A2	284
1	12	A2	285
1	12	A2	286
1	12	A2	287
1	12	A2	288
1	12	A2	289
1	12	A2	290
1	12	A2	291
1	12	A2	292
1	12	A2	293
1	12	A2	294
1	12	A2	295
1	12	A2	296
1	12	A2	297
1	12	A2	298
1	12	A2	299
1	12	A2	300
1	12	A2	301
1	12	A2	302
1	12	A2	303
1	12	A2	304
1	12	A2	305
1	12	A2	306
1	12	A2	307
1	12	A2	308
1	12	A2	309
1	12	A2	310
1	12	A2	311
1	12	A2	312
1	12	A2	313
1	12	A2	314
1	12	A2	315
1	12	A2	316
1	12	A2	317
1	12	A2	318
1	12	A2	319
1	12	A2	320
1	12	A2	321
1	12	A2	322
1	12	A2	323
1	12	A2	324
1	12	A2	325
1	12	A2	326
1	12	A2	327
1	12	A2	328
1	12	A2	329
1	12	A2	330
1	12	A2	331
1	12	A2	332
1	12	A2	333
1	12	A2	334
1	12	A2	335
1	12	A2	336
1	12	A2	337
1	12	A2	338
1	12	A2	339
1	12	A2	340
1	12	A2	341
1	12	A2	342
1	12	A2	343
1	12	A2	344
1	12	A2	345
1	12	A2	346
1	12	A2	347
1	12	A2	348
1	12	C2	0
1	12	C2	1
1	12	C2	2
1	12	C2	3
1	12	C2	4
1	12	C2	5
1	12	C2	6
1	12	C2	7
1	12	C2	8
1	12	C2	9
1	12	C2	10
1	12	C2	11
1	12	C2	12
1	12	C2	13
1	12	C2	14
1	12	C2	15
1	12	C2	16
1	12	C2	17
1	12	C2	18
1	12	C2	19
1	12	C2	20
1	12	C2	21
1	12	C2	22
1	12	C2	23
1	12	C2	24
1	12	C2	25
1	12	C2	26
1	12	C2	27
1	12	C2	28
1	12	C2	29
1	12	C2	30
1	12	C2	31
1	12	C2	32
1	12	C2	33
1	12	C2	34
1	12	C2	35
1	12	C2	36
1	12	C2	37
1	12	C2	38
1	12	C2	39
1	12	C2	40
1	12	C2	41
1	12	C2	42
1	12	C2	43
1	12	C2	44
1	12	C2	45
1	12	C2	46
1	12	C2	47
1	12	C2	48
1	12	C2	49
1	12	C2	50
1	12	C2	51
1	12	C2	52
1	12	C2	53
1	12	C2	54
1	12	C2	55
1	12	C2	56
1	12	C2	57
1	12	C2	58
1	12	C2	59
1	12	C2	60
1	12	C2	61
1	12	C2	62
1	12	C2	63
1	12	C2	64
1	12	C2	65
1	12	C2	66
1	12	C2	67
1	12	C2	68
1	12	C2	69
1	12	C2	70
1	12	C2	71
1	12	C2	72
1	12	C2	73
1	12	C2	74
1	12	C2	75
1	12	C2	76
1	12	C2	77
1	12	C2	78
1	12	C2	79
1	12	C2	80
1	12	C2	81
1	12	C2	82
1	12	C2	83
1	12	C2	84
1	12	C2	85
1	12	C2	86
1	12	C2	87
1	12	C2	88
1	12	C2	89
1	12	C2	90
1	12	C2	91
1	12	C2	92
1	12	C2	93
1	12	C2	94
1	12	C2	95
1	12	C2	96
1	12	C2	97
1	12	C2	98
1	12	C2	99
1	12	C2	100
1	12	C2	101
1	12	C2	102
1	12	C2	103
1	12	C2	104
1	12	C2	105
1	12	C2	106
1	12	C2	107
1	12	C2	108
1	12	C2	109
1	12	C2	110
1	12	C2	111
1	12	C2	112
1	12	C2	113
1	12	C2	114
1	12	C2	115
1	12	C2	116
1	12	C2	117
1	12	C2	118
1	12	C2	119
1	12	C2	120
1	12	C2	121
1	12	C2	122
1	12	C2	123
1	12	C2	124
1	12	C2	125
1	12	C2	126
1	12	C2	127
1	12	C2	128
1	12	C2	129
1	12	C2	130
1	12	C2	131
1	12	C2	132
1	12	C2	133
1	12	C2	134
1	12	C2	135
1	12	C2	136
1	12	C2	137
1	12	C2	138
1	12	C2	139
1	12	C2	140
1	12	C2	141
1	12	C2	142
1	12	C2	143
1	12	C2	144
1	12	C2	145
1	12	C2	146
1	12	C2	147
1	12	C2	148
1	12	C2	149
1	12	C2	150
1	12	C2	151
1	12	C2	152
1	12	C2	153
1	12	C2	154
1	12	C2	155
1	12	C2	156
1	12	C2	157
1	12	C2	158
1	12	C2	159
1	12	C2	160
1	12	C2	161
1	12	C2	162
1	12	C2	163
1	12	C2	164
1	12	C2	165
1	12	C2	166
1	12	C2	167
1	12	C2	168
1	12	C2	169
1	12	C2	170
1	12	C2	171
1	12	C2	172
1	12	C2	173
1	12	C2	174
1	12	C2	175
1	12	C2	176
1	12	C2	177
1	12	C2	178
1	12	C2	179
1	12	C2	180
1	12	C2	181
1	12	C2	182
1	12	C2	183
1	12	C2	184
1	12	C2	185
1	12	C2	186
1	12	C2	187
1	12	C2	188
1	12	C2	189
1	12	C2	190
1	12	C2	191
1	12	C2	192
1	12	C2	193
1	12	C2	194
1	12	C2	195
1	12	C2	196
1	12	C2	197
1	12	C2	198
1	12	C2	199
1	12	C2	200
1	12	C2	201
1	12	C2	202
1	12	C2	203
1	12	C2	204
1	12	C2	205
1	12	C2	206
1	12	C2	207
1	12	C2	208
1	12	C2	209
1	12	C2	210
1	12	C2	211
1	12	C2	212
1	12	C2	213
1	12	C2	214
1	12	C2	215
1	12	C2	216
1	12	C2	217
1	12	C2	218
1	12	C2	219
1	12	C2	220
1	12	C2	221
1	12	C2	222
1	12	C2	223
1	12	C2	224
1	12	C2	225
1	12	C2	226
1	12	C2	227
1	12	C2	228
1	12	C2	229
1	12	C2	230
1	12	C2	231
1	12	C2	232
1	12	C2	233
1	12	C2	234
1	12	C2	235
1	12	C2	236
1	12	C2	237
1	12	C2	238
1	12	C2	239
1	12	C2	240
1	12	C2	241
1	12	C2	242
1	12	C2	243
1	12	C2	244
1	12	C2	245
1	12	C2	246
1	12	C2	247
1	12	C2	248
1	12	C2	249
1	12	C2	250
1	12	C2	251
1	12	C2	252
1	12	C2	253
1	12	C2	254
1	12	C2	255
1	12	C2	256
1	12	C2	257
1	12	C2	258
1	12	C2	259
1	12	C2	260
1	12	C2	261
1	12	C2	262
1	12	C2	263
1	12	C2	264
1	12	C2	265
1	12	C2	266
1	12	C2	267
1	12	C2	268
1	12	C2	269
1	12	C2	270
1	12	C2	271
1	12	C2	272
1	12	C2	273
1	12	C2	274
1	12	C2	275
1	12	C2	276
1	12	C2	277
1	12	C2	278
1	12	C2	279
1	12	C2	280
1	12	C2	281
1	12	C2	282
1	12	C2	283
1	12	C2	284
1	12	C2	285
1	12	C2	286
1	12	C2	287
1	12	C2	288
1	12	C2	289
1	12	C2	290
1	12	C2	291
1	12	C2	292
1	12	C2	293
1	12	C2	294
1	12	C2	295
1	12	C2	296
1	12	C2	297
1	12	C2	298
1	12	C2	299
1	12	C2	300
1	12	C2	301
1	12	C2	302
1	12	C2	303
1	12	C2	304
1	12	C2	305
1	12	C2	306
1	12	C2	307
1	12	C2	308
1	12	C2	309
1	12	C2	310
1	12	C2	311
1	12	C2	312
1	12	C2	313
1	12	C2	314
1	12	C2	315
1	12	C2	316
1	12	C2	317
1	12	C2	318
1	12	C2	319
1	12	C2	320
1	12	C2	321
1	12	C2	322
1	12	C2	323
1	12	C2	324
1	12	C2	325
1	12	C2	326
1	12	C2	327
1	12	C2	328
1	12	C2	329
1	12	C2	330
1	12	C2	331
1	12	C2	332
1	12	C2	333
1	12	C2	334
1	12	C2	335
1	12	C2	336
1	12	C2	337
1	12	C2	338
1	12	C2	339
1	12	C2	340
1	12	C2	341
1	12	C2	342
1	12	C2	343
1	12	C2	344
1	12	C2	345
1	12	C2	346
1	12	C2	347
1	12	C2	348
1	12	C3	0
1	12	C3	1
1	12	C3	2
1	12	C3	3
1	12	C3	4
1	12	C3	5
1	12	C3	6
1	12	C3	7
1	12	C3	8
1	12	C3	9
1	12	C3	10
1	12	C3	11
1	12	C3	12
1	12	C3	13
1	12	C3	14
1	12	C3	15
1	12	C3	16
1	12	C3	17
1	12	C3	18
1	12	C3	19
1	12	C3	20
1	12	C3	21
1	12	C3	22
1	12	C3	23
1	12	C3	24
1	12	C3	25
1	12	C3	26
1	12	C3	27
1	12	C3	28
1	12	C3	29
1	12	C3	30
1	12	C3	31
1	12	C3	32
1	12	C3	33
1	12	C3	34
1	12	C3	35
1	12	C3	36
1	12	C3	37
1	12	C3	38
1	12	C3	39
1	12	C3	40
1	12	C3	41
1	12	C3	42
1	12	C3	43
1	12	C3	44
1	12	C3	45
1	12	C3	46
1	12	C3	47
1	12	C3	48
1	12	C3	49
1	12	C3	50
1	12	C3	51
1	12	C3	52
1	12	C3	53
1	12	C3	54
1	12	C3	55
1	12	C3	56
1	12	C3	57
1	12	C3	58
1	12	C3	59
1	12	C3	60
1	12	C3	61
1	12	C3	62
1	12	C3	63
1	12	C3	64
1	12	C3	65
1	12	C3	66
1	12	C3	67
1	12	C3	68
1	12	C3	69
1	12	C3	70
1	12	C3	71
1	12	C3	72
1	12	C3	73
1	12	C3	74
1	12	C3	75
1	12	C3	76
1	12	C3	77
1	12	C3	78
1	12	C3	79
1	12	C3	80
1	12	C3	81
1	12	C3	82
1	12	C3	83
1	12	C3	84
1	12	C3	85
1	12	C3	86
1	12	C3	87
1	12	C3	88
1	12	C3	89
1	12	C3	90
1	12	C3	91
1	12	C3	92
1	12	C3	93
1	12	C3	94
1	12	C3	95
1	12	C3	96
1	12	C3	97
1	12	C3	98
1	12	C3	99
1	12	C3	100
1	12	C3	101
1	12	C3	102
1	12	C3	103
1	12	C3	104
1	12	C3	105
1	12	C3	106
1	12	C3	107
1	12	C3	108
1	12	C3	109
1	12	C3	110
1	12	C3	111
1	12	C3	112
1	12	C3	113
1	12	C3	114
1	12	C3	115
1	12	C3	116
1	12	C3	117
1	12	C3	118
1	12	C3	119
1	12	C3	120
1	12	C3	121
1	12	C3	122
1	12	C3	123
1	12	C3	124
1	12	C3	125
1	12	C3	126
1	12	C3	127
1	12	C3	128
1	12	C3	129
1	12	C3	130
1	12	C3	131
1	12	C3	132
1	12	C3	133
1	12	C3	134
1	12	C3	135
1	12	C3	136
1	12	C3	137
1	12	C3	138
1	12	C3	139
1	12	C3	140
1	12	C3	141
1	12	C3	142
1	12	C3	143
1	12	C3	144
1	12	C3	145
1	12	C3	146
1	12	C3	147
1	12	C3	148
1	12	C3	149
1	12	C3	150
1	12	C3	151
1	12	C3	152
1	12	C3	153
1	12	C3	154
1	12	C3	155
1	12	C3	156
1	12	C3	157
1	12	C3	158
1	12	C3	159
1	12	C3	160
1	12	C3	161
1	12	C3	162
1	12	C3	163
1	12	C3	164
1	12	C3	165
1	12	C3	166
1	12	C3	167
1	12	C3	168
1	12	C3	169
1	12	C3	170
1	12	C3	171
1	12	C3	172
1	12	C3	173
1	12	C3	174
1	12	C3	175
1	12	C3	176
1	12	C3	177
1	12	C3	178
1	12	C3	179
1	12	C3	180
1	12	C3	181
1	12	C3	182
1	12	C3	183
1	12	C3	184
1	12	C3	185
1	12	C3	186
1	12	C3	187
1	12	C3	188
1	12	C3	189
1	12	C3	190
1	12	C3	191
1	12	C3	192
1	12	C3	193
1	12	C3	194
1	12	C3	195
1	12	C3	196
1	12	C3	197
1	12	C3	198
1	12	C3	199
1	12	C3	200
1	12	C3	201
1	12	C3	202
1	12	C3	203
1	12	C3	204
1	12	C3	205
1	12	C3	206
1	12	C3	207
1	12	C3	208
1	12	C3	209
1	12	C3	210
1	12	C3	211
1	12	C3	212
1	12	C3	213
1	12	C3	214
1	12	C3	215
1	12	C3	216
1	12	C3	217
1	12	C3	218
1	12	C3	219
1	12	C3	220
1	12	C3	221
1	12	C3	222
1	12	C3	223
1	12	C3	224
1	12	C3	225
1	12	C3	226
1	12	C3	227
1	12	C3	228
1	12	C3	229
1	12	C3	230
1	12	C3	231
1	12	C3	232
1	12	C3	233
1	12	C3	234
1	12	C3	235
1	12	C3	236
1	12	C3	237
1	12	C3	238
1	12	C3	239
1	12	C3	240
1	12	C3	241
1	12	C3	242
1	12	C3	243
1	12	C3	244
1	12	C3	245
1	12	C3	246
1	12	C3	247
1	12	C3	248
1	12	C3	249
1	12	C3	250
1	12	C3	251
1	12	C3	252
1	12	C3	253
1	12	C3	254
1	12	C3	255
1	12	C3	256
1	12	C3	257
1	12	C3	258
1	12	C3	259
1	12	C3	260
1	12	C3	261
1	12	C3	262
1	12	C3	263
1	12	C3	264
1	12	C3	265
1	12	C3	266
1	12	C3	267
1	12	C3	268
1	12	C3	269
1	12	C3	270
1	12	C3	271
1	12	C3	272
1	12	C3	273
1	12	C3	274
1	12	C3	275
1	12	C3	276
1	12	C3	277
1	12	C3	278
1	12	C3	279
1	12	C3	280
1	12	C3	281
1	12	C3	282
1	12	C3	283
1	12	C3	284
1	12	C3	285
1	12	C3	286
1	12	C3	287
1	12	C3	288
1	12	C3	289
1	12	C3	290
1	12	C3	291
1	12	C3	292
1	12	C3	293
1	12	C3	294
1	12	C3	295
1	12	C3	296
1	12	C3	297
1	12	C3	298
1	12	C3	299
1	12	C3	300
1	12	C3	301
1	12	C3	302
1	12	C3	303
1	12	C3	304
1	12	C3	305
1	12	C3	306
1	12	C3	307
1	12	C3	308
1	12	C3	309
1	12	C3	310
1	12	C3	311
1	12	C3	312
1	12	C3	313
1	12	C3	314
1	12	C3	315
1	12	C3	316
1	12	C3	317
1	12	C3	318
1	12	C3	319
1	12	C3	320
1	12	C3	321
1	12	C3	322
1	12	C3	323
1	12	C3	324
1	12	C3	325
1	12	C3	326
1	12	C3	327
1	12	C3	328
1	12	C3	329
1	12	C3	330
1	12	C3	331
1	12	C3	332
1	12	C3	333
1	12	C3	334
1	12	C3	335
1	12	C3	336
1	12	C3	337
1	12	C3	338
1	12	C3	339
1	12	C3	340
1	12	C3	341
1	12	C3	342
1	12	C3	343
1	12	C3	344
1	12	C3	345
1	12	C3	346
1	12	C3	347
1	12	C3	348
1	12	C4	0
1	12	C4	1
1	12	C4	2
1	12	C4	3
1	12	C4	4
1	12	C4	5
1	12	C4	6
1	12	C4	7
1	12	C4	8
1	12	C4	9
1	12	C4	10
1	12	C4	11
1	12	C4	12
1	12	C4	13
1	12	C4	14
1	12	C4	15
1	12	C4	16
1	12	C4	17
1	12	C4	18
1	12	C4	19
1	12	C4	20
1	12	C4	21
1	12	C4	22
1	12	C4	23
1	12	C4	24
1	12	C4	25
1	12	C4	26
1	12	C4	27
1	12	C4	28
1	12	C4	29
1	12	C4	30
1	12	C4	31
1	12	C4	32
1	12	C4	33
1	12	C4	34
1	12	C4	35
1	12	C4	36
1	12	C4	37
1	12	C4	38
1	12	C4	39
1	12	C4	40
1	12	C4	41
1	12	C4	42
1	12	C4	43
1	12	C4	44
1	12	C4	45
1	12	C4	46
1	12	C4	47
1	12	C4	48
1	12	C4	49
1	12	C4	50
1	12	C4	51
1	12	C4	52
1	12	C4	53
1	12	C4	54
1	12	C4	55
1	12	C4	56
1	12	C4	57
1	12	C4	58
1	12	C4	59
1	12	C4	60
1	12	C4	61
1	12	C4	62
1	12	C4	63
1	12	C4	64
1	12	C4	65
1	12	C4	66
1	12	C4	67
1	12	C4	68
1	12	C4	69
1	12	C4	70
1	12	C4	71
1	12	C4	72
1	12	C4	73
1	12	C4	74
1	12	C4	75
1	12	C4	76
1	12	C4	77
1	12	C4	78
1	12	C4	79
1	12	C4	80
1	12	C4	81
1	12	C4	82
1	12	C4	83
1	12	C4	84
1	12	C4	85
1	12	C4	86
1	12	C4	87
1	12	C4	88
1	12	C4	89
1	12	C4	90
1	12	C4	91
1	12	C4	92
1	12	C4	93
1	12	C4	94
1	12	C4	95
1	12	C4	96
1	12	C4	97
1	12	C4	98
1	12	C4	99
1	12	C4	100
1	12	C4	101
1	12	C4	102
1	12	C4	103
1	12	C4	104
1	12	C4	105
1	12	C4	106
1	12	C4	107
1	12	C4	108
1	12	C4	109
1	12	C4	110
1	12	C4	111
1	12	C4	112
1	12	C4	113
1	12	C4	114
1	12	C4	115
1	12	C4	116
1	12	C4	117
1	12	C4	118
1	12	C4	119
1	12	C4	120
1	12	C4	121
1	12	C4	122
1	12	C4	123
1	12	C4	124
1	12	C4	125
1	12	C4	126
1	12	C4	127
1	12	C4	128
1	12	C4	129
1	12	C4	130
1	12	C4	131
1	12	C4	132
1	12	C4	133
1	12	C4	134
1	12	C4	135
1	12	C4	136
1	12	C4	137
1	12	C4	138
1	12	C4	139
1	12	C4	140
1	12	C4	141
1	12	C4	142
1	12	C4	143
1	12	C4	144
1	12	C4	145
1	12	C4	146
1	12	C4	147
1	12	C4	148
1	12	C4	149
1	12	C4	150
1	12	C4	151
1	12	C4	152
1	12	C4	153
1	12	C4	154
1	12	C4	155
1	12	C4	156
1	12	C4	157
1	12	C4	158
1	12	C4	159
1	12	C4	160
1	12	C4	161
1	12	C4	162
1	12	C4	163
1	12	C4	164
1	12	C4	165
1	12	C4	166
1	12	C4	167
1	12	C4	168
1	12	C4	169
1	12	C4	170
1	12	C4	171
1	12	C4	172
1	12	C4	173
1	12	C4	174
1	12	C4	175
1	12	C4	176
1	12	C4	177
1	12	C4	178
1	12	C4	179
1	12	C4	180
1	12	C4	181
1	12	C4	182
1	12	C4	183
1	12	C4	184
1	12	C4	185
1	12	C4	186
1	12	C4	187
1	12	C4	188
1	12	C4	189
1	12	C4	190
1	12	C4	191
1	12	C4	192
1	12	C4	193
1	12	C4	194
1	12	C4	195
1	12	C4	196
1	12	C4	197
1	12	C4	198
1	12	C4	199
1	12	C4	200
1	12	C4	201
1	12	C4	202
1	12	C4	203
1	12	C4	204
1	12	C4	205
1	12	C4	206
1	12	C4	207
1	12	C4	208
1	12	C4	209
1	12	C4	210
1	12	C4	211
1	12	C4	212
1	12	C4	213
1	12	C4	214
1	12	C4	215
1	12	C4	216
1	12	C4	217
1	12	C4	218
1	12	C4	219
1	12	C4	220
1	12	C4	221
1	12	C4	222
1	12	C4	223
1	12	C4	224
1	12	C4	225
1	12	C4	226
1	12	C4	227
1	12	C4	228
1	12	C4	229
1	12	C4	230
1	12	C4	231
1	12	C4	232
1	12	C4	233
1	12	C4	234
1	12	C4	235
1	12	C4	236
1	12	C4	237
1	12	C4	238
1	12	C4	239
1	12	C4	240
1	12	C4	241
1	12	C4	242
1	12	C4	243
1	12	C4	244
1	12	C4	245
1	12	C4	246
1	12	C4	247
1	12	C4	248
1	12	C4	249
1	12	C4	250
1	12	C4	251
1	12	C4	252
1	12	C4	253
1	12	C4	254
1	12	C4	255
1	12	C4	256
1	12	C4	257
1	12	C4	258
1	12	C4	259
1	12	C4	260
1	12	C4	261
1	12	C4	262
1	12	C4	263
1	12	C4	264
1	12	C4	265
1	12	C4	266
1	12	C4	267
1	12	C4	268
1	12	C4	269
1	12	C4	270
1	12	C4	271
1	12	C4	272
1	12	C4	273
1	12	C4	274
1	12	C4	275
1	12	C4	276
1	12	C4	277
1	12	C4	278
1	12	C4	279
1	12	C4	280
1	12	C4	281
1	12	C4	282
1	12	C4	283
1	12	C4	284
1	12	C4	285
1	12	C4	286
1	12	C4	287
1	12	C4	288
1	12	C4	289
1	12	C4	290
1	12	C4	291
1	12	C4	292
1	12	C4	293
1	12	C4	294
1	12	C4	295
1	12	C4	296
1	12	C4	297
1	12	C4	298
1	12	C4	299
1	12	C4	300
1	12	C4	301
1	12	C4	302
1	12	C4	303
1	12	C4	304
1	12	C4	305
1	12	C4	306
1	12	C4	307
1	12	C4	308
1	12	C4	309
1	12	C4	310
1	12	C4	311
1	12	C4	312
1	12	C4	313
1	12	C4	314
1	12	C4	315
1	12	C4	316
1	12	C4	317
1	12	C4	318
1	12	C4	319
1	12	C4	320
1	12	C4	321
1	12	C4	322
1	12	C4	323
1	12	C4	324
1	12	C4	325
1	12	C4	326
1	12	C4	327
1	12	C4	328
1	12	C4	329
1	12	C4	330
1	12	C4	331
1	12	C4	332
1	12	C4	333
1	12	C4	334
1	12	C4	335
1	12	C4	336
1	12	C4	337
1	12	C4	338
1	12	C4	339
1	12	C4	340
1	12	C4	341
1	12	C4	342
1	12	C4	343
1	12	C4	344
1	12	C4	345
1	12	C4	346
1	12	C4	347
1	12	C4	348
1	13	A1	0
1	13	A1	1
1	13	A1	2
1	13	A1	3
1	13	A1	4
1	13	A1	5
1	13	A1	6
1	13	A1	7
1	13	A1	8
1	13	A1	9
1	13	A1	10
1	13	A1	11
1	13	A1	12
1	13	A1	13
1	13	A1	14
1	13	A1	15
1	13	A1	16
1	13	A1	17
1	13	A1	18
1	13	A1	19
1	13	A1	20
1	13	A1	21
1	13	A1	22
1	13	A1	23
1	13	A1	24
1	13	A1	25
1	13	A1	26
1	13	A1	27
1	13	A1	28
1	13	A1	29
1	13	A1	30
1	13	A1	31
1	13	A1	32
1	13	A1	33
1	13	A1	34
1	13	A1	35
1	13	A1	36
1	13	A1	37
1	13	A1	38
1	13	A1	39
1	13	A1	40
1	13	A1	41
1	13	A1	42
1	13	A1	43
1	13	A1	44
1	13	A1	45
1	13	A1	46
1	13	A1	47
1	13	A1	48
1	13	A1	49
1	13	A1	50
1	13	A1	51
1	13	A1	52
1	13	A1	53
1	13	A1	54
1	13	A1	55
1	13	A1	56
1	13	A1	57
1	13	A1	58
1	13	A1	59
1	13	A1	60
1	13	A1	61
1	13	A1	62
1	13	A1	63
1	13	A1	64
1	13	A1	65
1	13	A1	66
1	13	A1	67
1	13	A1	68
1	13	A1	69
1	13	A1	70
1	13	A1	71
1	13	A1	72
1	13	A1	73
1	13	A1	74
1	13	A1	75
1	13	A1	76
1	13	A1	77
1	13	A1	78
1	13	A1	79
1	13	A1	80
1	13	A1	81
1	13	A1	82
1	13	A1	83
1	13	A1	84
1	13	A1	85
1	13	A1	86
1	13	A1	87
1	13	A1	88
1	13	A1	89
1	13	A1	90
1	13	A1	91
1	13	A1	92
1	13	A1	93
1	13	A1	94
1	13	A1	95
1	13	A1	96
1	13	A1	97
1	13	A1	98
1	13	A1	99
1	13	A1	100
1	13	A1	101
1	13	A1	102
1	13	A1	103
1	13	A1	104
1	13	A1	105
1	13	A1	106
1	13	A1	107
1	13	A1	108
1	13	A1	109
1	13	A1	110
1	13	A1	111
1	13	A1	112
1	13	A1	113
1	13	A1	114
1	13	A1	115
1	13	A1	116
1	13	A1	117
1	13	A1	118
1	13	A1	119
1	13	A1	120
1	13	A1	121
1	13	A1	122
1	13	A1	123
1	13	A1	124
1	13	A1	125
1	13	A1	126
1	13	A1	127
1	13	A1	128
1	13	A1	129
1	13	A1	130
1	13	A1	131
1	13	A1	132
1	13	A1	133
1	13	A1	134
1	13	A1	135
1	13	A1	136
1	13	A1	137
1	13	A1	138
1	13	A1	139
1	13	A1	140
1	13	A1	141
1	13	A1	142
1	13	A1	143
1	13	A1	144
1	13	A1	145
1	13	A1	146
1	13	A1	147
1	13	A1	148
1	13	A1	149
1	13	A1	150
1	13	A1	151
1	13	A1	152
1	13	A1	153
1	13	A1	154
1	13	A1	155
1	13	A1	156
1	13	A1	157
1	13	A1	158
1	13	A1	159
1	13	A1	160
1	13	A1	161
1	13	A1	162
1	13	A1	163
1	13	A1	164
1	13	A1	165
1	13	A1	166
1	13	A1	167
1	13	A1	168
1	13	A1	169
1	13	A1	170
1	13	A1	171
1	13	A1	172
1	13	A1	173
1	13	A1	174
1	13	A1	175
1	13	A1	176
1	13	A1	177
1	13	A1	178
1	13	A1	179
1	13	A1	180
1	13	A1	181
1	13	A1	182
1	13	A1	183
1	13	A1	184
1	13	A1	185
1	13	A1	186
1	13	A1	187
1	13	A1	188
1	13	A1	189
1	13	A1	190
1	13	A1	191
1	13	A1	192
1	13	A1	193
1	13	A1	194
1	13	A1	195
1	13	A1	196
1	13	A1	197
1	13	A1	198
1	13	A1	199
1	13	A1	200
1	13	A1	201
1	13	A1	202
1	13	A1	203
1	13	A1	204
1	13	A1	205
1	13	A1	206
1	13	A1	207
1	13	A1	208
1	13	A1	209
1	13	A1	210
1	13	A1	211
1	13	A1	212
1	13	A1	213
1	13	A1	214
1	13	A1	215
1	13	A1	216
1	13	A1	217
1	13	A1	218
1	13	A1	219
1	13	A1	220
1	13	A1	221
1	13	A1	222
1	13	A1	223
1	13	A1	224
1	13	A1	225
1	13	A1	226
1	13	A1	227
1	13	A1	228
1	13	A1	229
1	13	A1	230
1	13	A1	231
1	13	A1	232
1	13	A1	233
1	13	A1	234
1	13	A1	235
1	13	A1	236
1	13	A1	237
1	13	A1	238
1	13	A1	239
1	13	A1	240
1	13	A1	241
1	13	A1	242
1	13	A1	243
1	13	A1	244
1	13	A1	245
1	13	A1	246
1	13	A1	247
1	13	A1	248
1	13	A1	249
1	13	A1	250
1	13	A1	251
1	13	A1	252
1	13	A1	253
1	13	A1	254
1	13	A1	255
1	13	A1	256
1	13	A1	257
1	13	A1	258
1	13	A1	259
1	13	A1	260
1	13	A1	261
1	13	A1	262
1	13	A1	263
1	13	A1	264
1	13	A1	265
1	13	A1	266
1	13	A1	267
1	13	A1	268
1	13	A1	269
1	13	A1	270
1	13	A1	271
1	13	A1	272
1	13	A1	273
1	13	A1	274
1	13	A1	275
1	13	A1	276
1	13	A1	277
1	13	A1	278
1	13	A1	279
1	13	A1	280
1	13	A1	281
1	13	A1	282
1	13	A1	283
1	13	A1	284
1	13	A1	285
1	13	A1	286
1	13	A1	287
1	13	A1	288
1	13	A1	289
1	13	A1	290
1	13	A1	291
1	13	A1	292
1	13	A1	293
1	13	A1	294
1	13	A1	295
1	13	A1	296
1	13	A1	297
1	13	A1	298
1	13	A1	299
1	13	A1	300
1	13	A1	301
1	13	A1	302
1	13	A1	303
1	13	A1	304
1	13	A1	305
1	13	A1	306
1	13	A1	307
1	13	A1	308
1	13	A1	309
1	13	A1	310
1	13	A1	311
1	13	A1	312
1	13	A1	313
1	13	A1	314
1	13	A1	315
1	13	A1	316
1	13	A1	317
1	13	A1	318
1	13	A1	319
1	13	A1	320
1	13	A1	321
1	13	A1	322
1	13	A1	323
1	13	A1	324
1	13	A1	325
1	13	A1	326
1	13	A1	327
1	13	A1	328
1	13	A1	329
1	13	A1	330
1	13	A1	331
1	13	A1	332
1	13	A1	333
1	13	A1	334
1	13	A1	335
1	13	A1	336
1	13	A1	337
1	13	A1	338
1	13	A1	339
1	13	A1	340
1	13	A1	341
1	13	A1	342
1	13	A1	343
1	13	A1	344
1	13	A1	345
1	13	A1	346
1	13	A1	347
1	13	A1	348
1	13	A2	0
1	13	A2	1
1	13	A2	2
1	13	A2	3
1	13	A2	4
1	13	A2	5
1	13	A2	6
1	13	A2	7
1	13	A2	8
1	13	A2	9
1	13	A2	10
1	13	A2	11
1	13	A2	12
1	13	A2	13
1	13	A2	14
1	13	A2	15
1	13	A2	16
1	13	A2	17
1	13	A2	18
1	13	A2	19
1	13	A2	20
1	13	A2	21
1	13	A2	22
1	13	A2	23
1	13	A2	24
1	13	A2	25
1	13	A2	26
1	13	A2	27
1	13	A2	28
1	13	A2	29
1	13	A2	30
1	13	A2	31
1	13	A2	32
1	13	A2	33
1	13	A2	34
1	13	A2	35
1	13	A2	36
1	13	A2	37
1	13	A2	38
1	13	A2	39
1	13	A2	40
1	13	A2	41
1	13	A2	42
1	13	A2	43
1	13	A2	44
1	13	A2	45
1	13	A2	46
1	13	A2	47
1	13	A2	48
1	13	A2	49
1	13	A2	50
1	13	A2	51
1	13	A2	52
1	13	A2	53
1	13	A2	54
1	13	A2	55
1	13	A2	56
1	13	A2	57
1	13	A2	58
1	13	A2	59
1	13	A2	60
1	13	A2	61
1	13	A2	62
1	13	A2	63
1	13	A2	64
1	13	A2	65
1	13	A2	66
1	13	A2	67
1	13	A2	68
1	13	A2	69
1	13	A2	70
1	13	A2	71
1	13	A2	72
1	13	A2	73
1	13	A2	74
1	13	A2	75
1	13	A2	76
1	13	A2	77
1	13	A2	78
1	13	A2	79
1	13	A2	80
1	13	A2	81
1	13	A2	82
1	13	A2	83
1	13	A2	84
1	13	A2	85
1	13	A2	86
1	13	A2	87
1	13	A2	88
1	13	A2	89
1	13	A2	90
1	13	A2	91
1	13	A2	92
1	13	A2	93
1	13	A2	94
1	13	A2	95
1	13	A2	96
1	13	A2	97
1	13	A2	98
1	13	A2	99
1	13	A2	100
1	13	A2	101
1	13	A2	102
1	13	A2	103
1	13	A2	104
1	13	A2	105
1	13	A2	106
1	13	A2	107
1	13	A2	108
1	13	A2	109
1	13	A2	110
1	13	A2	111
1	13	A2	112
1	13	A2	113
1	13	A2	114
1	13	A2	115
1	13	A2	116
1	13	A2	117
1	13	A2	118
1	13	A2	119
1	13	A2	120
1	13	A2	121
1	13	A2	122
1	13	A2	123
1	13	A2	124
1	13	A2	125
1	13	A2	126
1	13	A2	127
1	13	A2	128
1	13	A2	129
1	13	A2	130
1	13	A2	131
1	13	A2	132
1	13	A2	133
1	13	A2	134
1	13	A2	135
1	13	A2	136
1	13	A2	137
1	13	A2	138
1	13	A2	139
1	13	A2	140
1	13	A2	141
1	13	A2	142
1	13	A2	143
1	13	A2	144
1	13	A2	145
1	13	A2	146
1	13	A2	147
1	13	A2	148
1	13	A2	149
1	13	A2	150
1	13	A2	151
1	13	A2	152
1	13	A2	153
1	13	A2	154
1	13	A2	155
1	13	A2	156
1	13	A2	157
1	13	A2	158
1	13	A2	159
1	13	A2	160
1	13	A2	161
1	13	A2	162
1	13	A2	163
1	13	A2	164
1	13	A2	165
1	13	A2	166
1	13	A2	167
1	13	A2	168
1	13	A2	169
1	13	A2	170
1	13	A2	171
1	13	A2	172
1	13	A2	173
1	13	A2	174
1	13	A2	175
1	13	A2	176
1	13	A2	177
1	13	A2	178
1	13	A2	179
1	13	A2	180
1	13	A2	181
1	13	A2	182
1	13	A2	183
1	13	A2	184
1	13	A2	185
1	13	A2	186
1	13	A2	187
1	13	A2	188
1	13	A2	189
1	13	A2	190
1	13	A2	191
1	13	A2	192
1	13	A2	193
1	13	A2	194
1	13	A2	195
1	13	A2	196
1	13	A2	197
1	13	A2	198
1	13	A2	199
1	13	A2	200
1	13	A2	201
1	13	A2	202
1	13	A2	203
1	13	A2	204
1	13	A2	205
1	13	A2	206
1	13	A2	207
1	13	A2	208
1	13	A2	209
1	13	A2	210
1	13	A2	211
1	13	A2	212
1	13	A2	213
1	13	A2	214
1	13	A2	215
1	13	A2	216
1	13	A2	217
1	13	A2	218
1	13	A2	219
1	13	A2	220
1	13	A2	221
1	13	A2	222
1	13	A2	223
1	13	A2	224
1	13	A2	225
1	13	A2	226
1	13	A2	227
1	13	A2	228
1	13	A2	229
1	13	A2	230
1	13	A2	231
1	13	A2	232
1	13	A2	233
1	13	A2	234
1	13	A2	235
1	13	A2	236
1	13	A2	237
1	13	A2	238
1	13	A2	239
1	13	A2	240
1	13	A2	241
1	13	A2	242
1	13	A2	243
1	13	A2	244
1	13	A2	245
1	13	A2	246
1	13	A2	247
1	13	A2	248
1	13	A2	249
1	13	A2	250
1	13	A2	251
1	13	A2	252
1	13	A2	253
1	13	A2	254
1	13	A2	255
1	13	A2	256
1	13	A2	257
1	13	A2	258
1	13	A2	259
1	13	A2	260
1	13	A2	261
1	13	A2	262
1	13	A2	263
1	13	A2	264
1	13	A2	265
1	13	A2	266
1	13	A2	267
1	13	A2	268
1	13	A2	269
1	13	A2	270
1	13	A2	271
1	13	A2	272
1	13	A2	273
1	13	A2	274
1	13	A2	275
1	13	A2	276
1	13	A2	277
1	13	A2	278
1	13	A2	279
1	13	A2	280
1	13	A2	281
1	13	A2	282
1	13	A2	283
1	13	A2	284
1	13	A2	285
1	13	A2	286
1	13	A2	287
1	13	A2	288
1	13	A2	289
1	13	A2	290
1	13	A2	291
1	13	A2	292
1	13	A2	293
1	13	A2	294
1	13	A2	295
1	13	A2	296
1	13	A2	297
1	13	A2	298
1	13	A2	299
1	13	A2	300
1	13	A2	301
1	13	A2	302
1	13	A2	303
1	13	A2	304
1	13	A2	305
1	13	A2	306
1	13	A2	307
1	13	A2	308
1	13	A2	309
1	13	A2	310
1	13	A2	311
1	13	A2	312
1	13	A2	313
1	13	A2	314
1	13	A2	315
1	13	A2	316
1	13	A2	317
1	13	A2	318
1	13	A2	319
1	13	A2	320
1	13	A2	321
1	13	A2	322
1	13	A2	323
1	13	A2	324
1	13	A2	325
1	13	A2	326
1	13	A2	327
1	13	A2	328
1	13	A2	329
1	13	A2	330
1	13	A2	331
1	13	A2	332
1	13	A2	333
1	13	A2	334
1	13	A2	335
1	13	A2	336
1	13	A2	337
1	13	A2	338
1	13	A2	339
1	13	A2	340
1	13	A2	341
1	13	A2	342
1	13	A2	343
1	13	A2	344
1	13	A2	345
1	13	A2	346
1	13	A2	347
1	13	A2	348
1	13	C2	0
1	13	C2	1
1	13	C2	2
1	13	C2	3
1	13	C2	4
1	13	C2	5
1	13	C2	6
1	13	C2	7
1	13	C2	8
1	13	C2	9
1	13	C2	10
1	13	C2	11
1	13	C2	12
1	13	C2	13
1	13	C2	14
1	13	C2	15
1	13	C2	16
1	13	C2	17
1	13	C2	18
1	13	C2	19
1	13	C2	20
1	13	C2	21
1	13	C2	22
1	13	C2	23
1	13	C2	24
1	13	C2	25
1	13	C2	26
1	13	C2	27
1	13	C2	28
1	13	C2	29
1	13	C2	30
1	13	C2	31
1	13	C2	32
1	13	C2	33
1	13	C2	34
1	13	C2	35
1	13	C2	36
1	13	C2	37
1	13	C2	38
1	13	C2	39
1	13	C2	40
1	13	C2	41
1	13	C2	42
1	13	C2	43
1	13	C2	44
1	13	C2	45
1	13	C2	46
1	13	C2	47
1	13	C2	48
1	13	C2	49
1	13	C2	50
1	13	C2	51
1	13	C2	52
1	13	C2	53
1	13	C2	54
1	13	C2	55
1	13	C2	56
1	13	C2	57
1	13	C2	58
1	13	C2	59
1	13	C2	60
1	13	C2	61
1	13	C2	62
1	13	C2	63
1	13	C2	64
1	13	C2	65
1	13	C2	66
1	13	C2	67
1	13	C2	68
1	13	C2	69
1	13	C2	70
1	13	C2	71
1	13	C2	72
1	13	C2	73
1	13	C2	74
1	13	C2	75
1	13	C2	76
1	13	C2	77
1	13	C2	78
1	13	C2	79
1	13	C2	80
1	13	C2	81
1	13	C2	82
1	13	C2	83
1	13	C2	84
1	13	C2	85
1	13	C2	86
1	13	C2	87
1	13	C2	88
1	13	C2	89
1	13	C2	90
1	13	C2	91
1	13	C2	92
1	13	C2	93
1	13	C2	94
1	13	C2	95
1	13	C2	96
1	13	C2	97
1	13	C2	98
1	13	C2	99
1	13	C2	100
1	13	C2	101
1	13	C2	102
1	13	C2	103
1	13	C2	104
1	13	C2	105
1	13	C2	106
1	13	C2	107
1	13	C2	108
1	13	C2	109
1	13	C2	110
1	13	C2	111
1	13	C2	112
1	13	C2	113
1	13	C2	114
1	13	C2	115
1	13	C2	116
1	13	C2	117
1	13	C2	118
1	13	C2	119
1	13	C2	120
1	13	C2	121
1	13	C2	122
1	13	C2	123
1	13	C2	124
1	13	C2	125
1	13	C2	126
1	13	C2	127
1	13	C2	128
1	13	C2	129
1	13	C2	130
1	13	C2	131
1	13	C2	132
1	13	C2	133
1	13	C2	134
1	13	C2	135
1	13	C2	136
1	13	C2	137
1	13	C2	138
1	13	C2	139
1	13	C2	140
1	13	C2	141
1	13	C2	142
1	13	C2	143
1	13	C2	144
1	13	C2	145
1	13	C2	146
1	13	C2	147
1	13	C2	148
1	13	C2	149
1	13	C2	150
1	13	C2	151
1	13	C2	152
1	13	C2	153
1	13	C2	154
1	13	C2	155
1	13	C2	156
1	13	C2	157
1	13	C2	158
1	13	C2	159
1	13	C2	160
1	13	C2	161
1	13	C2	162
1	13	C2	163
1	13	C2	164
1	13	C2	165
1	13	C2	166
1	13	C2	167
1	13	C2	168
1	13	C2	169
1	13	C2	170
1	13	C2	171
1	13	C2	172
1	13	C2	173
1	13	C2	174
1	13	C2	175
1	13	C2	176
1	13	C2	177
1	13	C2	178
1	13	C2	179
1	13	C2	180
1	13	C2	181
1	13	C2	182
1	13	C2	183
1	13	C2	184
1	13	C2	185
1	13	C2	186
1	13	C2	187
1	13	C2	188
1	13	C2	189
1	13	C2	190
1	13	C2	191
1	13	C2	192
1	13	C2	193
1	13	C2	194
1	13	C2	195
1	13	C2	196
1	13	C2	197
1	13	C2	198
1	13	C2	199
1	13	C2	200
1	13	C2	201
1	13	C2	202
1	13	C2	203
1	13	C2	204
1	13	C2	205
1	13	C2	206
1	13	C2	207
1	13	C2	208
1	13	C2	209
1	13	C2	210
1	13	C2	211
1	13	C2	212
1	13	C2	213
1	13	C2	214
1	13	C2	215
1	13	C2	216
1	13	C2	217
1	13	C2	218
1	13	C2	219
1	13	C2	220
1	13	C2	221
1	13	C2	222
1	13	C2	223
1	13	C2	224
1	13	C2	225
1	13	C2	226
1	13	C2	227
1	13	C2	228
1	13	C2	229
1	13	C2	230
1	13	C2	231
1	13	C2	232
1	13	C2	233
1	13	C2	234
1	13	C2	235
1	13	C2	236
1	13	C2	237
1	13	C2	238
1	13	C2	239
1	13	C2	240
1	13	C2	241
1	13	C2	242
1	13	C2	243
1	13	C2	244
1	13	C2	245
1	13	C2	246
1	13	C2	247
1	13	C2	248
1	13	C2	249
1	13	C2	250
1	13	C2	251
1	13	C2	252
1	13	C2	253
1	13	C2	254
1	13	C2	255
1	13	C2	256
1	13	C2	257
1	13	C2	258
1	13	C2	259
1	13	C2	260
1	13	C2	261
1	13	C2	262
1	13	C2	263
1	13	C2	264
1	13	C2	265
1	13	C2	266
1	13	C2	267
1	13	C2	268
1	13	C2	269
1	13	C2	270
1	13	C2	271
1	13	C2	272
1	13	C2	273
1	13	C2	274
1	13	C2	275
1	13	C2	276
1	13	C2	277
1	13	C2	278
1	13	C2	279
1	13	C2	280
1	13	C2	281
1	13	C2	282
1	13	C2	283
1	13	C2	284
1	13	C2	285
1	13	C2	286
1	13	C2	287
1	13	C2	288
1	13	C2	289
1	13	C2	290
1	13	C2	291
1	13	C2	292
1	13	C2	293
1	13	C2	294
1	13	C2	295
1	13	C2	296
1	13	C2	297
1	13	C2	298
1	13	C2	299
1	13	C2	300
1	13	C2	301
1	13	C2	302
1	13	C2	303
1	13	C2	304
1	13	C2	305
1	13	C2	306
1	13	C2	307
1	13	C2	308
1	13	C2	309
1	13	C2	310
1	13	C2	311
1	13	C2	312
1	13	C2	313
1	13	C2	314
1	13	C2	315
1	13	C2	316
1	13	C2	317
1	13	C2	318
1	13	C2	319
1	13	C2	320
1	13	C2	321
1	13	C2	322
1	13	C2	323
1	13	C2	324
1	13	C2	325
1	13	C2	326
1	13	C2	327
1	13	C2	328
1	13	C2	329
1	13	C2	330
1	13	C2	331
1	13	C2	332
1	13	C2	333
1	13	C2	334
1	13	C2	335
1	13	C2	336
1	13	C2	337
1	13	C2	338
1	13	C2	339
1	13	C2	340
1	13	C2	341
1	13	C2	342
1	13	C2	343
1	13	C2	344
1	13	C2	345
1	13	C2	346
1	13	C2	347
1	13	C2	348
1	13	C3	0
1	13	C3	1
1	13	C3	2
1	13	C3	3
1	13	C3	4
1	13	C3	5
1	13	C3	6
1	13	C3	7
1	13	C3	8
1	13	C3	9
1	13	C3	10
1	13	C3	11
1	13	C3	12
1	13	C3	13
1	13	C3	14
1	13	C3	15
1	13	C3	16
1	13	C3	17
1	13	C3	18
1	13	C3	19
1	13	C3	20
1	13	C3	21
1	13	C3	22
1	13	C3	23
1	13	C3	24
1	13	C3	25
1	13	C3	26
1	13	C3	27
1	13	C3	28
1	13	C3	29
1	13	C3	30
1	13	C3	31
1	13	C3	32
1	13	C3	33
1	13	C3	34
1	13	C3	35
1	13	C3	36
1	13	C3	37
1	13	C3	38
1	13	C3	39
1	13	C3	40
1	13	C3	41
1	13	C3	42
1	13	C3	43
1	13	C3	44
1	13	C3	45
1	13	C3	46
1	13	C3	47
1	13	C3	48
1	13	C3	49
1	13	C3	50
1	13	C3	51
1	13	C3	52
1	13	C3	53
1	13	C3	54
1	13	C3	55
1	13	C3	56
1	13	C3	57
1	13	C3	58
1	13	C3	59
1	13	C3	60
1	13	C3	61
1	13	C3	62
1	13	C3	63
1	13	C3	64
1	13	C3	65
1	13	C3	66
1	13	C3	67
1	13	C3	68
1	13	C3	69
1	13	C3	70
1	13	C3	71
1	13	C3	72
1	13	C3	73
1	13	C3	74
1	13	C3	75
1	13	C3	76
1	13	C3	77
1	13	C3	78
1	13	C3	79
1	13	C3	80
1	13	C3	81
1	13	C3	82
1	13	C3	83
1	13	C3	84
1	13	C3	85
1	13	C3	86
1	13	C3	87
1	13	C3	88
1	13	C3	89
1	13	C3	90
1	13	C3	91
1	13	C3	92
1	13	C3	93
1	13	C3	94
1	13	C3	95
1	13	C3	96
1	13	C3	97
1	13	C3	98
1	13	C3	99
1	13	C3	100
1	13	C3	101
1	13	C3	102
1	13	C3	103
1	13	C3	104
1	13	C3	105
1	13	C3	106
1	13	C3	107
1	13	C3	108
1	13	C3	109
1	13	C3	110
1	13	C3	111
1	13	C3	112
1	13	C3	113
1	13	C3	114
1	13	C3	115
1	13	C3	116
1	13	C3	117
1	13	C3	118
1	13	C3	119
1	13	C3	120
1	13	C3	121
1	13	C3	122
1	13	C3	123
1	13	C3	124
1	13	C3	125
1	13	C3	126
1	13	C3	127
1	13	C3	128
1	13	C3	129
1	13	C3	130
1	13	C3	131
1	13	C3	132
1	13	C3	133
1	13	C3	134
1	13	C3	135
1	13	C3	136
1	13	C3	137
1	13	C3	138
1	13	C3	139
1	13	C3	140
1	13	C3	141
1	13	C3	142
1	13	C3	143
1	13	C3	144
1	13	C3	145
1	13	C3	146
1	13	C3	147
1	13	C3	148
1	13	C3	149
1	13	C3	150
1	13	C3	151
1	13	C3	152
1	13	C3	153
1	13	C3	154
1	13	C3	155
1	13	C3	156
1	13	C3	157
1	13	C3	158
1	13	C3	159
1	13	C3	160
1	13	C3	161
1	13	C3	162
1	13	C3	163
1	13	C3	164
1	13	C3	165
1	13	C3	166
1	13	C3	167
1	13	C3	168
1	13	C3	169
1	13	C3	170
1	13	C3	171
1	13	C3	172
1	13	C3	173
1	13	C3	174
1	13	C3	175
1	13	C3	176
1	13	C3	177
1	13	C3	178
1	13	C3	179
1	13	C3	180
1	13	C3	181
1	13	C3	182
1	13	C3	183
1	13	C3	184
1	13	C3	185
1	13	C3	186
1	13	C3	187
1	13	C3	188
1	13	C3	189
1	13	C3	190
1	13	C3	191
1	13	C3	192
1	13	C3	193
1	13	C3	194
1	13	C3	195
1	13	C3	196
1	13	C3	197
1	13	C3	198
1	13	C3	199
1	13	C3	200
1	13	C3	201
1	13	C3	202
1	13	C3	203
1	13	C3	204
1	13	C3	205
1	13	C3	206
1	13	C3	207
1	13	C3	208
1	13	C3	209
1	13	C3	210
1	13	C3	211
1	13	C3	212
1	13	C3	213
1	13	C3	214
1	13	C3	215
1	13	C3	216
1	13	C3	217
1	13	C3	218
1	13	C3	219
1	13	C3	220
1	13	C3	221
1	13	C3	222
1	13	C3	223
1	13	C3	224
1	13	C3	225
1	13	C3	226
1	13	C3	227
1	13	C3	228
1	13	C3	229
1	13	C3	230
1	13	C3	231
1	13	C3	232
1	13	C3	233
1	13	C3	234
1	13	C3	235
1	13	C3	236
1	13	C3	237
1	13	C3	238
1	13	C3	239
1	13	C3	240
1	13	C3	241
1	13	C3	242
1	13	C3	243
1	13	C3	244
1	13	C3	245
1	13	C3	246
1	13	C3	247
1	13	C3	248
1	13	C3	249
1	13	C3	250
1	13	C3	251
1	13	C3	252
1	13	C3	253
1	13	C3	254
1	13	C3	255
1	13	C3	256
1	13	C3	257
1	13	C3	258
1	13	C3	259
1	13	C3	260
1	13	C3	261
1	13	C3	262
1	13	C3	263
1	13	C3	264
1	13	C3	265
1	13	C3	266
1	13	C3	267
1	13	C3	268
1	13	C3	269
1	13	C3	270
1	13	C3	271
1	13	C3	272
1	13	C3	273
1	13	C3	274
1	13	C3	275
1	13	C3	276
1	13	C3	277
1	13	C3	278
1	13	C3	279
1	13	C3	280
1	13	C3	281
1	13	C3	282
1	13	C3	283
1	13	C3	284
1	13	C3	285
1	13	C3	286
1	13	C3	287
1	13	C3	288
1	13	C3	289
1	13	C3	290
1	13	C3	291
1	13	C3	292
1	13	C3	293
1	13	C3	294
1	13	C3	295
1	13	C3	296
1	13	C3	297
1	13	C3	298
1	13	C3	299
1	13	C3	300
1	13	C3	301
1	13	C3	302
1	13	C3	303
1	13	C3	304
1	13	C3	305
1	13	C3	306
1	13	C3	307
1	13	C3	308
1	13	C3	309
1	13	C3	310
1	13	C3	311
1	13	C3	312
1	13	C3	313
1	13	C3	314
1	13	C3	315
1	13	C3	316
1	13	C3	317
1	13	C3	318
1	13	C3	319
1	13	C3	320
1	13	C3	321
1	13	C3	322
1	13	C3	323
1	13	C3	324
1	13	C3	325
1	13	C3	326
1	13	C3	327
1	13	C3	328
1	13	C3	329
1	13	C3	330
1	13	C3	331
1	13	C3	332
1	13	C3	333
1	13	C3	334
1	13	C3	335
1	13	C3	336
1	13	C3	337
1	13	C3	338
1	13	C3	339
1	13	C3	340
1	13	C3	341
1	13	C3	342
1	13	C3	343
1	13	C3	344
1	13	C3	345
1	13	C3	346
1	13	C3	347
1	13	C3	348
1	13	C4	0
1	13	C4	1
1	13	C4	2
1	13	C4	3
1	13	C4	4
1	13	C4	5
1	13	C4	6
1	13	C4	7
1	13	C4	8
1	13	C4	9
1	13	C4	10
1	13	C4	11
1	13	C4	12
1	13	C4	13
1	13	C4	14
1	13	C4	15
1	13	C4	16
1	13	C4	17
1	13	C4	18
1	13	C4	19
1	13	C4	20
1	13	C4	21
1	13	C4	22
1	13	C4	23
1	13	C4	24
1	13	C4	25
1	13	C4	26
1	13	C4	27
1	13	C4	28
1	13	C4	29
1	13	C4	30
1	13	C4	31
1	13	C4	32
1	13	C4	33
1	13	C4	34
1	13	C4	35
1	13	C4	36
1	13	C4	37
1	13	C4	38
1	13	C4	39
1	13	C4	40
1	13	C4	41
1	13	C4	42
1	13	C4	43
1	13	C4	44
1	13	C4	45
1	13	C4	46
1	13	C4	47
1	13	C4	48
1	13	C4	49
1	13	C4	50
1	13	C4	51
1	13	C4	52
1	13	C4	53
1	13	C4	54
1	13	C4	55
1	13	C4	56
1	13	C4	57
1	13	C4	58
1	13	C4	59
1	13	C4	60
1	13	C4	61
1	13	C4	62
1	13	C4	63
1	13	C4	64
1	13	C4	65
1	13	C4	66
1	13	C4	67
1	13	C4	68
1	13	C4	69
1	13	C4	70
1	13	C4	71
1	13	C4	72
1	13	C4	73
1	13	C4	74
1	13	C4	75
1	13	C4	76
1	13	C4	77
1	13	C4	78
1	13	C4	79
1	13	C4	80
1	13	C4	81
1	13	C4	82
1	13	C4	83
1	13	C4	84
1	13	C4	85
1	13	C4	86
1	13	C4	87
1	13	C4	88
1	13	C4	89
1	13	C4	90
1	13	C4	91
1	13	C4	92
1	13	C4	93
1	13	C4	94
1	13	C4	95
1	13	C4	96
1	13	C4	97
1	13	C4	98
1	13	C4	99
1	13	C4	100
1	13	C4	101
1	13	C4	102
1	13	C4	103
1	13	C4	104
1	13	C4	105
1	13	C4	106
1	13	C4	107
1	13	C4	108
1	13	C4	109
1	13	C4	110
1	13	C4	111
1	13	C4	112
1	13	C4	113
1	13	C4	114
1	13	C4	115
1	13	C4	116
1	13	C4	117
1	13	C4	118
1	13	C4	119
1	13	C4	120
1	13	C4	121
1	13	C4	122
1	13	C4	123
1	13	C4	124
1	13	C4	125
1	13	C4	126
1	13	C4	127
1	13	C4	128
1	13	C4	129
1	13	C4	130
1	13	C4	131
1	13	C4	132
1	13	C4	133
1	13	C4	134
1	13	C4	135
1	13	C4	136
1	13	C4	137
1	13	C4	138
1	13	C4	139
1	13	C4	140
1	13	C4	141
1	13	C4	142
1	13	C4	143
1	13	C4	144
1	13	C4	145
1	13	C4	146
1	13	C4	147
1	13	C4	148
1	13	C4	149
1	13	C4	150
1	13	C4	151
1	13	C4	152
1	13	C4	153
1	13	C4	154
1	13	C4	155
1	13	C4	156
1	13	C4	157
1	13	C4	158
1	13	C4	159
1	13	C4	160
1	13	C4	161
1	13	C4	162
1	13	C4	163
1	13	C4	164
1	13	C4	165
1	13	C4	166
1	13	C4	167
1	13	C4	168
1	13	C4	169
1	13	C4	170
1	13	C4	171
1	13	C4	172
1	13	C4	173
1	13	C4	174
1	13	C4	175
1	13	C4	176
1	13	C4	177
1	13	C4	178
1	13	C4	179
1	13	C4	180
1	13	C4	181
1	13	C4	182
1	13	C4	183
1	13	C4	184
1	13	C4	185
1	13	C4	186
1	13	C4	187
1	13	C4	188
1	13	C4	189
1	13	C4	190
1	13	C4	191
1	13	C4	192
1	13	C4	193
1	13	C4	194
1	13	C4	195
1	13	C4	196
1	13	C4	197
1	13	C4	198
1	13	C4	199
1	13	C4	200
1	13	C4	201
1	13	C4	202
1	13	C4	203
1	13	C4	204
1	13	C4	205
1	13	C4	206
1	13	C4	207
1	13	C4	208
1	13	C4	209
1	13	C4	210
1	13	C4	211
1	13	C4	212
1	13	C4	213
1	13	C4	214
1	13	C4	215
1	13	C4	216
1	13	C4	217
1	13	C4	218
1	13	C4	219
1	13	C4	220
1	13	C4	221
1	13	C4	222
1	13	C4	223
1	13	C4	224
1	13	C4	225
1	13	C4	226
1	13	C4	227
1	13	C4	228
1	13	C4	229
1	13	C4	230
1	13	C4	231
1	13	C4	232
1	13	C4	233
1	13	C4	234
1	13	C4	235
1	13	C4	236
1	13	C4	237
1	13	C4	238
1	13	C4	239
1	13	C4	240
1	13	C4	241
1	13	C4	242
1	13	C4	243
1	13	C4	244
1	13	C4	245
1	13	C4	246
1	13	C4	247
1	13	C4	248
1	13	C4	249
1	13	C4	250
1	13	C4	251
1	13	C4	252
1	13	C4	253
1	13	C4	254
1	13	C4	255
1	13	C4	256
1	13	C4	257
1	13	C4	258
1	13	C4	259
1	13	C4	260
1	13	C4	261
1	13	C4	262
1	13	C4	263
1	13	C4	264
1	13	C4	265
1	13	C4	266
1	13	C4	267
1	13	C4	268
1	13	C4	269
1	13	C4	270
1	13	C4	271
1	13	C4	272
1	13	C4	273
1	13	C4	274
1	13	C4	275
1	13	C4	276
1	13	C4	277
1	13	C4	278
1	13	C4	279
1	13	C4	280
1	13	C4	281
1	13	C4	282
1	13	C4	283
1	13	C4	284
1	13	C4	285
1	13	C4	286
1	13	C4	287
1	13	C4	288
1	13	C4	289
1	13	C4	290
1	13	C4	291
1	13	C4	292
1	13	C4	293
1	13	C4	294
1	13	C4	295
1	13	C4	296
1	13	C4	297
1	13	C4	298
1	13	C4	299
1	13	C4	300
1	13	C4	301
1	13	C4	302
1	13	C4	303
1	13	C4	304
1	13	C4	305
1	13	C4	306
1	13	C4	307
1	13	C4	308
1	13	C4	309
1	13	C4	310
1	13	C4	311
1	13	C4	312
1	13	C4	313
1	13	C4	314
1	13	C4	315
1	13	C4	316
1	13	C4	317
1	13	C4	318
1	13	C4	319
1	13	C4	320
1	13	C4	321
1	13	C4	322
1	13	C4	323
1	13	C4	324
1	13	C4	325
1	13	C4	326
1	13	C4	327
1	13	C4	328
1	13	C4	329
1	13	C4	330
1	13	C4	331
1	13	C4	332
1	13	C4	333
1	13	C4	334
1	13	C4	335
1	13	C4	336
1	13	C4	337
1	13	C4	338
1	13	C4	339
1	13	C4	340
1	13	C4	341
1	13	C4	342
1	13	C4	343
1	13	C4	344
1	13	C4	345
1	13	C4	346
1	13	C4	347
1	13	C4	348
1	14	A1	0
1	14	A1	1
1	14	A1	2
1	14	A1	3
1	14	A1	4
1	14	A1	5
1	14	A1	6
1	14	A1	7
1	14	A1	8
1	14	A1	9
1	14	A1	10
1	14	A1	11
1	14	A1	12
1	14	A1	13
1	14	A1	14
1	14	A1	15
1	14	A1	16
1	14	A1	17
1	14	A1	18
1	14	A1	19
1	14	A1	20
1	14	A1	21
1	14	A1	22
1	14	A1	23
1	14	A1	24
1	14	A1	25
1	14	A1	26
1	14	A1	27
1	14	A1	28
1	14	A1	29
1	14	A1	30
1	14	A1	31
1	14	A1	32
1	14	A1	33
1	14	A1	34
1	14	A1	35
1	14	A1	36
1	14	A1	37
1	14	A1	38
1	14	A1	39
1	14	A1	40
1	14	A1	41
1	14	A1	42
1	14	A1	43
1	14	A1	44
1	14	A1	45
1	14	A1	46
1	14	A1	47
1	14	A1	48
1	14	A1	49
1	14	A1	50
1	14	A1	51
1	14	A1	52
1	14	A1	53
1	14	A1	54
1	14	A1	55
1	14	A1	56
1	14	A1	57
1	14	A1	58
1	14	A1	59
1	14	A1	60
1	14	A1	61
1	14	A1	62
1	14	A1	63
1	14	A1	64
1	14	A1	65
1	14	A1	66
1	14	A1	67
1	14	A1	68
1	14	A1	69
1	14	A1	70
1	14	A1	71
1	14	A1	72
1	14	A1	73
1	14	A1	74
1	14	A1	75
1	14	A1	76
1	14	A1	77
1	14	A1	78
1	14	A1	79
1	14	A1	80
1	14	A1	81
1	14	A1	82
1	14	A1	83
1	14	A1	84
1	14	A1	85
1	14	A1	86
1	14	A1	87
1	14	A1	88
1	14	A1	89
1	14	A1	90
1	14	A1	91
1	14	A1	92
1	14	A1	93
1	14	A1	94
1	14	A1	95
1	14	A1	96
1	14	A1	97
1	14	A1	98
1	14	A1	99
1	14	A1	100
1	14	A1	101
1	14	A1	102
1	14	A1	103
1	14	A1	104
1	14	A1	105
1	14	A1	106
1	14	A1	107
1	14	A1	108
1	14	A1	109
1	14	A1	110
1	14	A1	111
1	14	A1	112
1	14	A1	113
1	14	A1	114
1	14	A1	115
1	14	A1	116
1	14	A1	117
1	14	A1	118
1	14	A1	119
1	14	A1	120
1	14	A1	121
1	14	A1	122
1	14	A1	123
1	14	A1	124
1	14	A1	125
1	14	A1	126
1	14	A1	127
1	14	A1	128
1	14	A1	129
1	14	A1	130
1	14	A1	131
1	14	A1	132
1	14	A1	133
1	14	A1	134
1	14	A1	135
1	14	A1	136
1	14	A1	137
1	14	A1	138
1	14	A1	139
1	14	A1	140
1	14	A1	141
1	14	A1	142
1	14	A1	143
1	14	A1	144
1	14	A1	145
1	14	A1	146
1	14	A1	147
1	14	A1	148
1	14	A1	149
1	14	A1	150
1	14	A1	151
1	14	A1	152
1	14	A1	153
1	14	A1	154
1	14	A1	155
1	14	A1	156
1	14	A1	157
1	14	A1	158
1	14	A1	159
1	14	A1	160
1	14	A1	161
1	14	A1	162
1	14	A1	163
1	14	A1	164
1	14	A1	165
1	14	A1	166
1	14	A1	167
1	14	A1	168
1	14	A1	169
1	14	A1	170
1	14	A1	171
1	14	A1	172
1	14	A1	173
1	14	A1	174
1	14	A1	175
1	14	A1	176
1	14	A1	177
1	14	A1	178
1	14	A1	179
1	14	A1	180
1	14	A1	181
1	14	A1	182
1	14	A1	183
1	14	A1	184
1	14	A1	185
1	14	A1	186
1	14	A1	187
1	14	A1	188
1	14	A1	189
1	14	A1	190
1	14	A1	191
1	14	A1	192
1	14	A1	193
1	14	A1	194
1	14	A1	195
1	14	A1	196
1	14	A1	197
1	14	A1	198
1	14	A1	199
1	14	A1	200
1	14	A1	201
1	14	A1	202
1	14	A1	203
1	14	A1	204
1	14	A1	205
1	14	A1	206
1	14	A1	207
1	14	A1	208
1	14	A1	209
1	14	A1	210
1	14	A1	211
1	14	A1	212
1	14	A1	213
1	14	A1	214
1	14	A1	215
1	14	A1	216
1	14	A1	217
1	14	A1	218
1	14	A1	219
1	14	A1	220
1	14	A1	221
1	14	A1	222
1	14	A1	223
1	14	A1	224
1	14	A1	225
1	14	A1	226
1	14	A1	227
1	14	A1	228
1	14	A1	229
1	14	A1	230
1	14	A1	231
1	14	A1	232
1	14	A1	233
1	14	A1	234
1	14	A1	235
1	14	A1	236
1	14	A1	237
1	14	A1	238
1	14	A1	239
1	14	A1	240
1	14	A1	241
1	14	A1	242
1	14	A1	243
1	14	A1	244
1	14	A1	245
1	14	A1	246
1	14	A1	247
1	14	A1	248
1	14	A1	249
1	14	A1	250
1	14	A1	251
1	14	A1	252
1	14	A1	253
1	14	A1	254
1	14	A1	255
1	14	A1	256
1	14	A1	257
1	14	A1	258
1	14	A1	259
1	14	A1	260
1	14	A1	261
1	14	A1	262
1	14	A1	263
1	14	A1	264
1	14	A1	265
1	14	A1	266
1	14	A1	267
1	14	A1	268
1	14	A1	269
1	14	A1	270
1	14	A1	271
1	14	A1	272
1	14	A1	273
1	14	A1	274
1	14	A1	275
1	14	A1	276
1	14	A1	277
1	14	A1	278
1	14	A1	279
1	14	A1	280
1	14	A1	281
1	14	A1	282
1	14	A1	283
1	14	A1	284
1	14	A1	285
1	14	A1	286
1	14	A1	287
1	14	A1	288
1	14	A1	289
1	14	A1	290
1	14	A1	291
1	14	A1	292
1	14	A1	293
1	14	A1	294
1	14	A1	295
1	14	A1	296
1	14	A1	297
1	14	A1	298
1	14	A1	299
1	14	A1	300
1	14	A1	301
1	14	A1	302
1	14	A1	303
1	14	A1	304
1	14	A1	305
1	14	A1	306
1	14	A1	307
1	14	A1	308
1	14	A1	309
1	14	A1	310
1	14	A1	311
1	14	A1	312
1	14	A1	313
1	14	A1	314
1	14	A1	315
1	14	A1	316
1	14	A1	317
1	14	A1	318
1	14	A1	319
1	14	A1	320
1	14	A1	321
1	14	A1	322
1	14	A1	323
1	14	A1	324
1	14	A1	325
1	14	A1	326
1	14	A1	327
1	14	A1	328
1	14	A1	329
1	14	A1	330
1	14	A1	331
1	14	A1	332
1	14	A1	333
1	14	A1	334
1	14	A1	335
1	14	A1	336
1	14	A1	337
1	14	A1	338
1	14	A1	339
1	14	A1	340
1	14	A1	341
1	14	A1	342
1	14	A1	343
1	14	A1	344
1	14	A1	345
1	14	A1	346
1	14	A1	347
1	14	A1	348
1	14	A2	0
1	14	A2	1
1	14	A2	2
1	14	A2	3
1	14	A2	4
1	14	A2	5
1	14	A2	6
1	14	A2	7
1	14	A2	8
1	14	A2	9
1	14	A2	10
1	14	A2	11
1	14	A2	12
1	14	A2	13
1	14	A2	14
1	14	A2	15
1	14	A2	16
1	14	A2	17
1	14	A2	18
1	14	A2	19
1	14	A2	20
1	14	A2	21
1	14	A2	22
1	14	A2	23
1	14	A2	24
1	14	A2	25
1	14	A2	26
1	14	A2	27
1	14	A2	28
1	14	A2	29
1	14	A2	30
1	14	A2	31
1	14	A2	32
1	14	A2	33
1	14	A2	34
1	14	A2	35
1	14	A2	36
1	14	A2	37
1	14	A2	38
1	14	A2	39
1	14	A2	40
1	14	A2	41
1	14	A2	42
1	14	A2	43
1	14	A2	44
1	14	A2	45
1	14	A2	46
1	14	A2	47
1	14	A2	48
1	14	A2	49
1	14	A2	50
1	14	A2	51
1	14	A2	52
1	14	A2	53
1	14	A2	54
1	14	A2	55
1	14	A2	56
1	14	A2	57
1	14	A2	58
1	14	A2	59
1	14	A2	60
1	14	A2	61
1	14	A2	62
1	14	A2	63
1	14	A2	64
1	14	A2	65
1	14	A2	66
1	14	A2	67
1	14	A2	68
1	14	A2	69
1	14	A2	70
1	14	A2	71
1	14	A2	72
1	14	A2	73
1	14	A2	74
1	14	A2	75
1	14	A2	76
1	14	A2	77
1	14	A2	78
1	14	A2	79
1	14	A2	80
1	14	A2	81
1	14	A2	82
1	14	A2	83
1	14	A2	84
1	14	A2	85
1	14	A2	86
1	14	A2	87
1	14	A2	88
1	14	A2	89
1	14	A2	90
1	14	A2	91
1	14	A2	92
1	14	A2	93
1	14	A2	94
1	14	A2	95
1	14	A2	96
1	14	A2	97
1	14	A2	98
1	14	A2	99
1	14	A2	100
1	14	A2	101
1	14	A2	102
1	14	A2	103
1	14	A2	104
1	14	A2	105
1	14	A2	106
1	14	A2	107
1	14	A2	108
1	14	A2	109
1	14	A2	110
1	14	A2	111
1	14	A2	112
1	14	A2	113
1	14	A2	114
1	14	A2	115
1	14	A2	116
1	14	A2	117
1	14	A2	118
1	14	A2	119
1	14	A2	120
1	14	A2	121
1	14	A2	122
1	14	A2	123
1	14	A2	124
1	14	A2	125
1	14	A2	126
1	14	A2	127
1	14	A2	128
1	14	A2	129
1	14	A2	130
1	14	A2	131
1	14	A2	132
1	14	A2	133
1	14	A2	134
1	14	A2	135
1	14	A2	136
1	14	A2	137
1	14	A2	138
1	14	A2	139
1	14	A2	140
1	14	A2	141
1	14	A2	142
1	14	A2	143
1	14	A2	144
1	14	A2	145
1	14	A2	146
1	14	A2	147
1	14	A2	148
1	14	A2	149
1	14	A2	150
1	14	A2	151
1	14	A2	152
1	14	A2	153
1	14	A2	154
1	14	A2	155
1	14	A2	156
1	14	A2	157
1	14	A2	158
1	14	A2	159
1	14	A2	160
1	14	A2	161
1	14	A2	162
1	14	A2	163
1	14	A2	164
1	14	A2	165
1	14	A2	166
1	14	A2	167
1	14	A2	168
1	14	A2	169
1	14	A2	170
1	14	A2	171
1	14	A2	172
1	14	A2	173
1	14	A2	174
1	14	A2	175
1	14	A2	176
1	14	A2	177
1	14	A2	178
1	14	A2	179
1	14	A2	180
1	14	A2	181
1	14	A2	182
1	14	A2	183
1	14	A2	184
1	14	A2	185
1	14	A2	186
1	14	A2	187
1	14	A2	188
1	14	A2	189
1	14	A2	190
1	14	A2	191
1	14	A2	192
1	14	A2	193
1	14	A2	194
1	14	A2	195
1	14	A2	196
1	14	A2	197
1	14	A2	198
1	14	A2	199
1	14	A2	200
1	14	A2	201
1	14	A2	202
1	14	A2	203
1	14	A2	204
1	14	A2	205
1	14	A2	206
1	14	A2	207
1	14	A2	208
1	14	A2	209
1	14	A2	210
1	14	A2	211
1	14	A2	212
1	14	A2	213
1	14	A2	214
1	14	A2	215
1	14	A2	216
1	14	A2	217
1	14	A2	218
1	14	A2	219
1	14	A2	220
1	14	A2	221
1	14	A2	222
1	14	A2	223
1	14	A2	224
1	14	A2	225
1	14	A2	226
1	14	A2	227
1	14	A2	228
1	14	A2	229
1	14	A2	230
1	14	A2	231
1	14	A2	232
1	14	A2	233
1	14	A2	234
1	14	A2	235
1	14	A2	236
1	14	A2	237
1	14	A2	238
1	14	A2	239
1	14	A2	240
1	14	A2	241
1	14	A2	242
1	14	A2	243
1	14	A2	244
1	14	A2	245
1	14	A2	246
1	14	A2	247
1	14	A2	248
1	14	A2	249
1	14	A2	250
1	14	A2	251
1	14	A2	252
1	14	A2	253
1	14	A2	254
1	14	A2	255
1	14	A2	256
1	14	A2	257
1	14	A2	258
1	14	A2	259
1	14	A2	260
1	14	A2	261
1	14	A2	262
1	14	A2	263
1	14	A2	264
1	14	A2	265
1	14	A2	266
1	14	A2	267
1	14	A2	268
1	14	A2	269
1	14	A2	270
1	14	A2	271
1	14	A2	272
1	14	A2	273
1	14	A2	274
1	14	A2	275
1	14	A2	276
1	14	A2	277
1	14	A2	278
1	14	A2	279
1	14	A2	280
1	14	A2	281
1	14	A2	282
1	14	A2	283
1	14	A2	284
1	14	A2	285
1	14	A2	286
1	14	A2	287
1	14	A2	288
1	14	A2	289
1	14	A2	290
1	14	A2	291
1	14	A2	292
1	14	A2	293
1	14	A2	294
1	14	A2	295
1	14	A2	296
1	14	A2	297
1	14	A2	298
1	14	A2	299
1	14	A2	300
1	14	A2	301
1	14	A2	302
1	14	A2	303
1	14	A2	304
1	14	A2	305
1	14	A2	306
1	14	A2	307
1	14	A2	308
1	14	A2	309
1	14	A2	310
1	14	A2	311
1	14	A2	312
1	14	A2	313
1	14	A2	314
1	14	A2	315
1	14	A2	316
1	14	A2	317
1	14	A2	318
1	14	A2	319
1	14	A2	320
1	14	A2	321
1	14	A2	322
1	14	A2	323
1	14	A2	324
1	14	A2	325
1	14	A2	326
1	14	A2	327
1	14	A2	328
1	14	A2	329
1	14	A2	330
1	14	A2	331
1	14	A2	332
1	14	A2	333
1	14	A2	334
1	14	A2	335
1	14	A2	336
1	14	A2	337
1	14	A2	338
1	14	A2	339
1	14	A2	340
1	14	A2	341
1	14	A2	342
1	14	A2	343
1	14	A2	344
1	14	A2	345
1	14	A2	346
1	14	A2	347
1	14	A2	348
1	14	C2	0
1	14	C2	1
1	14	C2	2
1	14	C2	3
1	14	C2	4
1	14	C2	5
1	14	C2	6
1	14	C2	7
1	14	C2	8
1	14	C2	9
1	14	C2	10
1	14	C2	11
1	14	C2	12
1	14	C2	13
1	14	C2	14
1	14	C2	15
1	14	C2	16
1	14	C2	17
1	14	C2	18
1	14	C2	19
1	14	C2	20
1	14	C2	21
1	14	C2	22
1	14	C2	23
1	14	C2	24
1	14	C2	25
1	14	C2	26
1	14	C2	27
1	14	C2	28
1	14	C2	29
1	14	C2	30
1	14	C2	31
1	14	C2	32
1	14	C2	33
1	14	C2	34
1	14	C2	35
1	14	C2	36
1	14	C2	37
1	14	C2	38
1	14	C2	39
1	14	C2	40
1	14	C2	41
1	14	C2	42
1	14	C2	43
1	14	C2	44
1	14	C2	45
1	14	C2	46
1	14	C2	47
1	14	C2	48
1	14	C2	49
1	14	C2	50
1	14	C2	51
1	14	C2	52
1	14	C2	53
1	14	C2	54
1	14	C2	55
1	14	C2	56
1	14	C2	57
1	14	C2	58
1	14	C2	59
1	14	C2	60
1	14	C2	61
1	14	C2	62
1	14	C2	63
1	14	C2	64
1	14	C2	65
1	14	C2	66
1	14	C2	67
1	14	C2	68
1	14	C2	69
1	14	C2	70
1	14	C2	71
1	14	C2	72
1	14	C2	73
1	14	C2	74
1	14	C2	75
1	14	C2	76
1	14	C2	77
1	14	C2	78
1	14	C2	79
1	14	C2	80
1	14	C2	81
1	14	C2	82
1	14	C2	83
1	14	C2	84
1	14	C2	85
1	14	C2	86
1	14	C2	87
1	14	C2	88
1	14	C2	89
1	14	C2	90
1	14	C2	91
1	14	C2	92
1	14	C2	93
1	14	C2	94
1	14	C2	95
1	14	C2	96
1	14	C2	97
1	14	C2	98
1	14	C2	99
1	14	C2	100
1	14	C2	101
1	14	C2	102
1	14	C2	103
1	14	C2	104
1	14	C2	105
1	14	C2	106
1	14	C2	107
1	14	C2	108
1	14	C2	109
1	14	C2	110
1	14	C2	111
1	14	C2	112
1	14	C2	113
1	14	C2	114
1	14	C2	115
1	14	C2	116
1	14	C2	117
1	14	C2	118
1	14	C2	119
1	14	C2	120
1	14	C2	121
1	14	C2	122
1	14	C2	123
1	14	C2	124
1	14	C2	125
1	14	C2	126
1	14	C2	127
1	14	C2	128
1	14	C2	129
1	14	C2	130
1	14	C2	131
1	14	C2	132
1	14	C2	133
1	14	C2	134
1	14	C2	135
1	14	C2	136
1	14	C2	137
1	14	C2	138
1	14	C2	139
1	14	C2	140
1	14	C2	141
1	14	C2	142
1	14	C2	143
1	14	C2	144
1	14	C2	145
1	14	C2	146
1	14	C2	147
1	14	C2	148
1	14	C2	149
1	14	C2	150
1	14	C2	151
1	14	C2	152
1	14	C2	153
1	14	C2	154
1	14	C2	155
1	14	C2	156
1	14	C2	157
1	14	C2	158
1	14	C2	159
1	14	C2	160
1	14	C2	161
1	14	C2	162
1	14	C2	163
1	14	C2	164
1	14	C2	165
1	14	C2	166
1	14	C2	167
1	14	C2	168
1	14	C2	169
1	14	C2	170
1	14	C2	171
1	14	C2	172
1	14	C2	173
1	14	C2	174
1	14	C2	175
1	14	C2	176
1	14	C2	177
1	14	C2	178
1	14	C2	179
1	14	C2	180
1	14	C2	181
1	14	C2	182
1	14	C2	183
1	14	C2	184
1	14	C2	185
1	14	C2	186
1	14	C2	187
1	14	C2	188
1	14	C2	189
1	14	C2	190
1	14	C2	191
1	14	C2	192
1	14	C2	193
1	14	C2	194
1	14	C2	195
1	14	C2	196
1	14	C2	197
1	14	C2	198
1	14	C2	199
1	14	C2	200
1	14	C2	201
1	14	C2	202
1	14	C2	203
1	14	C2	204
1	14	C2	205
1	14	C2	206
1	14	C2	207
1	14	C2	208
1	14	C2	209
1	14	C2	210
1	14	C2	211
1	14	C2	212
1	14	C2	213
1	14	C2	214
1	14	C2	215
1	14	C2	216
1	14	C2	217
1	14	C2	218
1	14	C2	219
1	14	C2	220
1	14	C2	221
1	14	C2	222
1	14	C2	223
1	14	C2	224
1	14	C2	225
1	14	C2	226
1	14	C2	227
1	14	C2	228
1	14	C2	229
1	14	C2	230
1	14	C2	231
1	14	C2	232
1	14	C2	233
1	14	C2	234
1	14	C2	235
1	14	C2	236
1	14	C2	237
1	14	C2	238
1	14	C2	239
1	14	C2	240
1	14	C2	241
1	14	C2	242
1	14	C2	243
1	14	C2	244
1	14	C2	245
1	14	C2	246
1	14	C2	247
1	14	C2	248
1	14	C2	249
1	14	C2	250
1	14	C2	251
1	14	C2	252
1	14	C2	253
1	14	C2	254
1	14	C2	255
1	14	C2	256
1	14	C2	257
1	14	C2	258
1	14	C2	259
1	14	C2	260
1	14	C2	261
1	14	C2	262
1	14	C2	263
1	14	C2	264
1	14	C2	265
1	14	C2	266
1	14	C2	267
1	14	C2	268
1	14	C2	269
1	14	C2	270
1	14	C2	271
1	14	C2	272
1	14	C2	273
1	14	C2	274
1	14	C2	275
1	14	C2	276
1	14	C2	277
1	14	C2	278
1	14	C2	279
1	14	C2	280
1	14	C2	281
1	14	C2	282
1	14	C2	283
1	14	C2	284
1	14	C2	285
1	14	C2	286
1	14	C2	287
1	14	C2	288
1	14	C2	289
1	14	C2	290
1	14	C2	291
1	14	C2	292
1	14	C2	293
1	14	C2	294
1	14	C2	295
1	14	C2	296
1	14	C2	297
1	14	C2	298
1	14	C2	299
1	14	C2	300
1	14	C2	301
1	14	C2	302
1	14	C2	303
1	14	C2	304
1	14	C2	305
1	14	C2	306
1	14	C2	307
1	14	C2	308
1	14	C2	309
1	14	C2	310
1	14	C2	311
1	14	C2	312
1	14	C2	313
1	14	C2	314
1	14	C2	315
1	14	C2	316
1	14	C2	317
1	14	C2	318
1	14	C2	319
1	14	C2	320
1	14	C2	321
1	14	C2	322
1	14	C2	323
1	14	C2	324
1	14	C2	325
1	14	C2	326
1	14	C2	327
1	14	C2	328
1	14	C2	329
1	14	C2	330
1	14	C2	331
1	14	C2	332
1	14	C2	333
1	14	C2	334
1	14	C2	335
1	14	C2	336
1	14	C2	337
1	14	C2	338
1	14	C2	339
1	14	C2	340
1	14	C2	341
1	14	C2	342
1	14	C2	343
1	14	C2	344
1	14	C2	345
1	14	C2	346
1	14	C2	347
1	14	C2	348
1	14	C3	0
1	14	C3	1
1	14	C3	2
1	14	C3	3
1	14	C3	4
1	14	C3	5
1	14	C3	6
1	14	C3	7
1	14	C3	8
1	14	C3	9
1	14	C3	10
1	14	C3	11
1	14	C3	12
1	14	C3	13
1	14	C3	14
1	14	C3	15
1	14	C3	16
1	14	C3	17
1	14	C3	18
1	14	C3	19
1	14	C3	20
1	14	C3	21
1	14	C3	22
1	14	C3	23
1	14	C3	24
1	14	C3	25
1	14	C3	26
1	14	C3	27
1	14	C3	28
1	14	C3	29
1	14	C3	30
1	14	C3	31
1	14	C3	32
1	14	C3	33
1	14	C3	34
1	14	C3	35
1	14	C3	36
1	14	C3	37
1	14	C3	38
1	14	C3	39
1	14	C3	40
1	14	C3	41
1	14	C3	42
1	14	C3	43
1	14	C3	44
1	14	C3	45
1	14	C3	46
1	14	C3	47
1	14	C3	48
1	14	C3	49
1	14	C3	50
1	14	C3	51
1	14	C3	52
1	14	C3	53
1	14	C3	54
1	14	C3	55
1	14	C3	56
1	14	C3	57
1	14	C3	58
1	14	C3	59
1	14	C3	60
1	14	C3	61
1	14	C3	62
1	14	C3	63
1	14	C3	64
1	14	C3	65
1	14	C3	66
1	14	C3	67
1	14	C3	68
1	14	C3	69
1	14	C3	70
1	14	C3	71
1	14	C3	72
1	14	C3	73
1	14	C3	74
1	14	C3	75
1	14	C3	76
1	14	C3	77
1	14	C3	78
1	14	C3	79
1	14	C3	80
1	14	C3	81
1	14	C3	82
1	14	C3	83
1	14	C3	84
1	14	C3	85
1	14	C3	86
1	14	C3	87
1	14	C3	88
1	14	C3	89
1	14	C3	90
1	14	C3	91
1	14	C3	92
1	14	C3	93
1	14	C3	94
1	14	C3	95
1	14	C3	96
1	14	C3	97
1	14	C3	98
1	14	C3	99
1	14	C3	100
1	14	C3	101
1	14	C3	102
1	14	C3	103
1	14	C3	104
1	14	C3	105
1	14	C3	106
1	14	C3	107
1	14	C3	108
1	14	C3	109
1	14	C3	110
1	14	C3	111
1	14	C3	112
1	14	C3	113
1	14	C3	114
1	14	C3	115
1	14	C3	116
1	14	C3	117
1	14	C3	118
1	14	C3	119
1	14	C3	120
1	14	C3	121
1	14	C3	122
1	14	C3	123
1	14	C3	124
1	14	C3	125
1	14	C3	126
1	14	C3	127
1	14	C3	128
1	14	C3	129
1	14	C3	130
1	14	C3	131
1	14	C3	132
1	14	C3	133
1	14	C3	134
1	14	C3	135
1	14	C3	136
1	14	C3	137
1	14	C3	138
1	14	C3	139
1	14	C3	140
1	14	C3	141
1	14	C3	142
1	14	C3	143
1	14	C3	144
1	14	C3	145
1	14	C3	146
1	14	C3	147
1	14	C3	148
1	14	C3	149
1	14	C3	150
1	14	C3	151
1	14	C3	152
1	14	C3	153
1	14	C3	154
1	14	C3	155
1	14	C3	156
1	14	C3	157
1	14	C3	158
1	14	C3	159
1	14	C3	160
1	14	C3	161
1	14	C3	162
1	14	C3	163
1	14	C3	164
1	14	C3	165
1	14	C3	166
1	14	C3	167
1	14	C3	168
1	14	C3	169
1	14	C3	170
1	14	C3	171
1	14	C3	172
1	14	C3	173
1	14	C3	174
1	14	C3	175
1	14	C3	176
1	14	C3	177
1	14	C3	178
1	14	C3	179
1	14	C3	180
1	14	C3	181
1	14	C3	182
1	14	C3	183
1	14	C3	184
1	14	C3	185
1	14	C3	186
1	14	C3	187
1	14	C3	188
1	14	C3	189
1	14	C3	190
1	14	C3	191
1	14	C3	192
1	14	C3	193
1	14	C3	194
1	14	C3	195
1	14	C3	196
1	14	C3	197
1	14	C3	198
1	14	C3	199
1	14	C3	200
1	14	C3	201
1	14	C3	202
1	14	C3	203
1	14	C3	204
1	14	C3	205
1	14	C3	206
1	14	C3	207
1	14	C3	208
1	14	C3	209
1	14	C3	210
1	14	C3	211
1	14	C3	212
1	14	C3	213
1	14	C3	214
1	14	C3	215
1	14	C3	216
1	14	C3	217
1	14	C3	218
1	14	C3	219
1	14	C3	220
1	14	C3	221
1	14	C3	222
1	14	C3	223
1	14	C3	224
1	14	C3	225
1	14	C3	226
1	14	C3	227
1	14	C3	228
1	14	C3	229
1	14	C3	230
1	14	C3	231
1	14	C3	232
1	14	C3	233
1	14	C3	234
1	14	C3	235
1	14	C3	236
1	14	C3	237
1	14	C3	238
1	14	C3	239
1	14	C3	240
1	14	C3	241
1	14	C3	242
1	14	C3	243
1	14	C3	244
1	14	C3	245
1	14	C3	246
1	14	C3	247
1	14	C3	248
1	14	C3	249
1	14	C3	250
1	14	C3	251
1	14	C3	252
1	14	C3	253
1	14	C3	254
1	14	C3	255
1	14	C3	256
1	14	C3	257
1	14	C3	258
1	14	C3	259
1	14	C3	260
1	14	C3	261
1	14	C3	262
1	14	C3	263
1	14	C3	264
1	14	C3	265
1	14	C3	266
1	14	C3	267
1	14	C3	268
1	14	C3	269
1	14	C3	270
1	14	C3	271
1	14	C3	272
1	14	C3	273
1	14	C3	274
1	14	C3	275
1	14	C3	276
1	14	C3	277
1	14	C3	278
1	14	C3	279
1	14	C3	280
1	14	C3	281
1	14	C3	282
1	14	C3	283
1	14	C3	284
1	14	C3	285
1	14	C3	286
1	14	C3	287
1	14	C3	288
1	14	C3	289
1	14	C3	290
1	14	C3	291
1	14	C3	292
1	14	C3	293
1	14	C3	294
1	14	C3	295
1	14	C3	296
1	14	C3	297
1	14	C3	298
1	14	C3	299
1	14	C3	300
1	14	C3	301
1	14	C3	302
1	14	C3	303
1	14	C3	304
1	14	C3	305
1	14	C3	306
1	14	C3	307
1	14	C3	308
1	14	C3	309
1	14	C3	310
1	14	C3	311
1	14	C3	312
1	14	C3	313
1	14	C3	314
1	14	C3	315
1	14	C3	316
1	14	C3	317
1	14	C3	318
1	14	C3	319
1	14	C3	320
1	14	C3	321
1	14	C3	322
1	14	C3	323
1	14	C3	324
1	14	C3	325
1	14	C3	326
1	14	C3	327
1	14	C3	328
1	14	C3	329
1	14	C3	330
1	14	C3	331
1	14	C3	332
1	14	C3	333
1	14	C3	334
1	14	C3	335
1	14	C3	336
1	14	C3	337
1	14	C3	338
1	14	C3	339
1	14	C3	340
1	14	C3	341
1	14	C3	342
1	14	C3	343
1	14	C3	344
1	14	C3	345
1	14	C3	346
1	14	C3	347
1	14	C3	348
1	14	C4	0
1	14	C4	1
1	14	C4	2
1	14	C4	3
1	14	C4	4
1	14	C4	5
1	14	C4	6
1	14	C4	7
1	14	C4	8
1	14	C4	9
1	14	C4	10
1	14	C4	11
1	14	C4	12
1	14	C4	13
1	14	C4	14
1	14	C4	15
1	14	C4	16
1	14	C4	17
1	14	C4	18
1	14	C4	19
1	14	C4	20
1	14	C4	21
1	14	C4	22
1	14	C4	23
1	14	C4	24
1	14	C4	25
1	14	C4	26
1	14	C4	27
1	14	C4	28
1	14	C4	29
1	14	C4	30
1	14	C4	31
1	14	C4	32
1	14	C4	33
1	14	C4	34
1	14	C4	35
1	14	C4	36
1	14	C4	37
1	14	C4	38
1	14	C4	39
1	14	C4	40
1	14	C4	41
1	14	C4	42
1	14	C4	43
1	14	C4	44
1	14	C4	45
1	14	C4	46
1	14	C4	47
1	14	C4	48
1	14	C4	49
1	14	C4	50
1	14	C4	51
1	14	C4	52
1	14	C4	53
1	14	C4	54
1	14	C4	55
1	14	C4	56
1	14	C4	57
1	14	C4	58
1	14	C4	59
1	14	C4	60
1	14	C4	61
1	14	C4	62
1	14	C4	63
1	14	C4	64
1	14	C4	65
1	14	C4	66
1	14	C4	67
1	14	C4	68
1	14	C4	69
1	14	C4	70
1	14	C4	71
1	14	C4	72
1	14	C4	73
1	14	C4	74
1	14	C4	75
1	14	C4	76
1	14	C4	77
1	14	C4	78
1	14	C4	79
1	14	C4	80
1	14	C4	81
1	14	C4	82
1	14	C4	83
1	14	C4	84
1	14	C4	85
1	14	C4	86
1	14	C4	87
1	14	C4	88
1	14	C4	89
1	14	C4	90
1	14	C4	91
1	14	C4	92
1	14	C4	93
1	14	C4	94
1	14	C4	95
1	14	C4	96
1	14	C4	97
1	14	C4	98
1	14	C4	99
1	14	C4	100
1	14	C4	101
1	14	C4	102
1	14	C4	103
1	14	C4	104
1	14	C4	105
1	14	C4	106
1	14	C4	107
1	14	C4	108
1	14	C4	109
1	14	C4	110
1	14	C4	111
1	14	C4	112
1	14	C4	113
1	14	C4	114
1	14	C4	115
1	14	C4	116
1	14	C4	117
1	14	C4	118
1	14	C4	119
1	14	C4	120
1	14	C4	121
1	14	C4	122
1	14	C4	123
1	14	C4	124
1	14	C4	125
1	14	C4	126
1	14	C4	127
1	14	C4	128
1	14	C4	129
1	14	C4	130
1	14	C4	131
1	14	C4	132
1	14	C4	133
1	14	C4	134
1	14	C4	135
1	14	C4	136
1	14	C4	137
1	14	C4	138
1	14	C4	139
1	14	C4	140
1	14	C4	141
1	14	C4	142
1	14	C4	143
1	14	C4	144
1	14	C4	145
1	14	C4	146
1	14	C4	147
1	14	C4	148
1	14	C4	149
1	14	C4	150
1	14	C4	151
1	14	C4	152
1	14	C4	153
1	14	C4	154
1	14	C4	155
1	14	C4	156
1	14	C4	157
1	14	C4	158
1	14	C4	159
1	14	C4	160
1	14	C4	161
1	14	C4	162
1	14	C4	163
1	14	C4	164
1	14	C4	165
1	14	C4	166
1	14	C4	167
1	14	C4	168
1	14	C4	169
1	14	C4	170
1	14	C4	171
1	14	C4	172
1	14	C4	173
1	14	C4	174
1	14	C4	175
1	14	C4	176
1	14	C4	177
1	14	C4	178
1	14	C4	179
1	14	C4	180
1	14	C4	181
1	14	C4	182
1	14	C4	183
1	14	C4	184
1	14	C4	185
1	14	C4	186
1	14	C4	187
1	14	C4	188
1	14	C4	189
1	14	C4	190
1	14	C4	191
1	14	C4	192
1	14	C4	193
1	14	C4	194
1	14	C4	195
1	14	C4	196
1	14	C4	197
1	14	C4	198
1	14	C4	199
1	14	C4	200
1	14	C4	201
1	14	C4	202
1	14	C4	203
1	14	C4	204
1	14	C4	205
1	14	C4	206
1	14	C4	207
1	14	C4	208
1	14	C4	209
1	14	C4	210
1	14	C4	211
1	14	C4	212
1	14	C4	213
1	14	C4	214
1	14	C4	215
1	14	C4	216
1	14	C4	217
1	14	C4	218
1	14	C4	219
1	14	C4	220
1	14	C4	221
1	14	C4	222
1	14	C4	223
1	14	C4	224
1	14	C4	225
1	14	C4	226
1	14	C4	227
1	14	C4	228
1	14	C4	229
1	14	C4	230
1	14	C4	231
1	14	C4	232
1	14	C4	233
1	14	C4	234
1	14	C4	235
1	14	C4	236
1	14	C4	237
1	14	C4	238
1	14	C4	239
1	14	C4	240
1	14	C4	241
1	14	C4	242
1	14	C4	243
1	14	C4	244
1	14	C4	245
1	14	C4	246
1	14	C4	247
1	14	C4	248
1	14	C4	249
1	14	C4	250
1	14	C4	251
1	14	C4	252
1	14	C4	253
1	14	C4	254
1	14	C4	255
1	14	C4	256
1	14	C4	257
1	14	C4	258
1	14	C4	259
1	14	C4	260
1	14	C4	261
1	14	C4	262
1	14	C4	263
1	14	C4	264
1	14	C4	265
1	14	C4	266
1	14	C4	267
1	14	C4	268
1	14	C4	269
1	14	C4	270
1	14	C4	271
1	14	C4	272
1	14	C4	273
1	14	C4	274
1	14	C4	275
1	14	C4	276
1	14	C4	277
1	14	C4	278
1	14	C4	279
1	14	C4	280
1	14	C4	281
1	14	C4	282
1	14	C4	283
1	14	C4	284
1	14	C4	285
1	14	C4	286
1	14	C4	287
1	14	C4	288
1	14	C4	289
1	14	C4	290
1	14	C4	291
1	14	C4	292
1	14	C4	293
1	14	C4	294
1	14	C4	295
1	14	C4	296
1	14	C4	297
1	14	C4	298
1	14	C4	299
1	14	C4	300
1	14	C4	301
1	14	C4	302
1	14	C4	303
1	14	C4	304
1	14	C4	305
1	14	C4	306
1	14	C4	307
1	14	C4	308
1	14	C4	309
1	14	C4	310
1	14	C4	311
1	14	C4	312
1	14	C4	313
1	14	C4	314
1	14	C4	315
1	14	C4	316
1	14	C4	317
1	14	C4	318
1	14	C4	319
1	14	C4	320
1	14	C4	321
1	14	C4	322
1	14	C4	323
1	14	C4	324
1	14	C4	325
1	14	C4	326
1	14	C4	327
1	14	C4	328
1	14	C4	329
1	14	C4	330
1	14	C4	331
1	14	C4	332
1	14	C4	333
1	14	C4	334
1	14	C4	335
1	14	C4	336
1	14	C4	337
1	14	C4	338
1	14	C4	339
1	14	C4	340
1	14	C4	341
1	14	C4	342
1	14	C4	343
1	14	C4	344
1	14	C4	345
1	14	C4	346
1	14	C4	347
1	14	C4	348
1	15	A1	0
1	15	A1	1
1	15	A1	2
1	15	A1	3
1	15	A1	4
1	15	A1	5
1	15	A1	6
1	15	A1	7
1	15	A1	8
1	15	A1	9
1	15	A1	10
1	15	A1	11
1	15	A1	12
1	15	A1	13
1	15	A1	14
1	15	A1	15
1	15	A1	16
1	15	A1	17
1	15	A1	18
1	15	A1	19
1	15	A1	20
1	15	A1	21
1	15	A1	22
1	15	A1	23
1	15	A1	24
1	15	A1	25
1	15	A1	26
1	15	A1	27
1	15	A1	28
1	15	A1	29
1	15	A1	30
1	15	A1	31
1	15	A1	32
1	15	A1	33
1	15	A1	34
1	15	A1	35
1	15	A1	36
1	15	A1	37
1	15	A1	38
1	15	A1	39
1	15	A1	40
1	15	A1	41
1	15	A1	42
1	15	A1	43
1	15	A1	44
1	15	A1	45
1	15	A1	46
1	15	A1	47
1	15	A1	48
1	15	A1	49
1	15	A1	50
1	15	A1	51
1	15	A1	52
1	15	A1	53
1	15	A1	54
1	15	A1	55
1	15	A1	56
1	15	A1	57
1	15	A1	58
1	15	A1	59
1	15	A1	60
1	15	A1	61
1	15	A1	62
1	15	A1	63
1	15	A1	64
1	15	A1	65
1	15	A1	66
1	15	A1	67
1	15	A1	68
1	15	A1	69
1	15	A1	70
1	15	A1	71
1	15	A1	72
1	15	A1	73
1	15	A1	74
1	15	A1	75
1	15	A1	76
1	15	A1	77
1	15	A1	78
1	15	A1	79
1	15	A1	80
1	15	A1	81
1	15	A1	82
1	15	A1	83
1	15	A1	84
1	15	A1	85
1	15	A1	86
1	15	A1	87
1	15	A1	88
1	15	A1	89
1	15	A1	90
1	15	A1	91
1	15	A1	92
1	15	A1	93
1	15	A1	94
1	15	A1	95
1	15	A1	96
1	15	A1	97
1	15	A1	98
1	15	A1	99
1	15	A1	100
1	15	A1	101
1	15	A1	102
1	15	A1	103
1	15	A1	104
1	15	A1	105
1	15	A1	106
1	15	A1	107
1	15	A1	108
1	15	A1	109
1	15	A1	110
1	15	A1	111
1	15	A1	112
1	15	A1	113
1	15	A1	114
1	15	A1	115
1	15	A1	116
1	15	A1	117
1	15	A1	118
1	15	A1	119
1	15	A1	120
1	15	A1	121
1	15	A1	122
1	15	A1	123
1	15	A1	124
1	15	A1	125
1	15	A1	126
1	15	A1	127
1	15	A1	128
1	15	A1	129
1	15	A1	130
1	15	A1	131
1	15	A1	132
1	15	A1	133
1	15	A1	134
1	15	A1	135
1	15	A1	136
1	15	A1	137
1	15	A1	138
1	15	A1	139
1	15	A1	140
1	15	A1	141
1	15	A1	142
1	15	A1	143
1	15	A1	144
1	15	A1	145
1	15	A1	146
1	15	A1	147
1	15	A1	148
1	15	A1	149
1	15	A1	150
1	15	A1	151
1	15	A1	152
1	15	A1	153
1	15	A1	154
1	15	A1	155
1	15	A1	156
1	15	A1	157
1	15	A1	158
1	15	A1	159
1	15	A1	160
1	15	A1	161
1	15	A1	162
1	15	A1	163
1	15	A1	164
1	15	A1	165
1	15	A1	166
1	15	A1	167
1	15	A1	168
1	15	A1	169
1	15	A1	170
1	15	A1	171
1	15	A1	172
1	15	A1	173
1	15	A1	174
1	15	A1	175
1	15	A1	176
1	15	A1	177
1	15	A1	178
1	15	A1	179
1	15	A1	180
1	15	A1	181
1	15	A1	182
1	15	A1	183
1	15	A1	184
1	15	A1	185
1	15	A1	186
1	15	A1	187
1	15	A1	188
1	15	A1	189
1	15	A1	190
1	15	A1	191
1	15	A1	192
1	15	A1	193
1	15	A1	194
1	15	A1	195
1	15	A1	196
1	15	A1	197
1	15	A1	198
1	15	A1	199
1	15	A1	200
1	15	A1	201
1	15	A1	202
1	15	A1	203
1	15	A1	204
1	15	A1	205
1	15	A1	206
1	15	A1	207
1	15	A1	208
1	15	A1	209
1	15	A1	210
1	15	A1	211
1	15	A1	212
1	15	A1	213
1	15	A1	214
1	15	A1	215
1	15	A1	216
1	15	A1	217
1	15	A1	218
1	15	A1	219
1	15	A1	220
1	15	A1	221
1	15	A1	222
1	15	A1	223
1	15	A1	224
1	15	A1	225
1	15	A1	226
1	15	A1	227
1	15	A1	228
1	15	A1	229
1	15	A1	230
1	15	A1	231
1	15	A1	232
1	15	A1	233
1	15	A1	234
1	15	A1	235
1	15	A1	236
1	15	A1	237
1	15	A1	238
1	15	A1	239
1	15	A1	240
1	15	A1	241
1	15	A1	242
1	15	A1	243
1	15	A1	244
1	15	A1	245
1	15	A1	246
1	15	A1	247
1	15	A1	248
1	15	A1	249
1	15	A1	250
1	15	A1	251
1	15	A1	252
1	15	A1	253
1	15	A1	254
1	15	A1	255
1	15	A1	256
1	15	A1	257
1	15	A1	258
1	15	A1	259
1	15	A1	260
1	15	A1	261
1	15	A1	262
1	15	A1	263
1	15	A1	264
1	15	A1	265
1	15	A1	266
1	15	A1	267
1	15	A1	268
1	15	A1	269
1	15	A1	270
1	15	A1	271
1	15	A1	272
1	15	A1	273
1	15	A1	274
1	15	A1	275
1	15	A1	276
1	15	A1	277
1	15	A1	278
1	15	A1	279
1	15	A1	280
1	15	A1	281
1	15	A1	282
1	15	A1	283
1	15	A1	284
1	15	A1	285
1	15	A1	286
1	15	A1	287
1	15	A1	288
1	15	A1	289
1	15	A1	290
1	15	A1	291
1	15	A1	292
1	15	A1	293
1	15	A1	294
1	15	A1	295
1	15	A1	296
1	15	A1	297
1	15	A1	298
1	15	A1	299
1	15	A1	300
1	15	A1	301
1	15	A1	302
1	15	A1	303
1	15	A1	304
1	15	A1	305
1	15	A1	306
1	15	A1	307
1	15	A1	308
1	15	A1	309
1	15	A1	310
1	15	A1	311
1	15	A1	312
1	15	A1	313
1	15	A1	314
1	15	A1	315
1	15	A1	316
1	15	A1	317
1	15	A1	318
1	15	A1	319
1	15	A1	320
1	15	A1	321
1	15	A1	322
1	15	A1	323
1	15	A1	324
1	15	A1	325
1	15	A1	326
1	15	A1	327
1	15	A1	328
1	15	A1	329
1	15	A1	330
1	15	A1	331
1	15	A1	332
1	15	A1	333
1	15	A1	334
1	15	A1	335
1	15	A1	336
1	15	A1	337
1	15	A1	338
1	15	A1	339
1	15	A1	340
1	15	A1	341
1	15	A1	342
1	15	A1	343
1	15	A1	344
1	15	A1	345
1	15	A1	346
1	15	A1	347
1	15	A1	348
1	15	A2	0
1	15	A2	1
1	15	A2	2
1	15	A2	3
1	15	A2	4
1	15	A2	5
1	15	A2	6
1	15	A2	7
1	15	A2	8
1	15	A2	9
1	15	A2	10
1	15	A2	11
1	15	A2	12
1	15	A2	13
1	15	A2	14
1	15	A2	15
1	15	A2	16
1	15	A2	17
1	15	A2	18
1	15	A2	19
1	15	A2	20
1	15	A2	21
1	15	A2	22
1	15	A2	23
1	15	A2	24
1	15	A2	25
1	15	A2	26
1	15	A2	27
1	15	A2	28
1	15	A2	29
1	15	A2	30
1	15	A2	31
1	15	A2	32
1	15	A2	33
1	15	A2	34
1	15	A2	35
1	15	A2	36
1	15	A2	37
1	15	A2	38
1	15	A2	39
1	15	A2	40
1	15	A2	41
1	15	A2	42
1	15	A2	43
1	15	A2	44
1	15	A2	45
1	15	A2	46
1	15	A2	47
1	15	A2	48
1	15	A2	49
1	15	A2	50
1	15	A2	51
1	15	A2	52
1	15	A2	53
1	15	A2	54
1	15	A2	55
1	15	A2	56
1	15	A2	57
1	15	A2	58
1	15	A2	59
1	15	A2	60
1	15	A2	61
1	15	A2	62
1	15	A2	63
1	15	A2	64
1	15	A2	65
1	15	A2	66
1	15	A2	67
1	15	A2	68
1	15	A2	69
1	15	A2	70
1	15	A2	71
1	15	A2	72
1	15	A2	73
1	15	A2	74
1	15	A2	75
1	15	A2	76
1	15	A2	77
1	15	A2	78
1	15	A2	79
1	15	A2	80
1	15	A2	81
1	15	A2	82
1	15	A2	83
1	15	A2	84
1	15	A2	85
1	15	A2	86
1	15	A2	87
1	15	A2	88
1	15	A2	89
1	15	A2	90
1	15	A2	91
1	15	A2	92
1	15	A2	93
1	15	A2	94
1	15	A2	95
1	15	A2	96
1	15	A2	97
1	15	A2	98
1	15	A2	99
1	15	A2	100
1	15	A2	101
1	15	A2	102
1	15	A2	103
1	15	A2	104
1	15	A2	105
1	15	A2	106
1	15	A2	107
1	15	A2	108
1	15	A2	109
1	15	A2	110
1	15	A2	111
1	15	A2	112
1	15	A2	113
1	15	A2	114
1	15	A2	115
1	15	A2	116
1	15	A2	117
1	15	A2	118
1	15	A2	119
1	15	A2	120
1	15	A2	121
1	15	A2	122
1	15	A2	123
1	15	A2	124
1	15	A2	125
1	15	A2	126
1	15	A2	127
1	15	A2	128
1	15	A2	129
1	15	A2	130
1	15	A2	131
1	15	A2	132
1	15	A2	133
1	15	A2	134
1	15	A2	135
1	15	A2	136
1	15	A2	137
1	15	A2	138
1	15	A2	139
1	15	A2	140
1	15	A2	141
1	15	A2	142
1	15	A2	143
1	15	A2	144
1	15	A2	145
1	15	A2	146
1	15	A2	147
1	15	A2	148
1	15	A2	149
1	15	A2	150
1	15	A2	151
1	15	A2	152
1	15	A2	153
1	15	A2	154
1	15	A2	155
1	15	A2	156
1	15	A2	157
1	15	A2	158
1	15	A2	159
1	15	A2	160
1	15	A2	161
1	15	A2	162
1	15	A2	163
1	15	A2	164
1	15	A2	165
1	15	A2	166
1	15	A2	167
1	15	A2	168
1	15	A2	169
1	15	A2	170
1	15	A2	171
1	15	A2	172
1	15	A2	173
1	15	A2	174
1	15	A2	175
1	15	A2	176
1	15	A2	177
1	15	A2	178
1	15	A2	179
1	15	A2	180
1	15	A2	181
1	15	A2	182
1	15	A2	183
1	15	A2	184
1	15	A2	185
1	15	A2	186
1	15	A2	187
1	15	A2	188
1	15	A2	189
1	15	A2	190
1	15	A2	191
1	15	A2	192
1	15	A2	193
1	15	A2	194
1	15	A2	195
1	15	A2	196
1	15	A2	197
1	15	A2	198
1	15	A2	199
1	15	A2	200
1	15	A2	201
1	15	A2	202
1	15	A2	203
1	15	A2	204
1	15	A2	205
1	15	A2	206
1	15	A2	207
1	15	A2	208
1	15	A2	209
1	15	A2	210
1	15	A2	211
1	15	A2	212
1	15	A2	213
1	15	A2	214
1	15	A2	215
1	15	A2	216
1	15	A2	217
1	15	A2	218
1	15	A2	219
1	15	A2	220
1	15	A2	221
1	15	A2	222
1	15	A2	223
1	15	A2	224
1	15	A2	225
1	15	A2	226
1	15	A2	227
1	15	A2	228
1	15	A2	229
1	15	A2	230
1	15	A2	231
1	15	A2	232
1	15	A2	233
1	15	A2	234
1	15	A2	235
1	15	A2	236
1	15	A2	237
1	15	A2	238
1	15	A2	239
1	15	A2	240
1	15	A2	241
1	15	A2	242
1	15	A2	243
1	15	A2	244
1	15	A2	245
1	15	A2	246
1	15	A2	247
1	15	A2	248
1	15	A2	249
1	15	A2	250
1	15	A2	251
1	15	A2	252
1	15	A2	253
1	15	A2	254
1	15	A2	255
1	15	A2	256
1	15	A2	257
1	15	A2	258
1	15	A2	259
1	15	A2	260
1	15	A2	261
1	15	A2	262
1	15	A2	263
1	15	A2	264
1	15	A2	265
1	15	A2	266
1	15	A2	267
1	15	A2	268
1	15	A2	269
1	15	A2	270
1	15	A2	271
1	15	A2	272
1	15	A2	273
1	15	A2	274
1	15	A2	275
1	15	A2	276
1	15	A2	277
1	15	A2	278
1	15	A2	279
1	15	A2	280
1	15	A2	281
1	15	A2	282
1	15	A2	283
1	15	A2	284
1	15	A2	285
1	15	A2	286
1	15	A2	287
1	15	A2	288
1	15	A2	289
1	15	A2	290
1	15	A2	291
1	15	A2	292
1	15	A2	293
1	15	A2	294
1	15	A2	295
1	15	A2	296
1	15	A2	297
1	15	A2	298
1	15	A2	299
1	15	A2	300
1	15	A2	301
1	15	A2	302
1	15	A2	303
1	15	A2	304
1	15	A2	305
1	15	A2	306
1	15	A2	307
1	15	A2	308
1	15	A2	309
1	15	A2	310
1	15	A2	311
1	15	A2	312
1	15	A2	313
1	15	A2	314
1	15	A2	315
1	15	A2	316
1	15	A2	317
1	15	A2	318
1	15	A2	319
1	15	A2	320
1	15	A2	321
1	15	A2	322
1	15	A2	323
1	15	A2	324
1	15	A2	325
1	15	A2	326
1	15	A2	327
1	15	A2	328
1	15	A2	329
1	15	A2	330
1	15	A2	331
1	15	A2	332
1	15	A2	333
1	15	A2	334
1	15	A2	335
1	15	A2	336
1	15	A2	337
1	15	A2	338
1	15	A2	339
1	15	A2	340
1	15	A2	341
1	15	A2	342
1	15	A2	343
1	15	A2	344
1	15	A2	345
1	15	A2	346
1	15	A2	347
1	15	A2	348
1	15	C2	0
1	15	C2	1
1	15	C2	2
1	15	C2	3
1	15	C2	4
1	15	C2	5
1	15	C2	6
1	15	C2	7
1	15	C2	8
1	15	C2	9
1	15	C2	10
1	15	C2	11
1	15	C2	12
1	15	C2	13
1	15	C2	14
1	15	C2	15
1	15	C2	16
1	15	C2	17
1	15	C2	18
1	15	C2	19
1	15	C2	20
1	15	C2	21
1	15	C2	22
1	15	C2	23
1	15	C2	24
1	15	C2	25
1	15	C2	26
1	15	C2	27
1	15	C2	28
1	15	C2	29
1	15	C2	30
1	15	C2	31
1	15	C2	32
1	15	C2	33
1	15	C2	34
1	15	C2	35
1	15	C2	36
1	15	C2	37
1	15	C2	38
1	15	C2	39
1	15	C2	40
1	15	C2	41
1	15	C2	42
1	15	C2	43
1	15	C2	44
1	15	C2	45
1	15	C2	46
1	15	C2	47
1	15	C2	48
1	15	C2	49
1	15	C2	50
1	15	C2	51
1	15	C2	52
1	15	C2	53
1	15	C2	54
1	15	C2	55
1	15	C2	56
1	15	C2	57
1	15	C2	58
1	15	C2	59
1	15	C2	60
1	15	C2	61
1	15	C2	62
1	15	C2	63
1	15	C2	64
1	15	C2	65
1	15	C2	66
1	15	C2	67
1	15	C2	68
1	15	C2	69
1	15	C2	70
1	15	C2	71
1	15	C2	72
1	15	C2	73
1	15	C2	74
1	15	C2	75
1	15	C2	76
1	15	C2	77
1	15	C2	78
1	15	C2	79
1	15	C2	80
1	15	C2	81
1	15	C2	82
1	15	C2	83
1	15	C2	84
1	15	C2	85
1	15	C2	86
1	15	C2	87
1	15	C2	88
1	15	C2	89
1	15	C2	90
1	15	C2	91
1	15	C2	92
1	15	C2	93
1	15	C2	94
1	15	C2	95
1	15	C2	96
1	15	C2	97
1	15	C2	98
1	15	C2	99
1	15	C2	100
1	15	C2	101
1	15	C2	102
1	15	C2	103
1	15	C2	104
1	15	C2	105
1	15	C2	106
1	15	C2	107
1	15	C2	108
1	15	C2	109
1	15	C2	110
1	15	C2	111
1	15	C2	112
1	15	C2	113
1	15	C2	114
1	15	C2	115
1	15	C2	116
1	15	C2	117
1	15	C2	118
1	15	C2	119
1	15	C2	120
1	15	C2	121
1	15	C2	122
1	15	C2	123
1	15	C2	124
1	15	C2	125
1	15	C2	126
1	15	C2	127
1	15	C2	128
1	15	C2	129
1	15	C2	130
1	15	C2	131
1	15	C2	132
1	15	C2	133
1	15	C2	134
1	15	C2	135
1	15	C2	136
1	15	C2	137
1	15	C2	138
1	15	C2	139
1	15	C2	140
1	15	C2	141
1	15	C2	142
1	15	C2	143
1	15	C2	144
1	15	C2	145
1	15	C2	146
1	15	C2	147
1	15	C2	148
1	15	C2	149
1	15	C2	150
1	15	C2	151
1	15	C2	152
1	15	C2	153
1	15	C2	154
1	15	C2	155
1	15	C2	156
1	15	C2	157
1	15	C2	158
1	15	C2	159
1	15	C2	160
1	15	C2	161
1	15	C2	162
1	15	C2	163
1	15	C2	164
1	15	C2	165
1	15	C2	166
1	15	C2	167
1	15	C2	168
1	15	C2	169
1	15	C2	170
1	15	C2	171
1	15	C2	172
1	15	C2	173
1	15	C2	174
1	15	C2	175
1	15	C2	176
1	15	C2	177
1	15	C2	178
1	15	C2	179
1	15	C2	180
1	15	C2	181
1	15	C2	182
1	15	C2	183
1	15	C2	184
1	15	C2	185
1	15	C2	186
1	15	C2	187
1	15	C2	188
1	15	C2	189
1	15	C2	190
1	15	C2	191
1	15	C2	192
1	15	C2	193
1	15	C2	194
1	15	C2	195
1	15	C2	196
1	15	C2	197
1	15	C2	198
1	15	C2	199
1	15	C2	200
1	15	C2	201
1	15	C2	202
1	15	C2	203
1	15	C2	204
1	15	C2	205
1	15	C2	206
1	15	C2	207
1	15	C2	208
1	15	C2	209
1	15	C2	210
1	15	C2	211
1	15	C2	212
1	15	C2	213
1	15	C2	214
1	15	C2	215
1	15	C2	216
1	15	C2	217
1	15	C2	218
1	15	C2	219
1	15	C2	220
1	15	C2	221
1	15	C2	222
1	15	C2	223
1	15	C2	224
1	15	C2	225
1	15	C2	226
1	15	C2	227
1	15	C2	228
1	15	C2	229
1	15	C2	230
1	15	C2	231
1	15	C2	232
1	15	C2	233
1	15	C2	234
1	15	C2	235
1	15	C2	236
1	15	C2	237
1	15	C2	238
1	15	C2	239
1	15	C2	240
1	15	C2	241
1	15	C2	242
1	15	C2	243
1	15	C2	244
1	15	C2	245
1	15	C2	246
1	15	C2	247
1	15	C2	248
1	15	C2	249
1	15	C2	250
1	15	C2	251
1	15	C2	252
1	15	C2	253
1	15	C2	254
1	15	C2	255
1	15	C2	256
1	15	C2	257
1	15	C2	258
1	15	C2	259
1	15	C2	260
1	15	C2	261
1	15	C2	262
1	15	C2	263
1	15	C2	264
1	15	C2	265
1	15	C2	266
1	15	C2	267
1	15	C2	268
1	15	C2	269
1	15	C2	270
1	15	C2	271
1	15	C2	272
1	15	C2	273
1	15	C2	274
1	15	C2	275
1	15	C2	276
1	15	C2	277
1	15	C2	278
1	15	C2	279
1	15	C2	280
1	15	C2	281
1	15	C2	282
1	15	C2	283
1	15	C2	284
1	15	C2	285
1	15	C2	286
1	15	C2	287
1	15	C2	288
1	15	C2	289
1	15	C2	290
1	15	C2	291
1	15	C2	292
1	15	C2	293
1	15	C2	294
1	15	C2	295
1	15	C2	296
1	15	C2	297
1	15	C2	298
1	15	C2	299
1	15	C2	300
1	15	C2	301
1	15	C2	302
1	15	C2	303
1	15	C2	304
1	15	C2	305
1	15	C2	306
1	15	C2	307
1	15	C2	308
1	15	C2	309
1	15	C2	310
1	15	C2	311
1	15	C2	312
1	15	C2	313
1	15	C2	314
1	15	C2	315
1	15	C2	316
1	15	C2	317
1	15	C2	318
1	15	C2	319
1	15	C2	320
1	15	C2	321
1	15	C2	322
1	15	C2	323
1	15	C2	324
1	15	C2	325
1	15	C2	326
1	15	C2	327
1	15	C2	328
1	15	C2	329
1	15	C2	330
1	15	C2	331
1	15	C2	332
1	15	C2	333
1	15	C2	334
1	15	C2	335
1	15	C2	336
1	15	C2	337
1	15	C2	338
1	15	C2	339
1	15	C2	340
1	15	C2	341
1	15	C2	342
1	15	C2	343
1	15	C2	344
1	15	C2	345
1	15	C2	346
1	15	C2	347
1	15	C2	348
1	15	C3	0
1	15	C3	1
1	15	C3	2
1	15	C3	3
1	15	C3	4
1	15	C3	5
1	15	C3	6
1	15	C3	7
1	15	C3	8
1	15	C3	9
1	15	C3	10
1	15	C3	11
1	15	C3	12
1	15	C3	13
1	15	C3	14
1	15	C3	15
1	15	C3	16
1	15	C3	17
1	15	C3	18
1	15	C3	19
1	15	C3	20
1	15	C3	21
1	15	C3	22
1	15	C3	23
1	15	C3	24
1	15	C3	25
1	15	C3	26
1	15	C3	27
1	15	C3	28
1	15	C3	29
1	15	C3	30
1	15	C3	31
1	15	C3	32
1	15	C3	33
1	15	C3	34
1	15	C3	35
1	15	C3	36
1	15	C3	37
1	15	C3	38
1	15	C3	39
1	15	C3	40
1	15	C3	41
1	15	C3	42
1	15	C3	43
1	15	C3	44
1	15	C3	45
1	15	C3	46
1	15	C3	47
1	15	C3	48
1	15	C3	49
1	15	C3	50
1	15	C3	51
1	15	C3	52
1	15	C3	53
1	15	C3	54
1	15	C3	55
1	15	C3	56
1	15	C3	57
1	15	C3	58
1	15	C3	59
1	15	C3	60
1	15	C3	61
1	15	C3	62
1	15	C3	63
1	15	C3	64
1	15	C3	65
1	15	C3	66
1	15	C3	67
1	15	C3	68
1	15	C3	69
1	15	C3	70
1	15	C3	71
1	15	C3	72
1	15	C3	73
1	15	C3	74
1	15	C3	75
1	15	C3	76
1	15	C3	77
1	15	C3	78
1	15	C3	79
1	15	C3	80
1	15	C3	81
1	15	C3	82
1	15	C3	83
1	15	C3	84
1	15	C3	85
1	15	C3	86
1	15	C3	87
1	15	C3	88
1	15	C3	89
1	15	C3	90
1	15	C3	91
1	15	C3	92
1	15	C3	93
1	15	C3	94
1	15	C3	95
1	15	C3	96
1	15	C3	97
1	15	C3	98
1	15	C3	99
1	15	C3	100
1	15	C3	101
1	15	C3	102
1	15	C3	103
1	15	C3	104
1	15	C3	105
1	15	C3	106
1	15	C3	107
1	15	C3	108
1	15	C3	109
1	15	C3	110
1	15	C3	111
1	15	C3	112
1	15	C3	113
1	15	C3	114
1	15	C3	115
1	15	C3	116
1	15	C3	117
1	15	C3	118
1	15	C3	119
1	15	C3	120
1	15	C3	121
1	15	C3	122
1	15	C3	123
1	15	C3	124
1	15	C3	125
1	15	C3	126
1	15	C3	127
1	15	C3	128
1	15	C3	129
1	15	C3	130
1	15	C3	131
1	15	C3	132
1	15	C3	133
1	15	C3	134
1	15	C3	135
1	15	C3	136
1	15	C3	137
1	15	C3	138
1	15	C3	139
1	15	C3	140
1	15	C3	141
1	15	C3	142
1	15	C3	143
1	15	C3	144
1	15	C3	145
1	15	C3	146
1	15	C3	147
1	15	C3	148
1	15	C3	149
1	15	C3	150
1	15	C3	151
1	15	C3	152
1	15	C3	153
1	15	C3	154
1	15	C3	155
1	15	C3	156
1	15	C3	157
1	15	C3	158
1	15	C3	159
1	15	C3	160
1	15	C3	161
1	15	C3	162
1	15	C3	163
1	15	C3	164
1	15	C3	165
1	15	C3	166
1	15	C3	167
1	15	C3	168
1	15	C3	169
1	15	C3	170
1	15	C3	171
1	15	C3	172
1	15	C3	173
1	15	C3	174
1	15	C3	175
1	15	C3	176
1	15	C3	177
1	15	C3	178
1	15	C3	179
1	15	C3	180
1	15	C3	181
1	15	C3	182
1	15	C3	183
1	15	C3	184
1	15	C3	185
1	15	C3	186
1	15	C3	187
1	15	C3	188
1	15	C3	189
1	15	C3	190
1	15	C3	191
1	15	C3	192
1	15	C3	193
1	15	C3	194
1	15	C3	195
1	15	C3	196
1	15	C3	197
1	15	C3	198
1	15	C3	199
1	15	C3	200
1	15	C3	201
1	15	C3	202
1	15	C3	203
1	15	C3	204
1	15	C3	205
1	15	C3	206
1	15	C3	207
1	15	C3	208
1	15	C3	209
1	15	C3	210
1	15	C3	211
1	15	C3	212
1	15	C3	213
1	15	C3	214
1	15	C3	215
1	15	C3	216
1	15	C3	217
1	15	C3	218
1	15	C3	219
1	15	C3	220
1	15	C3	221
1	15	C3	222
1	15	C3	223
1	15	C3	224
1	15	C3	225
1	15	C3	226
1	15	C3	227
1	15	C3	228
1	15	C3	229
1	15	C3	230
1	15	C3	231
1	15	C3	232
1	15	C3	233
1	15	C3	234
1	15	C3	235
1	15	C3	236
1	15	C3	237
1	15	C3	238
1	15	C3	239
1	15	C3	240
1	15	C3	241
1	15	C3	242
1	15	C3	243
1	15	C3	244
1	15	C3	245
1	15	C3	246
1	15	C3	247
1	15	C3	248
1	15	C3	249
1	15	C3	250
1	15	C3	251
1	15	C3	252
1	15	C3	253
1	15	C3	254
1	15	C3	255
1	15	C3	256
1	15	C3	257
1	15	C3	258
1	15	C3	259
1	15	C3	260
1	15	C3	261
1	15	C3	262
1	15	C3	263
1	15	C3	264
1	15	C3	265
1	15	C3	266
1	15	C3	267
1	15	C3	268
1	15	C3	269
1	15	C3	270
1	15	C3	271
1	15	C3	272
1	15	C3	273
1	15	C3	274
1	15	C3	275
1	15	C3	276
1	15	C3	277
1	15	C3	278
1	15	C3	279
1	15	C3	280
1	15	C3	281
1	15	C3	282
1	15	C3	283
1	15	C3	284
1	15	C3	285
1	15	C3	286
1	15	C3	287
1	15	C3	288
1	15	C3	289
1	15	C3	290
1	15	C3	291
1	15	C3	292
1	15	C3	293
1	15	C3	294
1	15	C3	295
1	15	C3	296
1	15	C3	297
1	15	C3	298
1	15	C3	299
1	15	C3	300
1	15	C3	301
1	15	C3	302
1	15	C3	303
1	15	C3	304
1	15	C3	305
1	15	C3	306
1	15	C3	307
1	15	C3	308
1	15	C3	309
1	15	C3	310
1	15	C3	311
1	15	C3	312
1	15	C3	313
1	15	C3	314
1	15	C3	315
1	15	C3	316
1	15	C3	317
1	15	C3	318
1	15	C3	319
1	15	C3	320
1	15	C3	321
1	15	C3	322
1	15	C3	323
1	15	C3	324
1	15	C3	325
1	15	C3	326
1	15	C3	327
1	15	C3	328
1	15	C3	329
1	15	C3	330
1	15	C3	331
1	15	C3	332
1	15	C3	333
1	15	C3	334
1	15	C3	335
1	15	C3	336
1	15	C3	337
1	15	C3	338
1	15	C3	339
1	15	C3	340
1	15	C3	341
1	15	C3	342
1	15	C3	343
1	15	C3	344
1	15	C3	345
1	15	C3	346
1	15	C3	347
1	15	C3	348
1	15	C4	0
1	15	C4	1
1	15	C4	2
1	15	C4	3
1	15	C4	4
1	15	C4	5
1	15	C4	6
1	15	C4	7
1	15	C4	8
1	15	C4	9
1	15	C4	10
1	15	C4	11
1	15	C4	12
1	15	C4	13
1	15	C4	14
1	15	C4	15
1	15	C4	16
1	15	C4	17
1	15	C4	18
1	15	C4	19
1	15	C4	20
1	15	C4	21
1	15	C4	22
1	15	C4	23
1	15	C4	24
1	15	C4	25
1	15	C4	26
1	15	C4	27
1	15	C4	28
1	15	C4	29
1	15	C4	30
1	15	C4	31
1	15	C4	32
1	15	C4	33
1	15	C4	34
1	15	C4	35
1	15	C4	36
1	15	C4	37
1	15	C4	38
1	15	C4	39
1	15	C4	40
1	15	C4	41
1	15	C4	42
1	15	C4	43
1	15	C4	44
1	15	C4	45
1	15	C4	46
1	15	C4	47
1	15	C4	48
1	15	C4	49
1	15	C4	50
1	15	C4	51
1	15	C4	52
1	15	C4	53
1	15	C4	54
1	15	C4	55
1	15	C4	56
1	15	C4	57
1	15	C4	58
1	15	C4	59
1	15	C4	60
1	15	C4	61
1	15	C4	62
1	15	C4	63
1	15	C4	64
1	15	C4	65
1	15	C4	66
1	15	C4	67
1	15	C4	68
1	15	C4	69
1	15	C4	70
1	15	C4	71
1	15	C4	72
1	15	C4	73
1	15	C4	74
1	15	C4	75
1	15	C4	76
1	15	C4	77
1	15	C4	78
1	15	C4	79
1	15	C4	80
1	15	C4	81
1	15	C4	82
1	15	C4	83
1	15	C4	84
1	15	C4	85
1	15	C4	86
1	15	C4	87
1	15	C4	88
1	15	C4	89
1	15	C4	90
1	15	C4	91
1	15	C4	92
1	15	C4	93
1	15	C4	94
1	15	C4	95
1	15	C4	96
1	15	C4	97
1	15	C4	98
1	15	C4	99
1	15	C4	100
1	15	C4	101
1	15	C4	102
1	15	C4	103
1	15	C4	104
1	15	C4	105
1	15	C4	106
1	15	C4	107
1	15	C4	108
1	15	C4	109
1	15	C4	110
1	15	C4	111
1	15	C4	112
1	15	C4	113
1	15	C4	114
1	15	C4	115
1	15	C4	116
1	15	C4	117
1	15	C4	118
1	15	C4	119
1	15	C4	120
1	15	C4	121
1	15	C4	122
1	15	C4	123
1	15	C4	124
1	15	C4	125
1	15	C4	126
1	15	C4	127
1	15	C4	128
1	15	C4	129
1	15	C4	130
1	15	C4	131
1	15	C4	132
1	15	C4	133
1	15	C4	134
1	15	C4	135
1	15	C4	136
1	15	C4	137
1	15	C4	138
1	15	C4	139
1	15	C4	140
1	15	C4	141
1	15	C4	142
1	15	C4	143
1	15	C4	144
1	15	C4	145
1	15	C4	146
1	15	C4	147
1	15	C4	148
1	15	C4	149
1	15	C4	150
1	15	C4	151
1	15	C4	152
1	15	C4	153
1	15	C4	154
1	15	C4	155
1	15	C4	156
1	15	C4	157
1	15	C4	158
1	15	C4	159
1	15	C4	160
1	15	C4	161
1	15	C4	162
1	15	C4	163
1	15	C4	164
1	15	C4	165
1	15	C4	166
1	15	C4	167
1	15	C4	168
1	15	C4	169
1	15	C4	170
1	15	C4	171
1	15	C4	172
1	15	C4	173
1	15	C4	174
1	15	C4	175
1	15	C4	176
1	15	C4	177
1	15	C4	178
1	15	C4	179
1	15	C4	180
1	15	C4	181
1	15	C4	182
1	15	C4	183
1	15	C4	184
1	15	C4	185
1	15	C4	186
1	15	C4	187
1	15	C4	188
1	15	C4	189
1	15	C4	190
1	15	C4	191
1	15	C4	192
1	15	C4	193
1	15	C4	194
1	15	C4	195
1	15	C4	196
1	15	C4	197
1	15	C4	198
1	15	C4	199
1	15	C4	200
1	15	C4	201
1	15	C4	202
1	15	C4	203
1	15	C4	204
1	15	C4	205
1	15	C4	206
1	15	C4	207
1	15	C4	208
1	15	C4	209
1	15	C4	210
1	15	C4	211
1	15	C4	212
1	15	C4	213
1	15	C4	214
1	15	C4	215
1	15	C4	216
1	15	C4	217
1	15	C4	218
1	15	C4	219
1	15	C4	220
1	15	C4	221
1	15	C4	222
1	15	C4	223
1	15	C4	224
1	15	C4	225
1	15	C4	226
1	15	C4	227
1	15	C4	228
1	15	C4	229
1	15	C4	230
1	15	C4	231
1	15	C4	232
1	15	C4	233
1	15	C4	234
1	15	C4	235
1	15	C4	236
1	15	C4	237
1	15	C4	238
1	15	C4	239
1	15	C4	240
1	15	C4	241
1	15	C4	242
1	15	C4	243
1	15	C4	244
1	15	C4	245
1	15	C4	246
1	15	C4	247
1	15	C4	248
1	15	C4	249
1	15	C4	250
1	15	C4	251
1	15	C4	252
1	15	C4	253
1	15	C4	254
1	15	C4	255
1	15	C4	256
1	15	C4	257
1	15	C4	258
1	15	C4	259
1	15	C4	260
1	15	C4	261
1	15	C4	262
1	15	C4	263
1	15	C4	264
1	15	C4	265
1	15	C4	266
1	15	C4	267
1	15	C4	268
1	15	C4	269
1	15	C4	270
1	15	C4	271
1	15	C4	272
1	15	C4	273
1	15	C4	274
1	15	C4	275
1	15	C4	276
1	15	C4	277
1	15	C4	278
1	15	C4	279
1	15	C4	280
1	15	C4	281
1	15	C4	282
1	15	C4	283
1	15	C4	284
1	15	C4	285
1	15	C4	286
1	15	C4	287
1	15	C4	288
1	15	C4	289
1	15	C4	290
1	15	C4	291
1	15	C4	292
1	15	C4	293
1	15	C4	294
1	15	C4	295
1	15	C4	296
1	15	C4	297
1	15	C4	298
1	15	C4	299
1	15	C4	300
1	15	C4	301
1	15	C4	302
1	15	C4	303
1	15	C4	304
1	15	C4	305
1	15	C4	306
1	15	C4	307
1	15	C4	308
1	15	C4	309
1	15	C4	310
1	15	C4	311
1	15	C4	312
1	15	C4	313
1	15	C4	314
1	15	C4	315
1	15	C4	316
1	15	C4	317
1	15	C4	318
1	15	C4	319
1	15	C4	320
1	15	C4	321
1	15	C4	322
1	15	C4	323
1	15	C4	324
1	15	C4	325
1	15	C4	326
1	15	C4	327
1	15	C4	328
1	15	C4	329
1	15	C4	330
1	15	C4	331
1	15	C4	332
1	15	C4	333
1	15	C4	334
1	15	C4	335
1	15	C4	336
1	15	C4	337
1	15	C4	338
1	15	C4	339
1	15	C4	340
1	15	C4	341
1	15	C4	342
1	15	C4	343
1	15	C4	344
1	15	C4	345
1	15	C4	346
1	15	C4	347
1	15	C4	348
1	16	A1	0
1	16	A1	1
1	16	A1	2
1	16	A1	3
1	16	A1	4
1	16	A1	5
1	16	A1	6
1	16	A1	7
1	16	A1	8
1	16	A1	9
1	16	A1	10
1	16	A1	11
1	16	A1	12
1	16	A1	13
1	16	A1	14
1	16	A1	15
1	16	A1	16
1	16	A1	17
1	16	A1	18
1	16	A1	19
1	16	A1	20
1	16	A1	21
1	16	A1	22
1	16	A1	23
1	16	A1	24
1	16	A1	25
1	16	A1	26
1	16	A1	27
1	16	A1	28
1	16	A1	29
1	16	A1	30
1	16	A1	31
1	16	A1	32
1	16	A1	33
1	16	A1	34
1	16	A1	35
1	16	A1	36
1	16	A1	37
1	16	A1	38
1	16	A1	39
1	16	A1	40
1	16	A1	41
1	16	A1	42
1	16	A1	43
1	16	A1	44
1	16	A1	45
1	16	A1	46
1	16	A1	47
1	16	A1	48
1	16	A1	49
1	16	A1	50
1	16	A1	51
1	16	A1	52
1	16	A1	53
1	16	A1	54
1	16	A1	55
1	16	A1	56
1	16	A1	57
1	16	A1	58
1	16	A1	59
1	16	A1	60
1	16	A1	61
1	16	A1	62
1	16	A1	63
1	16	A1	64
1	16	A1	65
1	16	A1	66
1	16	A1	67
1	16	A1	68
1	16	A1	69
1	16	A1	70
1	16	A1	71
1	16	A1	72
1	16	A1	73
1	16	A1	74
1	16	A1	75
1	16	A1	76
1	16	A1	77
1	16	A1	78
1	16	A1	79
1	16	A1	80
1	16	A1	81
1	16	A1	82
1	16	A1	83
1	16	A1	84
1	16	A1	85
1	16	A1	86
1	16	A1	87
1	16	A1	88
1	16	A1	89
1	16	A1	90
1	16	A1	91
1	16	A1	92
1	16	A1	93
1	16	A1	94
1	16	A1	95
1	16	A1	96
1	16	A1	97
1	16	A1	98
1	16	A1	99
1	16	A1	100
1	16	A1	101
1	16	A1	102
1	16	A1	103
1	16	A1	104
1	16	A1	105
1	16	A1	106
1	16	A1	107
1	16	A1	108
1	16	A1	109
1	16	A1	110
1	16	A1	111
1	16	A1	112
1	16	A1	113
1	16	A1	114
1	16	A1	115
1	16	A1	116
1	16	A1	117
1	16	A1	118
1	16	A1	119
1	16	A1	120
1	16	A1	121
1	16	A1	122
1	16	A1	123
1	16	A1	124
1	16	A1	125
1	16	A1	126
1	16	A1	127
1	16	A1	128
1	16	A1	129
1	16	A1	130
1	16	A1	131
1	16	A1	132
1	16	A1	133
1	16	A1	134
1	16	A1	135
1	16	A1	136
1	16	A1	137
1	16	A1	138
1	16	A1	139
1	16	A1	140
1	16	A1	141
1	16	A1	142
1	16	A1	143
1	16	A1	144
1	16	A1	145
1	16	A1	146
1	16	A1	147
1	16	A1	148
1	16	A1	149
1	16	A1	150
1	16	A1	151
1	16	A1	152
1	16	A1	153
1	16	A1	154
1	16	A1	155
1	16	A1	156
1	16	A1	157
1	16	A1	158
1	16	A1	159
1	16	A1	160
1	16	A1	161
1	16	A1	162
1	16	A1	163
1	16	A1	164
1	16	A1	165
1	16	A1	166
1	16	A1	167
1	16	A1	168
1	16	A1	169
1	16	A1	170
1	16	A1	171
1	16	A1	172
1	16	A1	173
1	16	A1	174
1	16	A1	175
1	16	A1	176
1	16	A1	177
1	16	A1	178
1	16	A1	179
1	16	A1	180
1	16	A1	181
1	16	A1	182
1	16	A1	183
1	16	A1	184
1	16	A1	185
1	16	A1	186
1	16	A1	187
1	16	A1	188
1	16	A1	189
1	16	A1	190
1	16	A1	191
1	16	A1	192
1	16	A1	193
1	16	A1	194
1	16	A1	195
1	16	A1	196
1	16	A1	197
1	16	A1	198
1	16	A1	199
1	16	A1	200
1	16	A1	201
1	16	A1	202
1	16	A1	203
1	16	A1	204
1	16	A1	205
1	16	A1	206
1	16	A1	207
1	16	A1	208
1	16	A1	209
1	16	A1	210
1	16	A1	211
1	16	A1	212
1	16	A1	213
1	16	A1	214
1	16	A1	215
1	16	A1	216
1	16	A1	217
1	16	A1	218
1	16	A1	219
1	16	A1	220
1	16	A1	221
1	16	A1	222
1	16	A1	223
1	16	A1	224
1	16	A1	225
1	16	A1	226
1	16	A1	227
1	16	A1	228
1	16	A1	229
1	16	A1	230
1	16	A1	231
1	16	A1	232
1	16	A1	233
1	16	A1	234
1	16	A1	235
1	16	A1	236
1	16	A1	237
1	16	A1	238
1	16	A1	239
1	16	A1	240
1	16	A1	241
1	16	A1	242
1	16	A1	243
1	16	A1	244
1	16	A1	245
1	16	A1	246
1	16	A1	247
1	16	A1	248
1	16	A1	249
1	16	A1	250
1	16	A1	251
1	16	A1	252
1	16	A1	253
1	16	A1	254
1	16	A1	255
1	16	A1	256
1	16	A1	257
1	16	A1	258
1	16	A1	259
1	16	A1	260
1	16	A1	261
1	16	A1	262
1	16	A1	263
1	16	A1	264
1	16	A1	265
1	16	A1	266
1	16	A1	267
1	16	A1	268
1	16	A1	269
1	16	A1	270
1	16	A1	271
1	16	A1	272
1	16	A1	273
1	16	A1	274
1	16	A1	275
1	16	A1	276
1	16	A1	277
1	16	A1	278
1	16	A1	279
1	16	A1	280
1	16	A1	281
1	16	A1	282
1	16	A1	283
1	16	A1	284
1	16	A1	285
1	16	A1	286
1	16	A1	287
1	16	A1	288
1	16	A1	289
1	16	A1	290
1	16	A1	291
1	16	A1	292
1	16	A1	293
1	16	A1	294
1	16	A1	295
1	16	A1	296
1	16	A1	297
1	16	A1	298
1	16	A1	299
1	16	A1	300
1	16	A1	301
1	16	A1	302
1	16	A1	303
1	16	A1	304
1	16	A1	305
1	16	A1	306
1	16	A1	307
1	16	A1	308
1	16	A1	309
1	16	A1	310
1	16	A1	311
1	16	A1	312
1	16	A1	313
1	16	A1	314
1	16	A1	315
1	16	A1	316
1	16	A1	317
1	16	A1	318
1	16	A1	319
1	16	A1	320
1	16	A1	321
1	16	A1	322
1	16	A1	323
1	16	A1	324
1	16	A1	325
1	16	A1	326
1	16	A1	327
1	16	A1	328
1	16	A1	329
1	16	A1	330
1	16	A1	331
1	16	A1	332
1	16	A1	333
1	16	A1	334
1	16	A1	335
1	16	A1	336
1	16	A1	337
1	16	A1	338
1	16	A1	339
1	16	A1	340
1	16	A1	341
1	16	A1	342
1	16	A1	343
1	16	A1	344
1	16	A1	345
1	16	A1	346
1	16	A1	347
1	16	A1	348
1	16	A2	0
1	16	A2	1
1	16	A2	2
1	16	A2	3
1	16	A2	4
1	16	A2	5
1	16	A2	6
1	16	A2	7
1	16	A2	8
1	16	A2	9
1	16	A2	10
1	16	A2	11
1	16	A2	12
1	16	A2	13
1	16	A2	14
1	16	A2	15
1	16	A2	16
1	16	A2	17
1	16	A2	18
1	16	A2	19
1	16	A2	20
1	16	A2	21
1	16	A2	22
1	16	A2	23
1	16	A2	24
1	16	A2	25
1	16	A2	26
1	16	A2	27
1	16	A2	28
1	16	A2	29
1	16	A2	30
1	16	A2	31
1	16	A2	32
1	16	A2	33
1	16	A2	34
1	16	A2	35
1	16	A2	36
1	16	A2	37
1	16	A2	38
1	16	A2	39
1	16	A2	40
1	16	A2	41
1	16	A2	42
1	16	A2	43
1	16	A2	44
1	16	A2	45
1	16	A2	46
1	16	A2	47
1	16	A2	48
1	16	A2	49
1	16	A2	50
1	16	A2	51
1	16	A2	52
1	16	A2	53
1	16	A2	54
1	16	A2	55
1	16	A2	56
1	16	A2	57
1	16	A2	58
1	16	A2	59
1	16	A2	60
1	16	A2	61
1	16	A2	62
1	16	A2	63
1	16	A2	64
1	16	A2	65
1	16	A2	66
1	16	A2	67
1	16	A2	68
1	16	A2	69
1	16	A2	70
1	16	A2	71
1	16	A2	72
1	16	A2	73
1	16	A2	74
1	16	A2	75
1	16	A2	76
1	16	A2	77
1	16	A2	78
1	16	A2	79
1	16	A2	80
1	16	A2	81
1	16	A2	82
1	16	A2	83
1	16	A2	84
1	16	A2	85
1	16	A2	86
1	16	A2	87
1	16	A2	88
1	16	A2	89
1	16	A2	90
1	16	A2	91
1	16	A2	92
1	16	A2	93
1	16	A2	94
1	16	A2	95
1	16	A2	96
1	16	A2	97
1	16	A2	98
1	16	A2	99
1	16	A2	100
1	16	A2	101
1	16	A2	102
1	16	A2	103
1	16	A2	104
1	16	A2	105
1	16	A2	106
1	16	A2	107
1	16	A2	108
1	16	A2	109
1	16	A2	110
1	16	A2	111
1	16	A2	112
1	16	A2	113
1	16	A2	114
1	16	A2	115
1	16	A2	116
1	16	A2	117
1	16	A2	118
1	16	A2	119
1	16	A2	120
1	16	A2	121
1	16	A2	122
1	16	A2	123
1	16	A2	124
1	16	A2	125
1	16	A2	126
1	16	A2	127
1	16	A2	128
1	16	A2	129
1	16	A2	130
1	16	A2	131
1	16	A2	132
1	16	A2	133
1	16	A2	134
1	16	A2	135
1	16	A2	136
1	16	A2	137
1	16	A2	138
1	16	A2	139
1	16	A2	140
1	16	A2	141
1	16	A2	142
1	16	A2	143
1	16	A2	144
1	16	A2	145
1	16	A2	146
1	16	A2	147
1	16	A2	148
1	16	A2	149
1	16	A2	150
1	16	A2	151
1	16	A2	152
1	16	A2	153
1	16	A2	154
1	16	A2	155
1	16	A2	156
1	16	A2	157
1	16	A2	158
1	16	A2	159
1	16	A2	160
1	16	A2	161
1	16	A2	162
1	16	A2	163
1	16	A2	164
1	16	A2	165
1	16	A2	166
1	16	A2	167
1	16	A2	168
1	16	A2	169
1	16	A2	170
1	16	A2	171
1	16	A2	172
1	16	A2	173
1	16	A2	174
1	16	A2	175
1	16	A2	176
1	16	A2	177
1	16	A2	178
1	16	A2	179
1	16	A2	180
1	16	A2	181
1	16	A2	182
1	16	A2	183
1	16	A2	184
1	16	A2	185
1	16	A2	186
1	16	A2	187
1	16	A2	188
1	16	A2	189
1	16	A2	190
1	16	A2	191
1	16	A2	192
1	16	A2	193
1	16	A2	194
1	16	A2	195
1	16	A2	196
1	16	A2	197
1	16	A2	198
1	16	A2	199
1	16	A2	200
1	16	A2	201
1	16	A2	202
1	16	A2	203
1	16	A2	204
1	16	A2	205
1	16	A2	206
1	16	A2	207
1	16	A2	208
1	16	A2	209
1	16	A2	210
1	16	A2	211
1	16	A2	212
1	16	A2	213
1	16	A2	214
1	16	A2	215
1	16	A2	216
1	16	A2	217
1	16	A2	218
1	16	A2	219
1	16	A2	220
1	16	A2	221
1	16	A2	222
1	16	A2	223
1	16	A2	224
1	16	A2	225
1	16	A2	226
1	16	A2	227
1	16	A2	228
1	16	A2	229
1	16	A2	230
1	16	A2	231
1	16	A2	232
1	16	A2	233
1	16	A2	234
1	16	A2	235
1	16	A2	236
1	16	A2	237
1	16	A2	238
1	16	A2	239
1	16	A2	240
1	16	A2	241
1	16	A2	242
1	16	A2	243
1	16	A2	244
1	16	A2	245
1	16	A2	246
1	16	A2	247
1	16	A2	248
1	16	A2	249
1	16	A2	250
1	16	A2	251
1	16	A2	252
1	16	A2	253
1	16	A2	254
1	16	A2	255
1	16	A2	256
1	16	A2	257
1	16	A2	258
1	16	A2	259
1	16	A2	260
1	16	A2	261
1	16	A2	262
1	16	A2	263
1	16	A2	264
1	16	A2	265
1	16	A2	266
1	16	A2	267
1	16	A2	268
1	16	A2	269
1	16	A2	270
1	16	A2	271
1	16	A2	272
1	16	A2	273
1	16	A2	274
1	16	A2	275
1	16	A2	276
1	16	A2	277
1	16	A2	278
1	16	A2	279
1	16	A2	280
1	16	A2	281
1	16	A2	282
1	16	A2	283
1	16	A2	284
1	16	A2	285
1	16	A2	286
1	16	A2	287
1	16	A2	288
1	16	A2	289
1	16	A2	290
1	16	A2	291
1	16	A2	292
1	16	A2	293
1	16	A2	294
1	16	A2	295
1	16	A2	296
1	16	A2	297
1	16	A2	298
1	16	A2	299
1	16	A2	300
1	16	A2	301
1	16	A2	302
1	16	A2	303
1	16	A2	304
1	16	A2	305
1	16	A2	306
1	16	A2	307
1	16	A2	308
1	16	A2	309
1	16	A2	310
1	16	A2	311
1	16	A2	312
1	16	A2	313
1	16	A2	314
1	16	A2	315
1	16	A2	316
1	16	A2	317
1	16	A2	318
1	16	A2	319
1	16	A2	320
1	16	A2	321
1	16	A2	322
1	16	A2	323
1	16	A2	324
1	16	A2	325
1	16	A2	326
1	16	A2	327
1	16	A2	328
1	16	A2	329
1	16	A2	330
1	16	A2	331
1	16	A2	332
1	16	A2	333
1	16	A2	334
1	16	A2	335
1	16	A2	336
1	16	A2	337
1	16	A2	338
1	16	A2	339
1	16	A2	340
1	16	A2	341
1	16	A2	342
1	16	A2	343
1	16	A2	344
1	16	A2	345
1	16	A2	346
1	16	A2	347
1	16	A2	348
1	16	C2	0
1	16	C2	1
1	16	C2	2
1	16	C2	3
1	16	C2	4
1	16	C2	5
1	16	C2	6
1	16	C2	7
1	16	C2	8
1	16	C2	9
1	16	C2	10
1	16	C2	11
1	16	C2	12
1	16	C2	13
1	16	C2	14
1	16	C2	15
1	16	C2	16
1	16	C2	17
1	16	C2	18
1	16	C2	19
1	16	C2	20
1	16	C2	21
1	16	C2	22
1	16	C2	23
1	16	C2	24
1	16	C2	25
1	16	C2	26
1	16	C2	27
1	16	C2	28
1	16	C2	29
1	16	C2	30
1	16	C2	31
1	16	C2	32
1	16	C2	33
1	16	C2	34
1	16	C2	35
1	16	C2	36
1	16	C2	37
1	16	C2	38
1	16	C2	39
1	16	C2	40
1	16	C2	41
1	16	C2	42
1	16	C2	43
1	16	C2	44
1	16	C2	45
1	16	C2	46
1	16	C2	47
1	16	C2	48
1	16	C2	49
1	16	C2	50
1	16	C2	51
1	16	C2	52
1	16	C2	53
1	16	C2	54
1	16	C2	55
1	16	C2	56
1	16	C2	57
1	16	C2	58
1	16	C2	59
1	16	C2	60
1	16	C2	61
1	16	C2	62
1	16	C2	63
1	16	C2	64
1	16	C2	65
1	16	C2	66
1	16	C2	67
1	16	C2	68
1	16	C2	69
1	16	C2	70
1	16	C2	71
1	16	C2	72
1	16	C2	73
1	16	C2	74
1	16	C2	75
1	16	C2	76
1	16	C2	77
1	16	C2	78
1	16	C2	79
1	16	C2	80
1	16	C2	81
1	16	C2	82
1	16	C2	83
1	16	C2	84
1	16	C2	85
1	16	C2	86
1	16	C2	87
1	16	C2	88
1	16	C2	89
1	16	C2	90
1	16	C2	91
1	16	C2	92
1	16	C2	93
1	16	C2	94
1	16	C2	95
1	16	C2	96
1	16	C2	97
1	16	C2	98
1	16	C2	99
1	16	C2	100
1	16	C2	101
1	16	C2	102
1	16	C2	103
1	16	C2	104
1	16	C2	105
1	16	C2	106
1	16	C2	107
1	16	C2	108
1	16	C2	109
1	16	C2	110
1	16	C2	111
1	16	C2	112
1	16	C2	113
1	16	C2	114
1	16	C2	115
1	16	C2	116
1	16	C2	117
1	16	C2	118
1	16	C2	119
1	16	C2	120
1	16	C2	121
1	16	C2	122
1	16	C2	123
1	16	C2	124
1	16	C2	125
1	16	C2	126
1	16	C2	127
1	16	C2	128
1	16	C2	129
1	16	C2	130
1	16	C2	131
1	16	C2	132
1	16	C2	133
1	16	C2	134
1	16	C2	135
1	16	C2	136
1	16	C2	137
1	16	C2	138
1	16	C2	139
1	16	C2	140
1	16	C2	141
1	16	C2	142
1	16	C2	143
1	16	C2	144
1	16	C2	145
1	16	C2	146
1	16	C2	147
1	16	C2	148
1	16	C2	149
1	16	C2	150
1	16	C2	151
1	16	C2	152
1	16	C2	153
1	16	C2	154
1	16	C2	155
1	16	C2	156
1	16	C2	157
1	16	C2	158
1	16	C2	159
1	16	C2	160
1	16	C2	161
1	16	C2	162
1	16	C2	163
1	16	C2	164
1	16	C2	165
1	16	C2	166
1	16	C2	167
1	16	C2	168
1	16	C2	169
1	16	C2	170
1	16	C2	171
1	16	C2	172
1	16	C2	173
1	16	C2	174
1	16	C2	175
1	16	C2	176
1	16	C2	177
1	16	C2	178
1	16	C2	179
1	16	C2	180
1	16	C2	181
1	16	C2	182
1	16	C2	183
1	16	C2	184
1	16	C2	185
1	16	C2	186
1	16	C2	187
1	16	C2	188
1	16	C2	189
1	16	C2	190
1	16	C2	191
1	16	C2	192
1	16	C2	193
1	16	C2	194
1	16	C2	195
1	16	C2	196
1	16	C2	197
1	16	C2	198
1	16	C2	199
1	16	C2	200
1	16	C2	201
1	16	C2	202
1	16	C2	203
1	16	C2	204
1	16	C2	205
1	16	C2	206
1	16	C2	207
1	16	C2	208
1	16	C2	209
1	16	C2	210
1	16	C2	211
1	16	C2	212
1	16	C2	213
1	16	C2	214
1	16	C2	215
1	16	C2	216
1	16	C2	217
1	16	C2	218
1	16	C2	219
1	16	C2	220
1	16	C2	221
1	16	C2	222
1	16	C2	223
1	16	C2	224
1	16	C2	225
1	16	C2	226
1	16	C2	227
1	16	C2	228
1	16	C2	229
1	16	C2	230
1	16	C2	231
1	16	C2	232
1	16	C2	233
1	16	C2	234
1	16	C2	235
1	16	C2	236
1	16	C2	237
1	16	C2	238
1	16	C2	239
1	16	C2	240
1	16	C2	241
1	16	C2	242
1	16	C2	243
1	16	C2	244
1	16	C2	245
1	16	C2	246
1	16	C2	247
1	16	C2	248
1	16	C2	249
1	16	C2	250
1	16	C2	251
1	16	C2	252
1	16	C2	253
1	16	C2	254
1	16	C2	255
1	16	C2	256
1	16	C2	257
1	16	C2	258
1	16	C2	259
1	16	C2	260
1	16	C2	261
1	16	C2	262
1	16	C2	263
1	16	C2	264
1	16	C2	265
1	16	C2	266
1	16	C2	267
1	16	C2	268
1	16	C2	269
1	16	C2	270
1	16	C2	271
1	16	C2	272
1	16	C2	273
1	16	C2	274
1	16	C2	275
1	16	C2	276
1	16	C2	277
1	16	C2	278
1	16	C2	279
1	16	C2	280
1	16	C2	281
1	16	C2	282
1	16	C2	283
1	16	C2	284
1	16	C2	285
1	16	C2	286
1	16	C2	287
1	16	C2	288
1	16	C2	289
1	16	C2	290
1	16	C2	291
1	16	C2	292
1	16	C2	293
1	16	C2	294
1	16	C2	295
1	16	C2	296
1	16	C2	297
1	16	C2	298
1	16	C2	299
1	16	C2	300
1	16	C2	301
1	16	C2	302
1	16	C2	303
1	16	C2	304
1	16	C2	305
1	16	C2	306
1	16	C2	307
1	16	C2	308
1	16	C2	309
1	16	C2	310
1	16	C2	311
1	16	C2	312
1	16	C2	313
1	16	C2	314
1	16	C2	315
1	16	C2	316
1	16	C2	317
1	16	C2	318
1	16	C2	319
1	16	C2	320
1	16	C2	321
1	16	C2	322
1	16	C2	323
1	16	C2	324
1	16	C2	325
1	16	C2	326
1	16	C2	327
1	16	C2	328
1	16	C2	329
1	16	C2	330
1	16	C2	331
1	16	C2	332
1	16	C2	333
1	16	C2	334
1	16	C2	335
1	16	C2	336
1	16	C2	337
1	16	C2	338
1	16	C2	339
1	16	C2	340
1	16	C2	341
1	16	C2	342
1	16	C2	343
1	16	C2	344
1	16	C2	345
1	16	C2	346
1	16	C2	347
1	16	C2	348
1	16	C3	0
1	16	C3	1
1	16	C3	2
1	16	C3	3
1	16	C3	4
1	16	C3	5
1	16	C3	6
1	16	C3	7
1	16	C3	8
1	16	C3	9
1	16	C3	10
1	16	C3	11
1	16	C3	12
1	16	C3	13
1	16	C3	14
1	16	C3	15
1	16	C3	16
1	16	C3	17
1	16	C3	18
1	16	C3	19
1	16	C3	20
1	16	C3	21
1	16	C3	22
1	16	C3	23
1	16	C3	24
1	16	C3	25
1	16	C3	26
1	16	C3	27
1	16	C3	28
1	16	C3	29
1	16	C3	30
1	16	C3	31
1	16	C3	32
1	16	C3	33
1	16	C3	34
1	16	C3	35
1	16	C3	36
1	16	C3	37
1	16	C3	38
1	16	C3	39
1	16	C3	40
1	16	C3	41
1	16	C3	42
1	16	C3	43
1	16	C3	44
1	16	C3	45
1	16	C3	46
1	16	C3	47
1	16	C3	48
1	16	C3	49
1	16	C3	50
1	16	C3	51
1	16	C3	52
1	16	C3	53
1	16	C3	54
1	16	C3	55
1	16	C3	56
1	16	C3	57
1	16	C3	58
1	16	C3	59
1	16	C3	60
1	16	C3	61
1	16	C3	62
1	16	C3	63
1	16	C3	64
1	16	C3	65
1	16	C3	66
1	16	C3	67
1	16	C3	68
1	16	C3	69
1	16	C3	70
1	16	C3	71
1	16	C3	72
1	16	C3	73
1	16	C3	74
1	16	C3	75
1	16	C3	76
1	16	C3	77
1	16	C3	78
1	16	C3	79
1	16	C3	80
1	16	C3	81
1	16	C3	82
1	16	C3	83
1	16	C3	84
1	16	C3	85
1	16	C3	86
1	16	C3	87
1	16	C3	88
1	16	C3	89
1	16	C3	90
1	16	C3	91
1	16	C3	92
1	16	C3	93
1	16	C3	94
1	16	C3	95
1	16	C3	96
1	16	C3	97
1	16	C3	98
1	16	C3	99
1	16	C3	100
1	16	C3	101
1	16	C3	102
1	16	C3	103
1	16	C3	104
1	16	C3	105
1	16	C3	106
1	16	C3	107
1	16	C3	108
1	16	C3	109
1	16	C3	110
1	16	C3	111
1	16	C3	112
1	16	C3	113
1	16	C3	114
1	16	C3	115
1	16	C3	116
1	16	C3	117
1	16	C3	118
1	16	C3	119
1	16	C3	120
1	16	C3	121
1	16	C3	122
1	16	C3	123
1	16	C3	124
1	16	C3	125
1	16	C3	126
1	16	C3	127
1	16	C3	128
1	16	C3	129
1	16	C3	130
1	16	C3	131
1	16	C3	132
1	16	C3	133
1	16	C3	134
1	16	C3	135
1	16	C3	136
1	16	C3	137
1	16	C3	138
1	16	C3	139
1	16	C3	140
1	16	C3	141
1	16	C3	142
1	16	C3	143
1	16	C3	144
1	16	C3	145
1	16	C3	146
1	16	C3	147
1	16	C3	148
1	16	C3	149
1	16	C3	150
1	16	C3	151
1	16	C3	152
1	16	C3	153
1	16	C3	154
1	16	C3	155
1	16	C3	156
1	16	C3	157
1	16	C3	158
1	16	C3	159
1	16	C3	160
1	16	C3	161
1	16	C3	162
1	16	C3	163
1	16	C3	164
1	16	C3	165
1	16	C3	166
1	16	C3	167
1	16	C3	168
1	16	C3	169
1	16	C3	170
1	16	C3	171
1	16	C3	172
1	16	C3	173
1	16	C3	174
1	16	C3	175
1	16	C3	176
1	16	C3	177
1	16	C3	178
1	16	C3	179
1	16	C3	180
1	16	C3	181
1	16	C3	182
1	16	C3	183
1	16	C3	184
1	16	C3	185
1	16	C3	186
1	16	C3	187
1	16	C3	188
1	16	C3	189
1	16	C3	190
1	16	C3	191
1	16	C3	192
1	16	C3	193
1	16	C3	194
1	16	C3	195
1	16	C3	196
1	16	C3	197
1	16	C3	198
1	16	C3	199
1	16	C3	200
1	16	C3	201
1	16	C3	202
1	16	C3	203
1	16	C3	204
1	16	C3	205
1	16	C3	206
1	16	C3	207
1	16	C3	208
1	16	C3	209
1	16	C3	210
1	16	C3	211
1	16	C3	212
1	16	C3	213
1	16	C3	214
1	16	C3	215
1	16	C3	216
1	16	C3	217
1	16	C3	218
1	16	C3	219
1	16	C3	220
1	16	C3	221
1	16	C3	222
1	16	C3	223
1	16	C3	224
1	16	C3	225
1	16	C3	226
1	16	C3	227
1	16	C3	228
1	16	C3	229
1	16	C3	230
1	16	C3	231
1	16	C3	232
1	16	C3	233
1	16	C3	234
1	16	C3	235
1	16	C3	236
1	16	C3	237
1	16	C3	238
1	16	C3	239
1	16	C3	240
1	16	C3	241
1	16	C3	242
1	16	C3	243
1	16	C3	244
1	16	C3	245
1	16	C3	246
1	16	C3	247
1	16	C3	248
1	16	C3	249
1	16	C3	250
1	16	C3	251
1	16	C3	252
1	16	C3	253
1	16	C3	254
1	16	C3	255
1	16	C3	256
1	16	C3	257
1	16	C3	258
1	16	C3	259
1	16	C3	260
1	16	C3	261
1	16	C3	262
1	16	C3	263
1	16	C3	264
1	16	C3	265
1	16	C3	266
1	16	C3	267
1	16	C3	268
1	16	C3	269
1	16	C3	270
1	16	C3	271
1	16	C3	272
1	16	C3	273
1	16	C3	274
1	16	C3	275
1	16	C3	276
1	16	C3	277
1	16	C3	278
1	16	C3	279
1	16	C3	280
1	16	C3	281
1	16	C3	282
1	16	C3	283
1	16	C3	284
1	16	C3	285
1	16	C3	286
1	16	C3	287
1	16	C3	288
1	16	C3	289
1	16	C3	290
1	16	C3	291
1	16	C3	292
1	16	C3	293
1	16	C3	294
1	16	C3	295
1	16	C3	296
1	16	C3	297
1	16	C3	298
1	16	C3	299
1	16	C3	300
1	16	C3	301
1	16	C3	302
1	16	C3	303
1	16	C3	304
1	16	C3	305
1	16	C3	306
1	16	C3	307
1	16	C3	308
1	16	C3	309
1	16	C3	310
1	16	C3	311
1	16	C3	312
1	16	C3	313
1	16	C3	314
1	16	C3	315
1	16	C3	316
1	16	C3	317
1	16	C3	318
1	16	C3	319
1	16	C3	320
1	16	C3	321
1	16	C3	322
1	16	C3	323
1	16	C3	324
1	16	C3	325
1	16	C3	326
1	16	C3	327
1	16	C3	328
1	16	C3	329
1	16	C3	330
1	16	C3	331
1	16	C3	332
1	16	C3	333
1	16	C3	334
1	16	C3	335
1	16	C3	336
1	16	C3	337
1	16	C3	338
1	16	C3	339
1	16	C3	340
1	16	C3	341
1	16	C3	342
1	16	C3	343
1	16	C3	344
1	16	C3	345
1	16	C3	346
1	16	C3	347
1	16	C3	348
1	16	C4	0
1	16	C4	1
1	16	C4	2
1	16	C4	3
1	16	C4	4
1	16	C4	5
1	16	C4	6
1	16	C4	7
1	16	C4	8
1	16	C4	9
1	16	C4	10
1	16	C4	11
1	16	C4	12
1	16	C4	13
1	16	C4	14
1	16	C4	15
1	16	C4	16
1	16	C4	17
1	16	C4	18
1	16	C4	19
1	16	C4	20
1	16	C4	21
1	16	C4	22
1	16	C4	23
1	16	C4	24
1	16	C4	25
1	16	C4	26
1	16	C4	27
1	16	C4	28
1	16	C4	29
1	16	C4	30
1	16	C4	31
1	16	C4	32
1	16	C4	33
1	16	C4	34
1	16	C4	35
1	16	C4	36
1	16	C4	37
1	16	C4	38
1	16	C4	39
1	16	C4	40
1	16	C4	41
1	16	C4	42
1	16	C4	43
1	16	C4	44
1	16	C4	45
1	16	C4	46
1	16	C4	47
1	16	C4	48
1	16	C4	49
1	16	C4	50
1	16	C4	51
1	16	C4	52
1	16	C4	53
1	16	C4	54
1	16	C4	55
1	16	C4	56
1	16	C4	57
1	16	C4	58
1	16	C4	59
1	16	C4	60
1	16	C4	61
1	16	C4	62
1	16	C4	63
1	16	C4	64
1	16	C4	65
1	16	C4	66
1	16	C4	67
1	16	C4	68
1	16	C4	69
1	16	C4	70
1	16	C4	71
1	16	C4	72
1	16	C4	73
1	16	C4	74
1	16	C4	75
1	16	C4	76
1	16	C4	77
1	16	C4	78
1	16	C4	79
1	16	C4	80
1	16	C4	81
1	16	C4	82
1	16	C4	83
1	16	C4	84
1	16	C4	85
1	16	C4	86
1	16	C4	87
1	16	C4	88
1	16	C4	89
1	16	C4	90
1	16	C4	91
1	16	C4	92
1	16	C4	93
1	16	C4	94
1	16	C4	95
1	16	C4	96
1	16	C4	97
1	16	C4	98
1	16	C4	99
1	16	C4	100
1	16	C4	101
1	16	C4	102
1	16	C4	103
1	16	C4	104
1	16	C4	105
1	16	C4	106
1	16	C4	107
1	16	C4	108
1	16	C4	109
1	16	C4	110
1	16	C4	111
1	16	C4	112
1	16	C4	113
1	16	C4	114
1	16	C4	115
1	16	C4	116
1	16	C4	117
1	16	C4	118
1	16	C4	119
1	16	C4	120
1	16	C4	121
1	16	C4	122
1	16	C4	123
1	16	C4	124
1	16	C4	125
1	16	C4	126
1	16	C4	127
1	16	C4	128
1	16	C4	129
1	16	C4	130
1	16	C4	131
1	16	C4	132
1	16	C4	133
1	16	C4	134
1	16	C4	135
1	16	C4	136
1	16	C4	137
1	16	C4	138
1	16	C4	139
1	16	C4	140
1	16	C4	141
1	16	C4	142
1	16	C4	143
1	16	C4	144
1	16	C4	145
1	16	C4	146
1	16	C4	147
1	16	C4	148
1	16	C4	149
1	16	C4	150
1	16	C4	151
1	16	C4	152
1	16	C4	153
1	16	C4	154
1	16	C4	155
1	16	C4	156
1	16	C4	157
1	16	C4	158
1	16	C4	159
1	16	C4	160
1	16	C4	161
1	16	C4	162
1	16	C4	163
1	16	C4	164
1	16	C4	165
1	16	C4	166
1	16	C4	167
1	16	C4	168
1	16	C4	169
1	16	C4	170
1	16	C4	171
1	16	C4	172
1	16	C4	173
1	16	C4	174
1	16	C4	175
1	16	C4	176
1	16	C4	177
1	16	C4	178
1	16	C4	179
1	16	C4	180
1	16	C4	181
1	16	C4	182
1	16	C4	183
1	16	C4	184
1	16	C4	185
1	16	C4	186
1	16	C4	187
1	16	C4	188
1	16	C4	189
1	16	C4	190
1	16	C4	191
1	16	C4	192
1	16	C4	193
1	16	C4	194
1	16	C4	195
1	16	C4	196
1	16	C4	197
1	16	C4	198
1	16	C4	199
1	16	C4	200
1	16	C4	201
1	16	C4	202
1	16	C4	203
1	16	C4	204
1	16	C4	205
1	16	C4	206
1	16	C4	207
1	16	C4	208
1	16	C4	209
1	16	C4	210
1	16	C4	211
1	16	C4	212
1	16	C4	213
1	16	C4	214
1	16	C4	215
1	16	C4	216
1	16	C4	217
1	16	C4	218
1	16	C4	219
1	16	C4	220
1	16	C4	221
1	16	C4	222
1	16	C4	223
1	16	C4	224
1	16	C4	225
1	16	C4	226
1	16	C4	227
1	16	C4	228
1	16	C4	229
1	16	C4	230
1	16	C4	231
1	16	C4	232
1	16	C4	233
1	16	C4	234
1	16	C4	235
1	16	C4	236
1	16	C4	237
1	16	C4	238
1	16	C4	239
1	16	C4	240
1	16	C4	241
1	16	C4	242
1	16	C4	243
1	16	C4	244
1	16	C4	245
1	16	C4	246
1	16	C4	247
1	16	C4	248
1	16	C4	249
1	16	C4	250
1	16	C4	251
1	16	C4	252
1	16	C4	253
1	16	C4	254
1	16	C4	255
1	16	C4	256
1	16	C4	257
1	16	C4	258
1	16	C4	259
1	16	C4	260
1	16	C4	261
1	16	C4	262
1	16	C4	263
1	16	C4	264
1	16	C4	265
1	16	C4	266
1	16	C4	267
1	16	C4	268
1	16	C4	269
1	16	C4	270
1	16	C4	271
1	16	C4	272
1	16	C4	273
1	16	C4	274
1	16	C4	275
1	16	C4	276
1	16	C4	277
1	16	C4	278
1	16	C4	279
1	16	C4	280
1	16	C4	281
1	16	C4	282
1	16	C4	283
1	16	C4	284
1	16	C4	285
1	16	C4	286
1	16	C4	287
1	16	C4	288
1	16	C4	289
1	16	C4	290
1	16	C4	291
1	16	C4	292
1	16	C4	293
1	16	C4	294
1	16	C4	295
1	16	C4	296
1	16	C4	297
1	16	C4	298
1	16	C4	299
1	16	C4	300
1	16	C4	301
1	16	C4	302
1	16	C4	303
1	16	C4	304
1	16	C4	305
1	16	C4	306
1	16	C4	307
1	16	C4	308
1	16	C4	309
1	16	C4	310
1	16	C4	311
1	16	C4	312
1	16	C4	313
1	16	C4	314
1	16	C4	315
1	16	C4	316
1	16	C4	317
1	16	C4	318
1	16	C4	319
1	16	C4	320
1	16	C4	321
1	16	C4	322
1	16	C4	323
1	16	C4	324
1	16	C4	325
1	16	C4	326
1	16	C4	327
1	16	C4	328
1	16	C4	329
1	16	C4	330
1	16	C4	331
1	16	C4	332
1	16	C4	333
1	16	C4	334
1	16	C4	335
1	16	C4	336
1	16	C4	337
1	16	C4	338
1	16	C4	339
1	16	C4	340
1	16	C4	341
1	16	C4	342
1	16	C4	343
1	16	C4	344
1	16	C4	345
1	16	C4	346
1	16	C4	347
1	16	C4	348
1	17	A1	0
1	17	A1	1
1	17	A1	2
1	17	A1	3
1	17	A1	4
1	17	A1	5
1	17	A1	6
1	17	A1	7
1	17	A1	8
1	17	A1	9
1	17	A1	10
1	17	A1	11
1	17	A1	12
1	17	A1	13
1	17	A1	14
1	17	A1	15
1	17	A1	16
1	17	A1	17
1	17	A1	18
1	17	A1	19
1	17	A1	20
1	17	A1	21
1	17	A1	22
1	17	A1	23
1	17	A1	24
1	17	A1	25
1	17	A1	26
1	17	A1	27
1	17	A1	28
1	17	A1	29
1	17	A1	30
1	17	A1	31
1	17	A1	32
1	17	A1	33
1	17	A1	34
1	17	A1	35
1	17	A1	36
1	17	A1	37
1	17	A1	38
1	17	A1	39
1	17	A1	40
1	17	A1	41
1	17	A1	42
1	17	A1	43
1	17	A1	44
1	17	A1	45
1	17	A1	46
1	17	A1	47
1	17	A1	48
1	17	A1	49
1	17	A1	50
1	17	A1	51
1	17	A1	52
1	17	A1	53
1	17	A1	54
1	17	A1	55
1	17	A1	56
1	17	A1	57
1	17	A1	58
1	17	A1	59
1	17	A1	60
1	17	A1	61
1	17	A1	62
1	17	A1	63
1	17	A1	64
1	17	A1	65
1	17	A1	66
1	17	A1	67
1	17	A1	68
1	17	A1	69
1	17	A1	70
1	17	A1	71
1	17	A1	72
1	17	A1	73
1	17	A1	74
1	17	A1	75
1	17	A1	76
1	17	A1	77
1	17	A1	78
1	17	A1	79
1	17	A1	80
1	17	A1	81
1	17	A1	82
1	17	A1	83
1	17	A1	84
1	17	A1	85
1	17	A1	86
1	17	A1	87
1	17	A1	88
1	17	A1	89
1	17	A1	90
1	17	A1	91
1	17	A1	92
1	17	A1	93
1	17	A1	94
1	17	A1	95
1	17	A1	96
1	17	A1	97
1	17	A1	98
1	17	A1	99
1	17	A1	100
1	17	A1	101
1	17	A1	102
1	17	A1	103
1	17	A1	104
1	17	A1	105
1	17	A1	106
1	17	A1	107
1	17	A1	108
1	17	A1	109
1	17	A1	110
1	17	A1	111
1	17	A1	112
1	17	A1	113
1	17	A1	114
1	17	A1	115
1	17	A1	116
1	17	A1	117
1	17	A1	118
1	17	A1	119
1	17	A1	120
1	17	A1	121
1	17	A1	122
1	17	A1	123
1	17	A1	124
1	17	A1	125
1	17	A1	126
1	17	A1	127
1	17	A1	128
1	17	A1	129
1	17	A1	130
1	17	A1	131
1	17	A1	132
1	17	A1	133
1	17	A1	134
1	17	A1	135
1	17	A1	136
1	17	A1	137
1	17	A1	138
1	17	A1	139
1	17	A1	140
1	17	A1	141
1	17	A1	142
1	17	A1	143
1	17	A1	144
1	17	A1	145
1	17	A1	146
1	17	A1	147
1	17	A1	148
1	17	A1	149
1	17	A1	150
1	17	A1	151
1	17	A1	152
1	17	A1	153
1	17	A1	154
1	17	A1	155
1	17	A1	156
1	17	A1	157
1	17	A1	158
1	17	A1	159
1	17	A1	160
1	17	A1	161
1	17	A1	162
1	17	A1	163
1	17	A1	164
1	17	A1	165
1	17	A1	166
1	17	A1	167
1	17	A1	168
1	17	A1	169
1	17	A1	170
1	17	A1	171
1	17	A1	172
1	17	A1	173
1	17	A1	174
1	17	A1	175
1	17	A1	176
1	17	A1	177
1	17	A1	178
1	17	A1	179
1	17	A1	180
1	17	A1	181
1	17	A1	182
1	17	A1	183
1	17	A1	184
1	17	A1	185
1	17	A1	186
1	17	A1	187
1	17	A1	188
1	17	A1	189
1	17	A1	190
1	17	A1	191
1	17	A1	192
1	17	A1	193
1	17	A1	194
1	17	A1	195
1	17	A1	196
1	17	A1	197
1	17	A1	198
1	17	A1	199
1	17	A1	200
1	17	A1	201
1	17	A1	202
1	17	A1	203
1	17	A1	204
1	17	A1	205
1	17	A1	206
1	17	A1	207
1	17	A1	208
1	17	A1	209
1	17	A1	210
1	17	A1	211
1	17	A1	212
1	17	A1	213
1	17	A1	214
1	17	A1	215
1	17	A1	216
1	17	A1	217
1	17	A1	218
1	17	A1	219
1	17	A1	220
1	17	A1	221
1	17	A1	222
1	17	A1	223
1	17	A1	224
1	17	A1	225
1	17	A1	226
1	17	A1	227
1	17	A1	228
1	17	A1	229
1	17	A1	230
1	17	A1	231
1	17	A1	232
1	17	A1	233
1	17	A1	234
1	17	A1	235
1	17	A1	236
1	17	A1	237
1	17	A1	238
1	17	A1	239
1	17	A1	240
1	17	A1	241
1	17	A1	242
1	17	A1	243
1	17	A1	244
1	17	A1	245
1	17	A1	246
1	17	A1	247
1	17	A1	248
1	17	A1	249
1	17	A1	250
1	17	A1	251
1	17	A1	252
1	17	A1	253
1	17	A1	254
1	17	A1	255
1	17	A1	256
1	17	A1	257
1	17	A1	258
1	17	A1	259
1	17	A1	260
1	17	A1	261
1	17	A1	262
1	17	A1	263
1	17	A1	264
1	17	A1	265
1	17	A1	266
1	17	A1	267
1	17	A1	268
1	17	A1	269
1	17	A1	270
1	17	A1	271
1	17	A1	272
1	17	A1	273
1	17	A1	274
1	17	A1	275
1	17	A1	276
1	17	A1	277
1	17	A1	278
1	17	A1	279
1	17	A1	280
1	17	A1	281
1	17	A1	282
1	17	A1	283
1	17	A1	284
1	17	A1	285
1	17	A1	286
1	17	A1	287
1	17	A1	288
1	17	A1	289
1	17	A1	290
1	17	A1	291
1	17	A1	292
1	17	A1	293
1	17	A1	294
1	17	A1	295
1	17	A1	296
1	17	A1	297
1	17	A1	298
1	17	A1	299
1	17	A1	300
1	17	A1	301
1	17	A1	302
1	17	A1	303
1	17	A1	304
1	17	A1	305
1	17	A1	306
1	17	A1	307
1	17	A1	308
1	17	A1	309
1	17	A1	310
1	17	A1	311
1	17	A1	312
1	17	A1	313
1	17	A1	314
1	17	A1	315
1	17	A1	316
1	17	A1	317
1	17	A1	318
1	17	A1	319
1	17	A1	320
1	17	A1	321
1	17	A1	322
1	17	A1	323
1	17	A1	324
1	17	A1	325
1	17	A1	326
1	17	A1	327
1	17	A1	328
1	17	A1	329
1	17	A1	330
1	17	A1	331
1	17	A1	332
1	17	A1	333
1	17	A1	334
1	17	A1	335
1	17	A1	336
1	17	A1	337
1	17	A1	338
1	17	A1	339
1	17	A1	340
1	17	A1	341
1	17	A1	342
1	17	A1	343
1	17	A1	344
1	17	A1	345
1	17	A1	346
1	17	A1	347
1	17	A1	348
1	17	A2	0
1	17	A2	1
1	17	A2	2
1	17	A2	3
1	17	A2	4
1	17	A2	5
1	17	A2	6
1	17	A2	7
1	17	A2	8
1	17	A2	9
1	17	A2	10
1	17	A2	11
1	17	A2	12
1	17	A2	13
1	17	A2	14
1	17	A2	15
1	17	A2	16
1	17	A2	17
1	17	A2	18
1	17	A2	19
1	17	A2	20
1	17	A2	21
1	17	A2	22
1	17	A2	23
1	17	A2	24
1	17	A2	25
1	17	A2	26
1	17	A2	27
1	17	A2	28
1	17	A2	29
1	17	A2	30
1	17	A2	31
1	17	A2	32
1	17	A2	33
1	17	A2	34
1	17	A2	35
1	17	A2	36
1	17	A2	37
1	17	A2	38
1	17	A2	39
1	17	A2	40
1	17	A2	41
1	17	A2	42
1	17	A2	43
1	17	A2	44
1	17	A2	45
1	17	A2	46
1	17	A2	47
1	17	A2	48
1	17	A2	49
1	17	A2	50
1	17	A2	51
1	17	A2	52
1	17	A2	53
1	17	A2	54
1	17	A2	55
1	17	A2	56
1	17	A2	57
1	17	A2	58
1	17	A2	59
1	17	A2	60
1	17	A2	61
1	17	A2	62
1	17	A2	63
1	17	A2	64
1	17	A2	65
1	17	A2	66
1	17	A2	67
1	17	A2	68
1	17	A2	69
1	17	A2	70
1	17	A2	71
1	17	A2	72
1	17	A2	73
1	17	A2	74
1	17	A2	75
1	17	A2	76
1	17	A2	77
1	17	A2	78
1	17	A2	79
1	17	A2	80
1	17	A2	81
1	17	A2	82
1	17	A2	83
1	17	A2	84
1	17	A2	85
1	17	A2	86
1	17	A2	87
1	17	A2	88
1	17	A2	89
1	17	A2	90
1	17	A2	91
1	17	A2	92
1	17	A2	93
1	17	A2	94
1	17	A2	95
1	17	A2	96
1	17	A2	97
1	17	A2	98
1	17	A2	99
1	17	A2	100
1	17	A2	101
1	17	A2	102
1	17	A2	103
1	17	A2	104
1	17	A2	105
1	17	A2	106
1	17	A2	107
1	17	A2	108
1	17	A2	109
1	17	A2	110
1	17	A2	111
1	17	A2	112
1	17	A2	113
1	17	A2	114
1	17	A2	115
1	17	A2	116
1	17	A2	117
1	17	A2	118
1	17	A2	119
1	17	A2	120
1	17	A2	121
1	17	A2	122
1	17	A2	123
1	17	A2	124
1	17	A2	125
1	17	A2	126
1	17	A2	127
1	17	A2	128
1	17	A2	129
1	17	A2	130
1	17	A2	131
1	17	A2	132
1	17	A2	133
1	17	A2	134
1	17	A2	135
1	17	A2	136
1	17	A2	137
1	17	A2	138
1	17	A2	139
1	17	A2	140
1	17	A2	141
1	17	A2	142
1	17	A2	143
1	17	A2	144
1	17	A2	145
1	17	A2	146
1	17	A2	147
1	17	A2	148
1	17	A2	149
1	17	A2	150
1	17	A2	151
1	17	A2	152
1	17	A2	153
1	17	A2	154
1	17	A2	155
1	17	A2	156
1	17	A2	157
1	17	A2	158
1	17	A2	159
1	17	A2	160
1	17	A2	161
1	17	A2	162
1	17	A2	163
1	17	A2	164
1	17	A2	165
1	17	A2	166
1	17	A2	167
1	17	A2	168
1	17	A2	169
1	17	A2	170
1	17	A2	171
1	17	A2	172
1	17	A2	173
1	17	A2	174
1	17	A2	175
1	17	A2	176
1	17	A2	177
1	17	A2	178
1	17	A2	179
1	17	A2	180
1	17	A2	181
1	17	A2	182
1	17	A2	183
1	17	A2	184
1	17	A2	185
1	17	A2	186
1	17	A2	187
1	17	A2	188
1	17	A2	189
1	17	A2	190
1	17	A2	191
1	17	A2	192
1	17	A2	193
1	17	A2	194
1	17	A2	195
1	17	A2	196
1	17	A2	197
1	17	A2	198
1	17	A2	199
1	17	A2	200
1	17	A2	201
1	17	A2	202
1	17	A2	203
1	17	A2	204
1	17	A2	205
1	17	A2	206
1	17	A2	207
1	17	A2	208
1	17	A2	209
1	17	A2	210
1	17	A2	211
1	17	A2	212
1	17	A2	213
1	17	A2	214
1	17	A2	215
1	17	A2	216
1	17	A2	217
1	17	A2	218
1	17	A2	219
1	17	A2	220
1	17	A2	221
1	17	A2	222
1	17	A2	223
1	17	A2	224
1	17	A2	225
1	17	A2	226
1	17	A2	227
1	17	A2	228
1	17	A2	229
1	17	A2	230
1	17	A2	231
1	17	A2	232
1	17	A2	233
1	17	A2	234
1	17	A2	235
1	17	A2	236
1	17	A2	237
1	17	A2	238
1	17	A2	239
1	17	A2	240
1	17	A2	241
1	17	A2	242
1	17	A2	243
1	17	A2	244
1	17	A2	245
1	17	A2	246
1	17	A2	247
1	17	A2	248
1	17	A2	249
1	17	A2	250
1	17	A2	251
1	17	A2	252
1	17	A2	253
1	17	A2	254
1	17	A2	255
1	17	A2	256
1	17	A2	257
1	17	A2	258
1	17	A2	259
1	17	A2	260
1	17	A2	261
1	17	A2	262
1	17	A2	263
1	17	A2	264
1	17	A2	265
1	17	A2	266
1	17	A2	267
1	17	A2	268
1	17	A2	269
1	17	A2	270
1	17	A2	271
1	17	A2	272
1	17	A2	273
1	17	A2	274
1	17	A2	275
1	17	A2	276
1	17	A2	277
1	17	A2	278
1	17	A2	279
1	17	A2	280
1	17	A2	281
1	17	A2	282
1	17	A2	283
1	17	A2	284
1	17	A2	285
1	17	A2	286
1	17	A2	287
1	17	A2	288
1	17	A2	289
1	17	A2	290
1	17	A2	291
1	17	A2	292
1	17	A2	293
1	17	A2	294
1	17	A2	295
1	17	A2	296
1	17	A2	297
1	17	A2	298
1	17	A2	299
1	17	A2	300
1	17	A2	301
1	17	A2	302
1	17	A2	303
1	17	A2	304
1	17	A2	305
1	17	A2	306
1	17	A2	307
1	17	A2	308
1	17	A2	309
1	17	A2	310
1	17	A2	311
1	17	A2	312
1	17	A2	313
1	17	A2	314
1	17	A2	315
1	17	A2	316
1	17	A2	317
1	17	A2	318
1	17	A2	319
1	17	A2	320
1	17	A2	321
1	17	A2	322
1	17	A2	323
1	17	A2	324
1	17	A2	325
1	17	A2	326
1	17	A2	327
1	17	A2	328
1	17	A2	329
1	17	A2	330
1	17	A2	331
1	17	A2	332
1	17	A2	333
1	17	A2	334
1	17	A2	335
1	17	A2	336
1	17	A2	337
1	17	A2	338
1	17	A2	339
1	17	A2	340
1	17	A2	341
1	17	A2	342
1	17	A2	343
1	17	A2	344
1	17	A2	345
1	17	A2	346
1	17	A2	347
1	17	A2	348
1	17	C2	0
1	17	C2	1
1	17	C2	2
1	17	C2	3
1	17	C2	4
1	17	C2	5
1	17	C2	6
1	17	C2	7
1	17	C2	8
1	17	C2	9
1	17	C2	10
1	17	C2	11
1	17	C2	12
1	17	C2	13
1	17	C2	14
1	17	C2	15
1	17	C2	16
1	17	C2	17
1	17	C2	18
1	17	C2	19
1	17	C2	20
1	17	C2	21
1	17	C2	22
1	17	C2	23
1	17	C2	24
1	17	C2	25
1	17	C2	26
1	17	C2	27
1	17	C2	28
1	17	C2	29
1	17	C2	30
1	17	C2	31
1	17	C2	32
1	17	C2	33
1	17	C2	34
1	17	C2	35
1	17	C2	36
1	17	C2	37
1	17	C2	38
1	17	C2	39
1	17	C2	40
1	17	C2	41
1	17	C2	42
1	17	C2	43
1	17	C2	44
1	17	C2	45
1	17	C2	46
1	17	C2	47
1	17	C2	48
1	17	C2	49
1	17	C2	50
1	17	C2	51
1	17	C2	52
1	17	C2	53
1	17	C2	54
1	17	C2	55
1	17	C2	56
1	17	C2	57
1	17	C2	58
1	17	C2	59
1	17	C2	60
1	17	C2	61
1	17	C2	62
1	17	C2	63
1	17	C2	64
1	17	C2	65
1	17	C2	66
1	17	C2	67
1	17	C2	68
1	17	C2	69
1	17	C2	70
1	17	C2	71
1	17	C2	72
1	17	C2	73
1	17	C2	74
1	17	C2	75
1	17	C2	76
1	17	C2	77
1	17	C2	78
1	17	C2	79
1	17	C2	80
1	17	C2	81
1	17	C2	82
1	17	C2	83
1	17	C2	84
1	17	C2	85
1	17	C2	86
1	17	C2	87
1	17	C2	88
1	17	C2	89
1	17	C2	90
1	17	C2	91
1	17	C2	92
1	17	C2	93
1	17	C2	94
1	17	C2	95
1	17	C2	96
1	17	C2	97
1	17	C2	98
1	17	C2	99
1	17	C2	100
1	17	C2	101
1	17	C2	102
1	17	C2	103
1	17	C2	104
1	17	C2	105
1	17	C2	106
1	17	C2	107
1	17	C2	108
1	17	C2	109
1	17	C2	110
1	17	C2	111
1	17	C2	112
1	17	C2	113
1	17	C2	114
1	17	C2	115
1	17	C2	116
1	17	C2	117
1	17	C2	118
1	17	C2	119
1	17	C2	120
1	17	C2	121
1	17	C2	122
1	17	C2	123
1	17	C2	124
1	17	C2	125
1	17	C2	126
1	17	C2	127
1	17	C2	128
1	17	C2	129
1	17	C2	130
1	17	C2	131
1	17	C2	132
1	17	C2	133
1	17	C2	134
1	17	C2	135
1	17	C2	136
1	17	C2	137
1	17	C2	138
1	17	C2	139
1	17	C2	140
1	17	C2	141
1	17	C2	142
1	17	C2	143
1	17	C2	144
1	17	C2	145
1	17	C2	146
1	17	C2	147
1	17	C2	148
1	17	C2	149
1	17	C2	150
1	17	C2	151
1	17	C2	152
1	17	C2	153
1	17	C2	154
1	17	C2	155
1	17	C2	156
1	17	C2	157
1	17	C2	158
1	17	C2	159
1	17	C2	160
1	17	C2	161
1	17	C2	162
1	17	C2	163
1	17	C2	164
1	17	C2	165
1	17	C2	166
1	17	C2	167
1	17	C2	168
1	17	C2	169
1	17	C2	170
1	17	C2	171
1	17	C2	172
1	17	C2	173
1	17	C2	174
1	17	C2	175
1	17	C2	176
1	17	C2	177
1	17	C2	178
1	17	C2	179
1	17	C2	180
1	17	C2	181
1	17	C2	182
1	17	C2	183
1	17	C2	184
1	17	C2	185
1	17	C2	186
1	17	C2	187
1	17	C2	188
1	17	C2	189
1	17	C2	190
1	17	C2	191
1	17	C2	192
1	17	C2	193
1	17	C2	194
1	17	C2	195
1	17	C2	196
1	17	C2	197
1	17	C2	198
1	17	C2	199
1	17	C2	200
1	17	C2	201
1	17	C2	202
1	17	C2	203
1	17	C2	204
1	17	C2	205
1	17	C2	206
1	17	C2	207
1	17	C2	208
1	17	C2	209
1	17	C2	210
1	17	C2	211
1	17	C2	212
1	17	C2	213
1	17	C2	214
1	17	C2	215
1	17	C2	216
1	17	C2	217
1	17	C2	218
1	17	C2	219
1	17	C2	220
1	17	C2	221
1	17	C2	222
1	17	C2	223
1	17	C2	224
1	17	C2	225
1	17	C2	226
1	17	C2	227
1	17	C2	228
1	17	C2	229
1	17	C2	230
1	17	C2	231
1	17	C2	232
1	17	C2	233
1	17	C2	234
1	17	C2	235
1	17	C2	236
1	17	C2	237
1	17	C2	238
1	17	C2	239
1	17	C2	240
1	17	C2	241
1	17	C2	242
1	17	C2	243
1	17	C2	244
1	17	C2	245
1	17	C2	246
1	17	C2	247
1	17	C2	248
1	17	C2	249
1	17	C2	250
1	17	C2	251
1	17	C2	252
1	17	C2	253
1	17	C2	254
1	17	C2	255
1	17	C2	256
1	17	C2	257
1	17	C2	258
1	17	C2	259
1	17	C2	260
1	17	C2	261
1	17	C2	262
1	17	C2	263
1	17	C2	264
1	17	C2	265
1	17	C2	266
1	17	C2	267
1	17	C2	268
1	17	C2	269
1	17	C2	270
1	17	C2	271
1	17	C2	272
1	17	C2	273
1	17	C2	274
1	17	C2	275
1	17	C2	276
1	17	C2	277
1	17	C2	278
1	17	C2	279
1	17	C2	280
1	17	C2	281
1	17	C2	282
1	17	C2	283
1	17	C2	284
1	17	C2	285
1	17	C2	286
1	17	C2	287
1	17	C2	288
1	17	C2	289
1	17	C2	290
1	17	C2	291
1	17	C2	292
1	17	C2	293
1	17	C2	294
1	17	C2	295
1	17	C2	296
1	17	C2	297
1	17	C2	298
1	17	C2	299
1	17	C2	300
1	17	C2	301
1	17	C2	302
1	17	C2	303
1	17	C2	304
1	17	C2	305
1	17	C2	306
1	17	C2	307
1	17	C2	308
1	17	C2	309
1	17	C2	310
1	17	C2	311
1	17	C2	312
1	17	C2	313
1	17	C2	314
1	17	C2	315
1	17	C2	316
1	17	C2	317
1	17	C2	318
1	17	C2	319
1	17	C2	320
1	17	C2	321
1	17	C2	322
1	17	C2	323
1	17	C2	324
1	17	C2	325
1	17	C2	326
1	17	C2	327
1	17	C2	328
1	17	C2	329
1	17	C2	330
1	17	C2	331
1	17	C2	332
1	17	C2	333
1	17	C2	334
1	17	C2	335
1	17	C2	336
1	17	C2	337
1	17	C2	338
1	17	C2	339
1	17	C2	340
1	17	C2	341
1	17	C2	342
1	17	C2	343
1	17	C2	344
1	17	C2	345
1	17	C2	346
1	17	C2	347
1	17	C2	348
1	17	C3	0
1	17	C3	1
1	17	C3	2
1	17	C3	3
1	17	C3	4
1	17	C3	5
1	17	C3	6
1	17	C3	7
1	17	C3	8
1	17	C3	9
1	17	C3	10
1	17	C3	11
1	17	C3	12
1	17	C3	13
1	17	C3	14
1	17	C3	15
1	17	C3	16
1	17	C3	17
1	17	C3	18
1	17	C3	19
1	17	C3	20
1	17	C3	21
1	17	C3	22
1	17	C3	23
1	17	C3	24
1	17	C3	25
1	17	C3	26
1	17	C3	27
1	17	C3	28
1	17	C3	29
1	17	C3	30
1	17	C3	31
1	17	C3	32
1	17	C3	33
1	17	C3	34
1	17	C3	35
1	17	C3	36
1	17	C3	37
1	17	C3	38
1	17	C3	39
1	17	C3	40
1	17	C3	41
1	17	C3	42
1	17	C3	43
1	17	C3	44
1	17	C3	45
1	17	C3	46
1	17	C3	47
1	17	C3	48
1	17	C3	49
1	17	C3	50
1	17	C3	51
1	17	C3	52
1	17	C3	53
1	17	C3	54
1	17	C3	55
1	17	C3	56
1	17	C3	57
1	17	C3	58
1	17	C3	59
1	17	C3	60
1	17	C3	61
1	17	C3	62
1	17	C3	63
1	17	C3	64
1	17	C3	65
1	17	C3	66
1	17	C3	67
1	17	C3	68
1	17	C3	69
1	17	C3	70
1	17	C3	71
1	17	C3	72
1	17	C3	73
1	17	C3	74
1	17	C3	75
1	17	C3	76
1	17	C3	77
1	17	C3	78
1	17	C3	79
1	17	C3	80
1	17	C3	81
1	17	C3	82
1	17	C3	83
1	17	C3	84
1	17	C3	85
1	17	C3	86
1	17	C3	87
1	17	C3	88
1	17	C3	89
1	17	C3	90
1	17	C3	91
1	17	C3	92
1	17	C3	93
1	17	C3	94
1	17	C3	95
1	17	C3	96
1	17	C3	97
1	17	C3	98
1	17	C3	99
1	17	C3	100
1	17	C3	101
1	17	C3	102
1	17	C3	103
1	17	C3	104
1	17	C3	105
1	17	C3	106
1	17	C3	107
1	17	C3	108
1	17	C3	109
1	17	C3	110
1	17	C3	111
1	17	C3	112
1	17	C3	113
1	17	C3	114
1	17	C3	115
1	17	C3	116
1	17	C3	117
1	17	C3	118
1	17	C3	119
1	17	C3	120
1	17	C3	121
1	17	C3	122
1	17	C3	123
1	17	C3	124
1	17	C3	125
1	17	C3	126
1	17	C3	127
1	17	C3	128
1	17	C3	129
1	17	C3	130
1	17	C3	131
1	17	C3	132
1	17	C3	133
1	17	C3	134
1	17	C3	135
1	17	C3	136
1	17	C3	137
1	17	C3	138
1	17	C3	139
1	17	C3	140
1	17	C3	141
1	17	C3	142
1	17	C3	143
1	17	C3	144
1	17	C3	145
1	17	C3	146
1	17	C3	147
1	17	C3	148
1	17	C3	149
1	17	C3	150
1	17	C3	151
1	17	C3	152
1	17	C3	153
1	17	C3	154
1	17	C3	155
1	17	C3	156
1	17	C3	157
1	17	C3	158
1	17	C3	159
1	17	C3	160
1	17	C3	161
1	17	C3	162
1	17	C3	163
1	17	C3	164
1	17	C3	165
1	17	C3	166
1	17	C3	167
1	17	C3	168
1	17	C3	169
1	17	C3	170
1	17	C3	171
1	17	C3	172
1	17	C3	173
1	17	C3	174
1	17	C3	175
1	17	C3	176
1	17	C3	177
1	17	C3	178
1	17	C3	179
1	17	C3	180
1	17	C3	181
1	17	C3	182
1	17	C3	183
1	17	C3	184
1	17	C3	185
1	17	C3	186
1	17	C3	187
1	17	C3	188
1	17	C3	189
1	17	C3	190
1	17	C3	191
1	17	C3	192
1	17	C3	193
1	17	C3	194
1	17	C3	195
1	17	C3	196
1	17	C3	197
1	17	C3	198
1	17	C3	199
1	17	C3	200
1	17	C3	201
1	17	C3	202
1	17	C3	203
1	17	C3	204
1	17	C3	205
1	17	C3	206
1	17	C3	207
1	17	C3	208
1	17	C3	209
1	17	C3	210
1	17	C3	211
1	17	C3	212
1	17	C3	213
1	17	C3	214
1	17	C3	215
1	17	C3	216
1	17	C3	217
1	17	C3	218
1	17	C3	219
1	17	C3	220
1	17	C3	221
1	17	C3	222
1	17	C3	223
1	17	C3	224
1	17	C3	225
1	17	C3	226
1	17	C3	227
1	17	C3	228
1	17	C3	229
1	17	C3	230
1	17	C3	231
1	17	C3	232
1	17	C3	233
1	17	C3	234
1	17	C3	235
1	17	C3	236
1	17	C3	237
1	17	C3	238
1	17	C3	239
1	17	C3	240
1	17	C3	241
1	17	C3	242
1	17	C3	243
1	17	C3	244
1	17	C3	245
1	17	C3	246
1	17	C3	247
1	17	C3	248
1	17	C3	249
1	17	C3	250
1	17	C3	251
1	17	C3	252
1	17	C3	253
1	17	C3	254
1	17	C3	255
1	17	C3	256
1	17	C3	257
1	17	C3	258
1	17	C3	259
1	17	C3	260
1	17	C3	261
1	17	C3	262
1	17	C3	263
1	17	C3	264
1	17	C3	265
1	17	C3	266
1	17	C3	267
1	17	C3	268
1	17	C3	269
1	17	C3	270
1	17	C3	271
1	17	C3	272
1	17	C3	273
1	17	C3	274
1	17	C3	275
1	17	C3	276
1	17	C3	277
1	17	C3	278
1	17	C3	279
1	17	C3	280
1	17	C3	281
1	17	C3	282
1	17	C3	283
1	17	C3	284
1	17	C3	285
1	17	C3	286
1	17	C3	287
1	17	C3	288
1	17	C3	289
1	17	C3	290
1	17	C3	291
1	17	C3	292
1	17	C3	293
1	17	C3	294
1	17	C3	295
1	17	C3	296
1	17	C3	297
1	17	C3	298
1	17	C3	299
1	17	C3	300
1	17	C3	301
1	17	C3	302
1	17	C3	303
1	17	C3	304
1	17	C3	305
1	17	C3	306
1	17	C3	307
1	17	C3	308
1	17	C3	309
1	17	C3	310
1	17	C3	311
1	17	C3	312
1	17	C3	313
1	17	C3	314
1	17	C3	315
1	17	C3	316
1	17	C3	317
1	17	C3	318
1	17	C3	319
1	17	C3	320
1	17	C3	321
1	17	C3	322
1	17	C3	323
1	17	C3	324
1	17	C3	325
1	17	C3	326
1	17	C3	327
1	17	C3	328
1	17	C3	329
1	17	C3	330
1	17	C3	331
1	17	C3	332
1	17	C3	333
1	17	C3	334
1	17	C3	335
1	17	C3	336
1	17	C3	337
1	17	C3	338
1	17	C3	339
1	17	C3	340
1	17	C3	341
1	17	C3	342
1	17	C3	343
1	17	C3	344
1	17	C3	345
1	17	C3	346
1	17	C3	347
1	17	C3	348
1	17	C4	0
1	17	C4	1
1	17	C4	2
1	17	C4	3
1	17	C4	4
1	17	C4	5
1	17	C4	6
1	17	C4	7
1	17	C4	8
1	17	C4	9
1	17	C4	10
1	17	C4	11
1	17	C4	12
1	17	C4	13
1	17	C4	14
1	17	C4	15
1	17	C4	16
1	17	C4	17
1	17	C4	18
1	17	C4	19
1	17	C4	20
1	17	C4	21
1	17	C4	22
1	17	C4	23
1	17	C4	24
1	17	C4	25
1	17	C4	26
1	17	C4	27
1	17	C4	28
1	17	C4	29
1	17	C4	30
1	17	C4	31
1	17	C4	32
1	17	C4	33
1	17	C4	34
1	17	C4	35
1	17	C4	36
1	17	C4	37
1	17	C4	38
1	17	C4	39
1	17	C4	40
1	17	C4	41
1	17	C4	42
1	17	C4	43
1	17	C4	44
1	17	C4	45
1	17	C4	46
1	17	C4	47
1	17	C4	48
1	17	C4	49
1	17	C4	50
1	17	C4	51
1	17	C4	52
1	17	C4	53
1	17	C4	54
1	17	C4	55
1	17	C4	56
1	17	C4	57
1	17	C4	58
1	17	C4	59
1	17	C4	60
1	17	C4	61
1	17	C4	62
1	17	C4	63
1	17	C4	64
1	17	C4	65
1	17	C4	66
1	17	C4	67
1	17	C4	68
1	17	C4	69
1	17	C4	70
1	17	C4	71
1	17	C4	72
1	17	C4	73
1	17	C4	74
1	17	C4	75
1	17	C4	76
1	17	C4	77
1	17	C4	78
1	17	C4	79
1	17	C4	80
1	17	C4	81
1	17	C4	82
1	17	C4	83
1	17	C4	84
1	17	C4	85
1	17	C4	86
1	17	C4	87
1	17	C4	88
1	17	C4	89
1	17	C4	90
1	17	C4	91
1	17	C4	92
1	17	C4	93
1	17	C4	94
1	17	C4	95
1	17	C4	96
1	17	C4	97
1	17	C4	98
1	17	C4	99
1	17	C4	100
1	17	C4	101
1	17	C4	102
1	17	C4	103
1	17	C4	104
1	17	C4	105
1	17	C4	106
1	17	C4	107
1	17	C4	108
1	17	C4	109
1	17	C4	110
1	17	C4	111
1	17	C4	112
1	17	C4	113
1	17	C4	114
1	17	C4	115
1	17	C4	116
1	17	C4	117
1	17	C4	118
1	17	C4	119
1	17	C4	120
1	17	C4	121
1	17	C4	122
1	17	C4	123
1	17	C4	124
1	17	C4	125
1	17	C4	126
1	17	C4	127
1	17	C4	128
1	17	C4	129
1	17	C4	130
1	17	C4	131
1	17	C4	132
1	17	C4	133
1	17	C4	134
1	17	C4	135
1	17	C4	136
1	17	C4	137
1	17	C4	138
1	17	C4	139
1	17	C4	140
1	17	C4	141
1	17	C4	142
1	17	C4	143
1	17	C4	144
1	17	C4	145
1	17	C4	146
1	17	C4	147
1	17	C4	148
1	17	C4	149
1	17	C4	150
1	17	C4	151
1	17	C4	152
1	17	C4	153
1	17	C4	154
1	17	C4	155
1	17	C4	156
1	17	C4	157
1	17	C4	158
1	17	C4	159
1	17	C4	160
1	17	C4	161
1	17	C4	162
1	17	C4	163
1	17	C4	164
1	17	C4	165
1	17	C4	166
1	17	C4	167
1	17	C4	168
1	17	C4	169
1	17	C4	170
1	17	C4	171
1	17	C4	172
1	17	C4	173
1	17	C4	174
1	17	C4	175
1	17	C4	176
1	17	C4	177
1	17	C4	178
1	17	C4	179
1	17	C4	180
1	17	C4	181
1	17	C4	182
1	17	C4	183
1	17	C4	184
1	17	C4	185
1	17	C4	186
1	17	C4	187
1	17	C4	188
1	17	C4	189
1	17	C4	190
1	17	C4	191
1	17	C4	192
1	17	C4	193
1	17	C4	194
1	17	C4	195
1	17	C4	196
1	17	C4	197
1	17	C4	198
1	17	C4	199
1	17	C4	200
1	17	C4	201
1	17	C4	202
1	17	C4	203
1	17	C4	204
1	17	C4	205
1	17	C4	206
1	17	C4	207
1	17	C4	208
1	17	C4	209
1	17	C4	210
1	17	C4	211
1	17	C4	212
1	17	C4	213
1	17	C4	214
1	17	C4	215
1	17	C4	216
1	17	C4	217
1	17	C4	218
1	17	C4	219
1	17	C4	220
1	17	C4	221
1	17	C4	222
1	17	C4	223
1	17	C4	224
1	17	C4	225
1	17	C4	226
1	17	C4	227
1	17	C4	228
1	17	C4	229
1	17	C4	230
1	17	C4	231
1	17	C4	232
1	17	C4	233
1	17	C4	234
1	17	C4	235
1	17	C4	236
1	17	C4	237
1	17	C4	238
1	17	C4	239
1	17	C4	240
1	17	C4	241
1	17	C4	242
1	17	C4	243
1	17	C4	244
1	17	C4	245
1	17	C4	246
1	17	C4	247
1	17	C4	248
1	17	C4	249
1	17	C4	250
1	17	C4	251
1	17	C4	252
1	17	C4	253
1	17	C4	254
1	17	C4	255
1	17	C4	256
1	17	C4	257
1	17	C4	258
1	17	C4	259
1	17	C4	260
1	17	C4	261
1	17	C4	262
1	17	C4	263
1	17	C4	264
1	17	C4	265
1	17	C4	266
1	17	C4	267
1	17	C4	268
1	17	C4	269
1	17	C4	270
1	17	C4	271
1	17	C4	272
1	17	C4	273
1	17	C4	274
1	17	C4	275
1	17	C4	276
1	17	C4	277
1	17	C4	278
1	17	C4	279
1	17	C4	280
1	17	C4	281
1	17	C4	282
1	17	C4	283
1	17	C4	284
1	17	C4	285
1	17	C4	286
1	17	C4	287
1	17	C4	288
1	17	C4	289
1	17	C4	290
1	17	C4	291
1	17	C4	292
1	17	C4	293
1	17	C4	294
1	17	C4	295
1	17	C4	296
1	17	C4	297
1	17	C4	298
1	17	C4	299
1	17	C4	300
1	17	C4	301
1	17	C4	302
1	17	C4	303
1	17	C4	304
1	17	C4	305
1	17	C4	306
1	17	C4	307
1	17	C4	308
1	17	C4	309
1	17	C4	310
1	17	C4	311
1	17	C4	312
1	17	C4	313
1	17	C4	314
1	17	C4	315
1	17	C4	316
1	17	C4	317
1	17	C4	318
1	17	C4	319
1	17	C4	320
1	17	C4	321
1	17	C4	322
1	17	C4	323
1	17	C4	324
1	17	C4	325
1	17	C4	326
1	17	C4	327
1	17	C4	328
1	17	C4	329
1	17	C4	330
1	17	C4	331
1	17	C4	332
1	17	C4	333
1	17	C4	334
1	17	C4	335
1	17	C4	336
1	17	C4	337
1	17	C4	338
1	17	C4	339
1	17	C4	340
1	17	C4	341
1	17	C4	342
1	17	C4	343
1	17	C4	344
1	17	C4	345
1	17	C4	346
1	17	C4	347
1	17	C4	348
